WorksOrderReference,ServiceRequestNo,PropertiesSK,ContractorSiteCode,JobPriorityCode,JobSORCode,JobType,NumberOfJobs,EstimatedCost,RepairNet,RepairVAT,RepairGross,InvoicedCost,InvoicedLabourCosts,InvoicedMaterialCosts,InvoicedSubcontractorCosts,InvoicedOverheadCosts,LabourHours,ServiceRequestReportedDatetime,WorksOrderRaisedDatetime,WorksOrderTargetDatetime,WorksOrderReportedCompleteDatetime,WorksOrderStatusCode,SLAStatus
WO700001,SR700001,5019,IHREPAIRS,U1,PCCARP,Responsive,1,171.40,179.97,35.99,215.96,176.37,97.00,61.73,0.00,17.64,2.86,2026-03-20T13:29:00,2026-03-20T13:29:00,2026-03-22T13:29:00,2026-03-21T09:29:00,Completed,Met
WO700002,SR700002,5068,IHREPAIRS,Q,PCBRICK,Responsive,1,292.64,307.27,61.45,368.72,301.12,165.62,105.39,0.00,30.11,4.88,2026-03-20T09:20:00,2026-03-20T09:20:00,2026-04-17T09:20:00,2026-04-06T21:20:00,Completed,Met
WO700003,SR700003,5099,KPIF,Q,PCGROUND,Responsive,1,360.68,378.71,75.74,454.45,371.14,204.13,129.90,0.00,37.11,6.01,2026-03-20T12:21:00,2026-03-20T12:21:00,2026-04-17T12:21:00,2026-04-10T17:21:00,Completed,Met
WO700004,SR700004,5052,KPIF,Q,PCVINYL,Responsive,1,186.98,196.33,39.27,235.60,192.40,105.82,67.34,0.00,19.24,3.12,2026-03-20T11:10:00,2026-03-20T11:10:00,2026-04-17T11:10:00,2026-04-03T12:10:00,Completed,Met
WO700005,SR700005,5061,KPIF,U1,PCCARP,Responsive,1,210.27,220.78,44.16,264.94,216.36,119.00,75.73,0.00,21.64,3.50,2026-03-20T12:11:00,2026-03-20T12:11:00,2026-03-22T12:11:00,2026-03-22T05:11:00,Completed,Met
WO700006,SR700006,5072,IHREPAIRS,Q,PCPLUMB,Responsive,1,201.06,211.11,42.22,253.33,206.89,113.79,72.41,0.00,20.69,3.35,2026-03-20T11:18:00,2026-03-20T11:18:00,2026-04-17T11:18:00,2026-04-03T11:18:00,Completed,Met
WO700007,SR700007,5097,CCSS,QEL,PCVINYL,Responsive,1,198.25,208.16,41.63,249.79,204.00,20.40,30.60,132.60,20.40,3.30,2026-03-20T10:57:00,2026-03-20T10:57:00,2026-04-03T10:57:00,2026-03-26T17:57:00,Completed,Met
WO700008,SR700008,5028,KPIF,Q,PCPLAST,Responsive,1,237.11,248.97,49.79,298.76,243.99,134.19,85.40,0.00,24.40,3.95,2026-03-20T09:25:00,2026-03-20T09:25:00,2026-04-17T09:25:00,2026-04-01T23:25:00,Completed,Met
WO700009,SR700009,5036,OPENVIEW,QEL,PCTILE,Responsive,1,132.95,139.60,27.92,167.52,136.81,13.68,20.52,88.93,13.68,2.22,2026-03-20T13:48:00,2026-03-20T13:48:00,2026-04-03T13:48:00,,Open,Open
WO700010,SR700010,5085,KPIF,E,PCBRICK,Responsive,1,294.65,309.38,61.88,371.26,303.19,166.75,106.12,0.00,30.32,4.91,2026-03-20T11:08:00,2026-03-20T11:08:00,2026-03-21T11:08:00,2026-03-21T05:08:00,Completed,Met
WO700011,SR700011,5019,CCSS,U1,PCVINYL,Responsive,1,246.54,258.87,51.77,310.64,253.69,25.37,38.05,164.90,25.37,4.11,2026-03-20T08:45:00,2026-03-20T08:45:00,2026-03-22T08:45:00,2026-03-21T22:45:00,Completed,Met
WO700012,SR700012,5059,KPIF,U1,PCFENCE,Responsive,1,215.66,226.44,45.29,271.73,221.91,122.05,77.67,0.00,22.19,3.59,2026-03-20T11:16:00,2026-03-20T11:16:00,2026-03-22T11:16:00,2026-03-21T17:16:00,Completed,Met
WO700013,SR700013,5007,IHREPAIRS,U1,PCPLAST,Responsive,1,219.10,230.06,46.01,276.07,225.46,124.00,78.91,0.00,22.55,3.65,2026-03-20T14:15:00,2026-03-20T14:15:00,2026-03-22T14:15:00,2026-03-22T03:15:00,Completed,Met
WO700014,SR700014,5078,KPIF,Q,PCELEC,Responsive,1,292.53,307.16,61.43,368.59,301.02,165.56,105.36,0.00,30.10,4.88,2026-03-20T12:52:00,2026-03-20T12:52:00,2026-04-17T12:52:00,2026-04-10T18:52:00,Completed,Met
WO700015,SR700015,5087,KPIF,Q,PCELEC,Responsive,1,298.71,313.65,62.73,376.38,307.38,169.06,107.58,0.00,30.74,4.98,2026-03-20T10:22:00,2026-03-20T10:22:00,2026-04-17T10:22:00,,Open,Open
WO700016,SR700016,5039,CCSS,QEL,PCTILE,Responsive,1,163.16,171.32,34.26,205.58,167.89,16.79,25.18,109.13,16.79,2.72,2026-03-20T10:58:00,2026-03-20T10:58:00,2026-04-03T10:58:00,2026-03-28T15:58:00,Completed,Met
WO700017,SR700017,5023,CCSS,Q,PCPLAST,Responsive,1,180.72,189.76,37.95,227.71,185.96,18.60,27.89,120.87,18.60,3.01,2026-03-20T12:46:00,2026-03-20T12:46:00,2026-04-17T12:46:00,2026-03-29T13:46:00,Completed,Met
WO700018,SR700018,5051,KPIF,Q,PCPLUMB,Responsive,1,196.89,206.73,41.35,248.08,202.60,111.43,70.91,0.00,20.26,3.28,2026-03-20T09:09:00,2026-03-20T09:09:00,2026-04-17T09:09:00,2026-04-10T22:09:00,Completed,Met
WO700019,SR700019,5091,KPIF,UEL,PCVINYL,Responsive,1,304.82,320.06,64.01,384.07,313.66,172.51,109.78,0.00,31.37,5.08,2026-03-20T11:16:00,2026-03-20T11:16:00,2026-03-21T11:16:00,2026-03-21T06:16:00,Completed,Met
WO700020,SR700020,5089,OPENVIEW,U1,PCFENCE,Responsive,1,300.05,315.05,63.01,378.06,308.75,30.88,46.31,200.69,30.87,5.00,2026-03-20T10:34:00,2026-03-20T10:34:00,2026-03-22T10:34:00,2026-03-21T05:34:00,Completed,Met
WO700021,SR700021,5040,CCSS,UEL,PCFENCE,Responsive,1,278.37,292.29,58.46,350.75,286.44,28.64,42.97,186.19,28.64,4.64,2026-03-20T09:09:00,2026-03-20T09:09:00,2026-03-21T09:09:00,2026-03-20T21:09:00,Completed,Met
WO700022,SR700022,5100,PHJONESGAS,Q,PCFENCE,Responsive,1,246.04,258.34,51.67,310.01,253.17,25.32,37.98,164.56,25.32,4.10,2026-03-20T14:00:00,2026-03-20T14:00:00,2026-04-17T14:00:00,2026-04-08T00:00:00,Completed,Met
WO700023,SR700023,5126,CCSS,Q,PCPLAST,Responsive,1,240.35,252.37,50.47,302.84,247.32,24.73,37.10,160.76,24.73,4.01,2026-03-20T14:05:00,2026-03-20T14:05:00,2026-04-17T14:05:00,2026-04-18T15:05:00,Completed,Breached
WO700024,SR700024,5160,BRADLEY,Q,PCELEC,Responsive,1,210.78,221.32,44.26,265.58,216.89,21.69,32.53,140.98,21.69,3.51,2026-03-20T13:59:00,2026-03-20T13:59:00,2026-04-17T13:59:00,2026-04-01T04:59:00,Completed,Met
WO700025,SR700025,5181,KPIF,U1,PCFENCE,Responsive,1,213.92,224.62,44.92,269.54,220.13,121.07,77.05,0.00,22.01,3.57,2026-03-20T12:16:00,2026-03-20T12:16:00,2026-03-22T12:16:00,2026-03-21T05:16:00,Completed,Met
WO700026,SR700026,5146,KPIF,U1,PCGROUND,Responsive,1,458.75,481.69,96.34,578.03,472.06,259.63,165.22,0.00,47.21,7.65,2026-03-20T08:49:00,2026-03-20T08:49:00,2026-03-22T08:49:00,2026-03-22T05:49:00,Completed,Met
WO700027,SR700027,5112,IHREPAIRS,Q,PCGROUND,Responsive,1,451.76,474.35,94.87,569.22,464.86,255.67,162.70,0.00,46.49,7.53,2026-03-20T08:51:00,2026-03-20T08:51:00,2026-04-17T08:51:00,2026-03-27T10:51:00,Completed,Met
WO700028,SR700028,5142,PHJONESGAS,Q,PCELEC,Responsive,1,320.69,336.72,67.34,404.06,329.99,33.00,49.50,214.49,33.00,5.34,2026-03-20T12:20:00,2026-03-20T12:20:00,2026-04-17T12:20:00,2026-04-15T20:20:00,Completed,Met
WO700029,SR700029,5192,KPIF,Q,PCCARP,Responsive,1,84.07,88.27,17.65,105.92,86.50,47.58,30.27,0.00,8.65,1.40,2026-03-20T10:36:00,2026-03-20T10:36:00,2026-04-17T10:36:00,2026-04-01T16:36:00,Completed,Met
WO700030,SR700030,5179,BRADLEY,Q,PCPLAST,Responsive,1,217.75,228.64,45.73,274.37,224.07,22.41,33.61,145.65,22.41,3.63,2026-03-20T11:48:00,2026-03-20T11:48:00,2026-04-17T11:48:00,2026-04-01T23:48:00,Completed,Met
WO700031,SR700031,5181,KPIF,E,PCFENCE,Responsive,1,305.11,320.37,64.07,384.44,313.96,172.68,109.89,0.00,31.40,5.09,2026-03-20T14:17:00,2026-03-20T14:17:00,2026-03-21T14:17:00,2026-03-21T01:17:00,Completed,Met
WO700032,SR700032,5178,IHREPAIRS,UEL,PCPLAST,Responsive,1,184.50,193.72,38.74,232.46,189.85,104.42,66.45,0.00,18.98,3.08,2026-03-20T09:42:00,2026-03-20T09:42:00,2026-03-21T09:42:00,2026-03-21T02:42:00,Completed,Met
WO700033,SR700033,5185,CCSS,U1,PCVINYL,Responsive,1,255.84,268.63,53.73,322.36,263.26,26.33,39.49,171.12,26.33,4.26,2026-03-20T09:13:00,2026-03-20T09:13:00,2026-03-22T09:13:00,2026-03-21T10:13:00,Completed,Met
WO700034,SR700034,5117,CCSS,U1,PCGROUND,Responsive,1,463.45,486.62,97.32,583.94,476.89,47.69,71.53,309.98,47.69,7.72,2026-03-20T12:50:00,2026-03-20T12:50:00,2026-03-22T12:50:00,2026-03-21T10:50:00,Completed,Met
WO700035,SR700035,5128,IHREPAIRS,QEL,PCFENCE,Responsive,1,280.00,294.00,58.80,352.80,288.12,158.47,100.84,0.00,28.81,4.67,2026-03-20T10:25:00,2026-03-20T10:25:00,2026-04-03T10:25:00,2026-03-30T10:25:00,Completed,Met
WO700036,SR700036,5113,OPENVIEW,QEL,PCGROUND,Responsive,1,425.71,447.00,89.40,536.40,438.06,43.81,65.71,284.74,43.81,7.10,2026-03-20T12:59:00,2026-03-20T12:59:00,2026-04-03T12:59:00,2026-03-31T08:59:00,Completed,Met
WO700037,SR700037,5117,KPIF,U1,PCVINYL,Responsive,1,148.57,156.00,31.20,187.20,152.88,84.08,53.51,0.00,15.29,2.48,2026-03-20T14:24:00,2026-03-20T14:24:00,2026-03-22T14:24:00,2026-03-21T21:24:00,Completed,Met
WO700038,SR700038,5157,CCSS,Q,PCPLUMB,Responsive,1,228.73,240.17,48.03,288.20,235.37,23.54,35.31,152.99,23.54,3.81,2026-03-20T10:31:00,2026-03-20T10:31:00,2026-04-17T10:31:00,2026-04-13T18:31:00,Completed,Met
WO700039,SR700039,5158,KPIF,Q,PCTILE,Responsive,1,149.27,156.73,31.35,188.08,153.60,84.48,53.76,0.00,15.36,2.49,2026-03-20T12:30:00,2026-03-20T12:30:00,2026-04-17T12:30:00,2026-04-09T07:30:00,Completed,Met
WO700040,SR700040,5174,KPIF,Q,PCELEC,Responsive,1,259.11,272.07,54.41,326.48,266.63,146.65,93.32,0.00,26.66,4.32,2026-03-20T11:45:00,2026-03-20T11:45:00,2026-04-17T11:45:00,2026-03-31T10:45:00,Completed,Met
WO700041,SR700041,5126,KPIF,QEL,PCPLAST,Responsive,1,167.45,175.82,35.16,210.98,172.30,94.77,60.30,0.00,17.23,2.79,2026-03-20T12:36:00,2026-03-20T12:36:00,2026-04-03T12:36:00,2026-03-31T09:36:00,Completed,Met
WO700042,SR700042,5167,CCSS,UEL,PCCARP,Responsive,1,192.17,201.78,40.36,242.14,197.74,19.77,29.66,128.53,19.77,3.20,2026-03-20T10:49:00,2026-03-20T10:49:00,2026-03-21T10:49:00,2026-03-20T18:49:00,Completed,Met
WO700043,SR700043,5112,BRADLEY,QEL,PCTILE,Responsive,1,174.75,183.49,36.70,220.19,179.82,17.98,26.97,116.88,17.98,2.91,2026-03-20T08:43:00,2026-03-20T08:43:00,2026-04-03T08:43:00,2026-03-26T07:43:00,Completed,Met
WO700044,SR700044,5150,KPIF,Q,PCCARP,Responsive,1,140.23,147.24,29.45,176.69,144.30,79.37,50.51,0.00,14.43,2.34,2026-03-20T09:20:00,2026-03-20T09:20:00,2026-04-17T09:20:00,2026-04-10T11:20:00,Completed,Met
WO700045,SR700045,5218,OPENVIEW,UEL,PCPLUMB,Responsive,1,176.40,185.22,37.04,222.26,181.52,18.15,27.23,117.99,18.15,2.94,2026-03-20T14:26:00,2026-03-20T14:26:00,2026-03-21T14:26:00,2026-03-21T08:26:00,Completed,Met
WO700046,SR700046,5279,KPIF,QEL,PCPLUMB,Responsive,1,193.08,202.73,40.55,243.28,198.68,109.27,69.54,0.00,19.87,3.22,2026-03-20T10:20:00,2026-03-20T10:20:00,2026-04-03T10:20:00,2026-03-30T14:20:00,Completed,Met
WO700047,SR700047,5268,KPIF,U1,PCVINYL,Responsive,1,240.25,252.26,50.45,302.71,247.21,135.97,86.52,0.00,24.72,4.00,2026-03-20T11:04:00,2026-03-20T11:04:00,2026-03-22T11:04:00,2026-03-21T20:04:00,Completed,Met
WO700048,SR700048,5280,OPENVIEW,E,PCELEC,Responsive,1,255.13,267.89,53.58,321.47,262.53,26.25,39.38,170.64,26.25,4.25,2026-03-20T12:45:00,2026-03-20T12:45:00,2026-03-21T12:45:00,2026-03-21T01:45:00,Completed,Met
WO700049,SR700049,5231,KPIF,UEL,PCPLAST,Responsive,1,237.31,249.18,49.84,299.02,244.20,134.31,85.47,0.00,24.42,3.96,2026-03-20T11:30:00,2026-03-20T11:30:00,2026-03-21T11:30:00,2026-03-21T01:30:00,Completed,Met
WO700050,SR700050,5211,KPIF,NG,PCGROUND,Responsive,1,374.54,393.27,78.65,471.92,385.40,211.97,134.89,0.00,38.54,6.24,2026-03-20T12:59:00,2026-03-20T12:59:00,2026-04-03T12:59:00,2026-03-24T04:59:00,Completed,Met
WO700051,SR700051,5203,KPIF,QEL,PCVINYL,Responsive,1,216.40,227.22,45.44,272.66,222.68,122.47,77.94,0.00,22.27,3.61,2026-03-20T11:48:00,2026-03-20T11:48:00,2026-04-03T11:48:00,,Open,Open
WO700052,SR700052,5209,IHREPAIRS,UEL,PCFENCE,Responsive,1,198.59,208.52,41.70,250.22,204.35,112.39,71.52,0.00,20.43,3.31,2026-03-20T09:23:00,2026-03-20T09:23:00,2026-03-21T09:23:00,2026-03-21T00:23:00,Completed,Met
WO700053,SR700053,5206,OPENVIEW,Q,PCFENCE,Responsive,1,212.99,223.64,44.73,268.37,219.17,21.92,32.88,142.46,21.92,3.55,2026-03-20T09:59:00,2026-03-20T09:59:00,2026-04-17T09:59:00,2026-04-10T07:59:00,Completed,Met
WO700054,SR700054,5262,KPIF,QEL,PCPLAST,Responsive,1,205.56,215.84,43.17,259.01,211.52,116.34,74.03,0.00,21.15,3.43,2026-03-20T12:24:00,2026-03-20T12:24:00,2026-04-03T12:24:00,2026-03-30T17:24:00,Completed,Met
WO700055,SR700055,5206,IHREPAIRS,QEL,PCFENCE,Responsive,1,282.29,296.40,59.28,355.68,290.47,159.76,101.66,0.00,29.05,4.70,2026-03-20T13:08:00,2026-03-20T13:08:00,2026-04-03T13:08:00,2026-03-28T04:08:00,Completed,Met
WO700056,SR700056,5237,KPIF,QEL,PCFENCE,Responsive,1,302.62,317.75,63.55,381.30,311.39,171.26,108.99,0.00,31.14,5.04,2026-03-20T14:05:00,2026-03-20T14:05:00,2026-04-03T14:05:00,2026-03-28T06:05:00,Completed,Met
WO700057,SR700057,5252,KPIF,QEL,PCELEC,Responsive,1,261.31,274.38,54.88,329.26,268.89,147.89,94.11,0.00,26.89,4.36,2026-03-20T10:05:00,2026-03-20T10:05:00,2026-04-03T10:05:00,2026-03-25T12:05:00,Completed,Met
WO700058,SR700058,5267,CCSS,QEL,PCBRICK,Responsive,1,399.33,419.30,83.86,503.16,410.91,41.09,61.64,267.09,41.09,6.66,2026-03-20T09:10:00,2026-03-20T09:10:00,2026-04-03T09:10:00,2026-03-20T11:10:00,Completed,Met
WO700059,SR700059,5238,KPIF,U1,PCFENCE,Responsive,1,344.20,361.41,72.28,433.69,354.18,194.80,123.96,0.00,35.42,5.74,2026-03-20T11:01:00,2026-03-20T11:01:00,2026-03-22T11:01:00,2026-03-21T11:01:00,Completed,Met
WO700060,SR700060,5289,KPIF,Q,PCELEC,Responsive,1,226.97,238.32,47.66,285.98,233.55,128.45,81.74,0.00,23.35,3.78,2026-03-20T11:30:00,2026-03-20T11:30:00,2026-04-17T11:30:00,2026-04-01T18:30:00,Completed,Met
WO700061,SR700061,5208,KPIF,Q,PCCARP,Responsive,1,133.63,140.31,28.06,168.37,137.50,75.62,48.12,0.00,13.75,2.23,2026-03-20T12:52:00,2026-03-20T12:52:00,2026-04-17T12:52:00,2026-04-08T23:52:00,Completed,Met
WO700062,SR700062,5219,KPIF,E,PCELEC,Responsive,1,294.24,308.95,61.79,370.74,302.77,166.52,105.97,0.00,30.28,4.90,2026-03-20T14:00:00,2026-03-20T14:00:00,2026-03-21T14:00:00,2026-03-21T01:00:00,Completed,Met
WO700063,SR700063,5278,PHJONESGAS,Q,PCPLAST,Responsive,1,204.97,215.22,43.04,258.26,210.92,21.09,31.64,137.10,21.09,3.42,2026-03-20T11:40:00,2026-03-20T11:40:00,2026-04-17T11:40:00,2026-04-04T03:40:00,Completed,Met
WO700064,SR700064,5247,KPIF,UEL,PCVINYL,Responsive,1,224.12,235.33,47.07,282.40,230.62,126.84,80.72,0.00,23.06,3.74,2026-03-20T09:28:00,2026-03-20T09:28:00,2026-03-21T09:28:00,2026-03-21T02:28:00,Completed,Met
WO700065,SR700065,5272,KPIF,UEL,PCCARP,Responsive,1,223.48,234.65,46.93,281.58,229.96,126.48,80.49,0.00,23.00,3.72,2026-03-20T12:18:00,2026-03-20T12:18:00,2026-03-21T12:18:00,2026-03-21T03:18:00,Completed,Met
WO700066,SR700066,5263,OPENVIEW,U1,PCTILE,Responsive,1,200.26,210.27,42.05,252.32,206.06,20.61,30.91,133.94,20.61,3.34,2026-03-20T12:21:00,2026-03-20T12:21:00,2026-03-22T12:21:00,2026-03-21T23:21:00,Completed,Met
WO700067,SR700067,5088,CCSS,Q,PCFENCE,Responsive,1,252.19,264.80,52.96,317.76,259.50,25.95,38.92,168.68,25.95,4.20,2026-03-23T13:11:00,2026-03-23T13:11:00,2026-04-20T13:11:00,2026-03-28T22:11:00,Completed,Met
WO700068,SR700068,5092,IHREPAIRS,QEL,PCPLAST,Responsive,1,194.05,203.75,40.75,244.50,199.67,109.82,69.88,0.00,19.97,3.23,2026-03-23T09:32:00,2026-03-23T09:32:00,2026-04-06T09:32:00,2026-04-05T17:32:00,Completed,Met
WO700069,SR700069,5064,IHREPAIRS,Q,PCPLUMB,Responsive,1,188.36,197.78,39.56,237.34,193.82,106.60,67.84,0.00,19.38,3.14,2026-03-23T12:29:00,2026-03-23T12:29:00,2026-04-20T12:29:00,2026-04-11T15:29:00,Completed,Met
WO700070,SR700070,5012,PHJONESGAS,UEL,PCCARP,Responsive,1,171.08,179.63,35.93,215.56,176.04,17.60,26.41,114.43,17.60,2.85,2026-03-23T12:35:00,2026-03-23T12:35:00,2026-03-24T12:35:00,2026-03-23T18:35:00,Completed,Met
WO700071,SR700071,5010,IHREPAIRS,NG,PCPLAST,Responsive,1,209.26,219.72,43.94,263.66,215.33,118.43,75.37,0.00,21.53,3.49,2026-03-23T12:20:00,2026-03-23T12:20:00,2026-04-06T12:20:00,2026-03-28T14:20:00,Completed,Met
WO700072,SR700072,5100,KPIF,Q,PCGROUND,Responsive,1,476.65,500.48,100.10,600.58,490.47,269.76,171.66,0.00,49.05,7.94,2026-03-23T09:36:00,2026-03-23T09:36:00,2026-04-20T09:36:00,,Open,Open
WO700073,SR700073,5016,KPIF,U1,PCGROUND,Responsive,1,388.97,408.42,81.68,490.10,400.25,220.14,140.09,0.00,40.02,6.48,2026-03-23T11:15:00,2026-03-23T11:15:00,2026-03-25T11:15:00,2026-03-24T22:15:00,Completed,Met
WO700074,SR700074,5067,KPIF,QEL,PCBRICK,Responsive,1,307.50,322.88,64.58,387.46,316.42,174.03,110.75,0.00,31.64,5.12,2026-03-23T13:55:00,2026-03-23T13:55:00,2026-04-06T13:55:00,2026-04-03T02:55:00,Completed,Met
WO700075,SR700075,5079,IHREPAIRS,U1,PCGROUND,Responsive,1,394.68,414.41,82.88,497.29,406.12,223.37,142.14,0.00,40.61,6.58,2026-03-23T13:33:00,2026-03-23T13:33:00,2026-03-25T13:33:00,2026-03-24T22:33:00,Completed,Met
WO700076,SR700076,5093,IHREPAIRS,QEL,PCFENCE,Responsive,1,339.97,356.97,71.39,428.36,349.83,192.41,122.44,0.00,34.98,5.67,2026-03-23T08:44:00,2026-03-23T08:44:00,2026-04-06T08:44:00,2026-04-06T16:44:00,Completed,Breached
WO700077,SR700077,5034,KPIF,QEL,PCTILE,Responsive,1,171.42,179.99,36.00,215.99,176.39,97.01,61.74,0.00,17.64,2.86,2026-03-23T13:57:00,2026-03-23T13:57:00,2026-04-06T13:57:00,2026-04-06T16:57:00,Completed,Breached
WO700078,SR700078,5083,OPENVIEW,Q,PCBRICK,Responsive,1,355.23,372.99,74.60,447.59,365.53,36.55,54.83,237.59,36.55,5.92,2026-03-23T14:20:00,2026-03-23T14:20:00,2026-04-20T14:20:00,2026-04-04T06:20:00,Completed,Met
WO700079,SR700079,5021,KPIF,Q,PCELEC,Responsive,1,234.83,246.57,49.31,295.88,241.64,132.90,84.57,0.00,24.16,3.91,2026-03-23T11:24:00,2026-03-23T11:24:00,2026-04-20T11:24:00,2026-04-05T11:24:00,Completed,Met
WO700080,SR700080,5094,KPIF,NG,PCFENCE,Responsive,1,277.76,291.65,58.33,349.98,285.82,157.20,100.04,0.00,28.58,4.63,2026-03-23T11:39:00,2026-03-23T11:39:00,2026-04-06T11:39:00,2026-03-30T12:39:00,Completed,Met
WO700081,SR700081,5016,KPIF,Q,PCBRICK,Responsive,1,374.91,393.66,78.73,472.39,385.79,212.18,135.03,0.00,38.58,6.25,2026-03-23T08:55:00,2026-03-23T08:55:00,2026-04-20T08:55:00,2026-04-07T18:55:00,Completed,Met
WO700082,SR700082,5032,PHJONESGAS,QEL,PCPLAST,Responsive,1,219.71,230.70,46.14,276.84,226.09,22.61,33.91,146.96,22.61,3.66,2026-03-23T11:10:00,2026-03-23T11:10:00,2026-04-06T11:10:00,2026-04-01T11:10:00,Completed,Met
WO700083,SR700083,5060,IHREPAIRS,QEL,PCELEC,Responsive,1,241.26,253.32,50.66,303.98,248.25,136.54,86.89,0.00,24.82,4.02,2026-03-23T09:16:00,2026-03-23T09:16:00,2026-04-06T09:16:00,2026-04-03T21:16:00,Completed,Met
WO700084,SR700084,5028,KPIF,E,PCFENCE,Responsive,1,230.51,242.04,48.41,290.45,237.20,130.46,83.02,0.00,23.72,3.84,2026-03-23T13:35:00,2026-03-23T13:35:00,2026-03-24T13:35:00,2026-03-24T08:35:00,Completed,Met
WO700085,SR700085,5069,KPIF,QEL,PCPLUMB,Responsive,1,167.33,175.70,35.14,210.84,172.19,94.70,60.27,0.00,17.22,2.79,2026-03-23T10:45:00,2026-03-23T10:45:00,2026-04-06T10:45:00,2026-03-31T03:45:00,Completed,Met
WO700086,SR700086,5052,KPIF,Q,PCPLUMB,Responsive,1,281.44,295.51,59.10,354.61,289.60,159.28,101.36,0.00,28.96,4.69,2026-03-23T13:13:00,2026-03-23T13:13:00,2026-04-20T13:13:00,2026-04-08T00:13:00,Completed,Met
WO700087,SR700087,5071,IHREPAIRS,QEL,PCBRICK,Responsive,1,426.29,447.60,89.52,537.12,438.65,241.26,153.53,0.00,43.86,7.10,2026-03-23T13:42:00,2026-03-23T13:42:00,2026-04-06T13:42:00,2026-04-06T12:42:00,Completed,Met
WO700088,SR700088,5044,CCSS,QEL,PCGROUND,Responsive,1,365.12,383.38,76.68,460.06,375.71,37.57,56.36,244.21,37.57,6.09,2026-03-23T10:11:00,2026-03-23T10:11:00,2026-04-06T10:11:00,,Open,Open
WO700089,SR700089,5105,OPENVIEW,Q,PCPLAST,Responsive,1,213.12,223.78,44.76,268.54,219.30,21.93,32.90,142.55,21.93,3.55,2026-03-23T12:55:00,2026-03-23T12:55:00,2026-04-20T12:55:00,2026-04-01T22:55:00,Completed,Met
WO700090,SR700090,5142,PHJONESGAS,U1,PCFENCE,Responsive,1,246.69,259.02,51.80,310.82,253.84,25.38,38.08,165.00,25.38,4.11,2026-03-23T11:03:00,2026-03-23T11:03:00,2026-03-25T11:03:00,2026-03-24T06:03:00,Completed,Met
WO700091,SR700091,5163,KPIF,Q,PCBRICK,Responsive,1,177.09,185.94,37.19,223.13,182.22,100.22,63.78,0.00,18.22,2.95,2026-03-23T11:19:00,2026-03-23T11:19:00,2026-04-20T11:19:00,2026-04-02T01:19:00,Completed,Met
WO700092,SR700092,5193,KPIF,Q,PCPLUMB,Responsive,1,166.85,175.19,35.04,210.23,171.69,94.43,60.09,0.00,17.17,2.78,2026-03-23T14:05:00,2026-03-23T14:05:00,2026-04-20T14:05:00,2026-04-11T08:05:00,Completed,Met
WO700093,SR700093,5193,KPIF,Q,PCPLUMB,Responsive,1,166.65,174.98,35.00,209.98,171.48,94.31,60.02,0.00,17.15,2.78,2026-03-23T13:52:00,2026-03-23T13:52:00,2026-04-20T13:52:00,2026-04-07T14:52:00,Completed,Met
WO700094,SR700094,5188,PHJONESGAS,E,PCTILE,Responsive,1,188.94,198.39,39.68,238.07,194.42,19.44,29.16,126.37,19.44,3.15,2026-03-23T09:26:00,2026-03-23T09:26:00,2026-03-24T09:26:00,2026-03-24T01:26:00,Completed,Met
WO700095,SR700095,5153,CCSS,Q,PCTILE,Responsive,1,126.32,132.64,26.53,159.17,129.99,13.00,19.50,84.49,13.00,2.11,2026-03-23T12:31:00,2026-03-23T12:31:00,2026-04-20T12:31:00,,Open,Open
WO700096,SR700096,5118,KPIF,UEL,PCGROUND,Responsive,1,419.72,440.71,88.14,528.85,431.90,237.55,151.16,0.00,43.19,7.00,2026-03-23T14:09:00,2026-03-23T14:09:00,2026-03-24T14:09:00,2026-03-23T23:09:00,Completed,Met
WO700097,SR700097,5159,KPIF,UEL,PCGROUND,Responsive,1,321.09,337.14,67.43,404.57,330.40,181.72,115.64,0.00,33.04,5.35,2026-03-23T14:18:00,2026-03-23T14:18:00,2026-03-24T14:18:00,2026-03-23T23:18:00,Completed,Met
WO700098,SR700098,5125,KPIF,UEL,PCTILE,Responsive,1,115.40,121.17,24.23,145.40,118.75,65.31,41.56,0.00,11.87,1.92,2026-03-23T11:02:00,2026-03-23T11:02:00,2026-03-24T11:02:00,2026-03-24T02:02:00,Completed,Met
WO700099,SR700099,5163,IHREPAIRS,Q,PCFENCE,Responsive,1,343.95,361.15,72.23,433.38,353.93,194.66,123.88,0.00,35.39,5.73,2026-03-23T10:50:00,2026-03-23T10:50:00,2026-04-20T10:50:00,2026-04-07T11:50:00,Completed,Met
WO700100,SR700100,5151,OPENVIEW,QEL,PCFENCE,Responsive,1,312.83,328.47,65.69,394.16,321.90,32.19,48.28,209.23,32.19,5.21,2026-03-23T10:58:00,2026-03-23T10:58:00,2026-04-06T10:58:00,2026-04-07T13:58:00,Completed,Breached
WO700101,SR700101,5157,KPIF,Q,PCBRICK,Responsive,1,393.36,413.03,82.61,495.64,404.77,222.62,141.67,0.00,40.48,6.56,2026-03-23T13:05:00,2026-03-23T13:05:00,2026-04-20T13:05:00,2026-04-08T09:05:00,Completed,Met
WO700102,SR700102,5114,CCSS,UEL,PCTILE,Responsive,1,180.72,189.76,37.95,227.71,185.96,18.60,27.89,120.87,18.60,3.01,2026-03-23T13:01:00,2026-03-23T13:01:00,2026-03-24T13:01:00,2026-03-24T03:01:00,Completed,Met
WO700103,SR700103,5143,CCSS,U1,PCELEC,Responsive,1,231.43,243.00,48.60,291.60,238.14,23.81,35.72,154.79,23.81,3.86,2026-03-23T08:32:00,2026-03-23T08:32:00,2026-03-25T08:32:00,2026-03-25T14:32:00,Completed,Breached
WO700104,SR700104,5184,KPIF,Q,PCELEC,Responsive,1,320.81,336.85,67.37,404.22,330.11,181.56,115.54,0.00,33.01,5.35,2026-03-23T10:57:00,2026-03-23T10:57:00,2026-04-20T10:57:00,2026-04-05T17:57:00,Completed,Met
WO700105,SR700105,5112,CCSS,Q,PCTILE,Responsive,1,150.73,158.27,31.65,189.92,155.10,15.51,23.26,100.81,15.51,2.51,2026-03-23T08:49:00,2026-03-23T08:49:00,2026-04-20T08:49:00,2026-04-12T02:49:00,Completed,Met
WO700106,SR700106,5123,KPIF,NG,PCPLUMB,Responsive,1,306.15,321.46,64.29,385.75,315.03,173.27,110.26,0.00,31.50,5.10,2026-03-23T12:43:00,2026-03-23T12:43:00,2026-04-06T12:43:00,2026-04-02T17:43:00,Completed,Met
WO700107,SR700107,5138,IHREPAIRS,E,PCPLUMB,Responsive,1,223.04,234.19,46.84,281.03,229.51,126.23,80.33,0.00,22.95,3.72,2026-03-23T09:24:00,2026-03-23T09:24:00,2026-03-24T09:24:00,2026-03-24T03:24:00,Completed,Met
WO700108,SR700108,5183,BRADLEY,Q,PCGROUND,Responsive,1,343.25,360.41,72.08,432.49,353.20,35.32,52.98,229.58,35.32,5.72,2026-03-23T09:38:00,2026-03-23T09:38:00,2026-04-20T09:38:00,2026-04-12T21:38:00,Completed,Met
WO700109,SR700109,5115,KPIF,U1,PCFENCE,Responsive,1,271.68,285.26,57.05,342.31,279.55,153.75,97.84,0.00,27.95,4.53,2026-03-23T10:41:00,2026-03-23T10:41:00,2026-03-25T10:41:00,2026-03-24T14:41:00,Completed,Met
WO700110,SR700110,5138,OPENVIEW,U1,PCTILE,Responsive,1,129.32,135.79,27.16,162.95,133.07,13.31,19.96,86.50,13.31,2.16,2026-03-23T11:57:00,2026-03-23T11:57:00,2026-03-25T11:57:00,2026-03-24T21:57:00,Completed,Met
WO700111,SR700111,5286,KPIF,U1,PCCARP,Responsive,1,178.51,187.44,37.49,224.93,183.69,101.03,64.29,0.00,18.37,2.98,2026-03-23T11:15:00,2026-03-23T11:15:00,2026-03-25T11:15:00,2026-03-24T16:15:00,Completed,Met
WO700112,SR700112,5258,KPIF,QEL,PCBRICK,Responsive,1,326.02,342.32,68.46,410.78,335.47,184.51,117.41,0.00,33.55,5.43,2026-03-23T13:23:00,2026-03-23T13:23:00,2026-04-06T13:23:00,2026-04-05T00:23:00,Completed,Met
WO700113,SR700113,5208,KPIF,Q,PCCARP,Responsive,1,178.91,187.86,37.57,225.43,184.10,101.26,64.43,0.00,18.41,2.98,2026-03-23T14:21:00,2026-03-23T14:21:00,2026-04-20T14:21:00,2026-03-28T11:21:00,Completed,Met
WO700114,SR700114,5240,PHJONESGAS,Q,PCCARP,Responsive,1,164.97,173.22,34.64,207.86,169.76,16.98,25.46,110.34,16.98,2.75,2026-03-23T11:38:00,2026-03-23T11:38:00,2026-04-20T11:38:00,2026-04-06T07:38:00,Completed,Met
WO700115,SR700115,5220,IHREPAIRS,Q,PCELEC,Responsive,1,161.30,169.37,33.87,203.24,165.98,91.29,58.09,0.00,16.60,2.69,2026-03-23T12:02:00,2026-03-23T12:02:00,2026-04-20T12:02:00,2026-04-05T14:02:00,Completed,Met
WO700116,SR700116,5286,CCSS,QEL,PCTILE,Responsive,1,151.48,159.05,31.81,190.86,155.87,15.59,23.38,101.32,15.59,2.52,2026-03-23T13:35:00,2026-03-23T13:35:00,2026-04-06T13:35:00,2026-04-01T18:35:00,Completed,Met
WO700117,SR700117,5291,IHREPAIRS,U1,PCFENCE,Responsive,1,184.22,193.43,38.69,232.12,189.56,104.26,66.35,0.00,18.96,3.07,2026-03-23T09:01:00,2026-03-23T09:01:00,2026-03-25T09:01:00,2026-03-24T23:01:00,Completed,Met
WO700118,SR700118,5269,OPENVIEW,U1,PCPLAST,Responsive,1,216.29,227.10,45.42,272.52,222.56,22.26,33.38,144.66,22.26,3.60,2026-03-23T12:16:00,2026-03-23T12:16:00,2026-03-25T12:16:00,2026-03-24T21:16:00,Completed,Met
WO700119,SR700119,5212,KPIF,Q,PCGROUND,Responsive,1,403.22,423.38,84.68,508.06,414.91,228.20,145.22,0.00,41.49,6.72,2026-03-23T09:37:00,2026-03-23T09:37:00,2026-04-20T09:37:00,,Open,Open
WO700120,SR700120,5260,KPIF,Q,PCBRICK,Responsive,1,244.33,256.55,51.31,307.86,251.42,138.28,88.00,0.00,25.14,4.07,2026-03-23T08:31:00,2026-03-23T08:31:00,2026-04-20T08:31:00,,Open,Open
WO700121,SR700121,5245,KPIF,Q,PCCARP,Responsive,1,176.81,185.65,37.13,222.78,181.94,100.07,63.68,0.00,18.19,2.95,2026-03-23T09:05:00,2026-03-23T09:05:00,2026-04-20T09:05:00,2026-04-15T11:05:00,Completed,Met
WO700122,SR700122,5224,PHJONESGAS,QEL,PCPLAST,Responsive,1,192.13,201.74,40.35,242.09,197.71,19.77,29.66,128.51,19.77,3.20,2026-03-23T14:00:00,2026-03-23T14:00:00,2026-04-06T14:00:00,2026-04-03T15:00:00,Completed,Met
WO700123,SR700123,5258,CCSS,Q,PCVINYL,Responsive,1,205.00,215.25,43.05,258.30,210.94,21.09,31.64,137.11,21.09,3.42,2026-03-23T14:08:00,2026-03-23T14:08:00,2026-04-20T14:08:00,2026-04-11T11:08:00,Completed,Met
WO700124,SR700124,5216,KPIF,NG,PCPLAST,Responsive,1,174.69,183.42,36.68,220.10,179.75,98.86,62.91,0.00,17.97,2.91,2026-03-23T09:35:00,2026-03-23T09:35:00,2026-04-06T09:35:00,,Open,Open
WO700125,SR700125,5203,CCSS,Q,PCBRICK,Responsive,1,298.62,313.55,62.71,376.26,307.28,30.73,46.09,199.73,30.73,4.98,2026-03-23T12:07:00,2026-03-23T12:07:00,2026-04-20T12:07:00,2026-03-30T01:07:00,Completed,Met
WO700126,SR700126,5245,PHJONESGAS,UEL,PCPLAST,Responsive,1,210.63,221.16,44.23,265.39,216.74,21.67,32.51,140.88,21.67,3.51,2026-03-23T09:27:00,2026-03-23T09:27:00,2026-03-24T09:27:00,2026-03-24T06:27:00,Completed,Met
WO700127,SR700127,5203,KPIF,U1,PCTILE,Responsive,1,174.20,182.91,36.58,219.49,179.25,98.59,62.74,0.00,17.92,2.90,2026-03-23T08:47:00,2026-03-23T08:47:00,2026-03-25T08:47:00,2026-03-23T23:47:00,Completed,Met
WO700128,SR700128,5232,KPIF,Q,PCPLUMB,Responsive,1,165.29,173.55,34.71,208.26,170.08,93.54,59.53,0.00,17.01,2.75,2026-03-23T10:21:00,2026-03-23T10:21:00,2026-04-20T10:21:00,2026-04-09T11:21:00,Completed,Met
WO700129,SR700129,5238,CCSS,QEL,PCTILE,Responsive,1,136.82,143.66,28.73,172.39,140.79,14.08,21.12,91.51,14.08,2.28,2026-03-23T11:13:00,2026-03-23T11:13:00,2026-04-06T11:13:00,2026-03-27T14:13:00,Completed,Met
WO700130,SR700130,5231,PHJONESGAS,QEL,PCBRICK,Responsive,1,367.89,386.28,77.26,463.54,378.55,37.86,56.78,246.06,37.85,6.13,2026-03-23T12:56:00,2026-03-23T12:56:00,2026-04-06T12:56:00,,Open,Open
WO700131,SR700131,5276,KPIF,Q,PCPLAST,Responsive,1,209.60,220.08,44.02,264.10,215.68,118.62,75.49,0.00,21.57,3.49,2026-03-23T12:43:00,2026-03-23T12:43:00,2026-04-20T12:43:00,2026-04-14T05:43:00,Completed,Met
WO700132,SR700132,5249,KPIF,UEL,PCGROUND,Responsive,1,454.75,477.49,95.50,572.99,467.94,257.37,163.78,0.00,46.79,7.58,2026-03-23T09:46:00,2026-03-23T09:46:00,2026-03-24T09:46:00,2026-03-23T22:46:00,Completed,Met
WO700133,SR700133,5031,CCSS,UEL,PCTILE,Responsive,1,141.10,148.16,29.63,177.79,145.20,14.52,21.78,94.38,14.52,2.35,2026-03-24T12:27:00,2026-03-24T12:27:00,2026-03-25T12:27:00,2026-03-25T07:27:00,Completed,Met
WO700134,SR700134,5072,KPIF,U1,PCGROUND,Responsive,1,436.23,458.04,91.61,549.65,448.88,246.88,157.11,0.00,44.89,7.27,2026-03-24T10:14:00,2026-03-24T10:14:00,2026-03-26T10:14:00,2026-03-25T12:14:00,Completed,Met
WO700135,SR700135,5048,OPENVIEW,Q,PCCARP,Responsive,1,228.16,239.57,47.91,287.48,234.78,23.48,35.22,152.61,23.48,3.80,2026-03-24T08:56:00,2026-03-24T08:56:00,2026-04-21T08:56:00,2026-04-09T03:56:00,Completed,Met
WO700136,SR700136,5010,IHREPAIRS,QEL,PCTILE,Responsive,1,148.11,155.52,31.10,186.62,152.41,83.83,53.34,0.00,15.24,2.47,2026-03-24T14:13:00,2026-03-24T14:13:00,2026-04-07T14:13:00,2026-03-30T00:13:00,Completed,Met
WO700137,SR700137,5043,KPIF,QEL,PCBRICK,Responsive,1,313.21,328.87,65.77,394.64,322.29,177.26,112.80,0.00,32.23,5.22,2026-03-24T10:07:00,2026-03-24T10:07:00,2026-04-07T10:07:00,2026-04-03T04:07:00,Completed,Met
WO700138,SR700138,5062,CCSS,Q,PCTILE,Responsive,1,141.44,148.51,29.70,178.21,145.54,14.55,21.83,94.60,14.55,2.36,2026-03-24T11:53:00,2026-03-24T11:53:00,2026-04-21T11:53:00,2026-04-16T08:53:00,Completed,Met
WO700139,SR700139,5049,KPIF,Q,PCELEC,Responsive,1,334.81,351.55,70.31,421.86,344.52,189.49,120.58,0.00,34.45,5.58,2026-03-24T10:43:00,2026-03-24T10:43:00,2026-04-21T10:43:00,2026-04-02T20:43:00,Completed,Met
WO700140,SR700140,5093,KPIF,QEL,PCELEC,Responsive,1,295.12,309.88,61.98,371.86,303.68,167.02,106.29,0.00,30.37,4.92,2026-03-24T10:14:00,2026-03-24T10:14:00,2026-04-07T10:14:00,2026-03-30T19:14:00,Completed,Met
WO700141,SR700141,5029,IHREPAIRS,E,PCPLAST,Responsive,1,182.14,191.25,38.25,229.50,187.42,103.08,65.60,0.00,18.74,3.04,2026-03-24T13:29:00,2026-03-24T13:29:00,2026-03-25T13:29:00,2026-03-24T23:29:00,Completed,Met
WO700142,SR700142,5043,OPENVIEW,Q,PCTILE,Responsive,1,138.40,145.32,29.06,174.38,142.41,14.24,21.36,92.57,14.24,2.31,2026-03-24T12:45:00,2026-03-24T12:45:00,2026-04-21T12:45:00,2026-03-28T13:45:00,Completed,Met
WO700143,SR700143,5098,IHREPAIRS,NG,PCELEC,Responsive,1,278.52,292.45,58.49,350.94,286.60,157.63,100.31,0.00,28.66,4.64,2026-03-24T12:41:00,2026-03-24T12:41:00,2026-04-07T12:41:00,2026-03-28T11:41:00,Completed,Met
WO700144,SR700144,5018,BRADLEY,Q,PCGROUND,Responsive,1,398.74,418.68,83.74,502.42,410.31,41.03,61.55,266.70,41.03,6.65,2026-03-24T13:07:00,2026-03-24T13:07:00,2026-04-21T13:07:00,2026-04-24T09:07:00,Completed,Breached
WO700145,SR700145,5010,KPIF,QEL,PCPLUMB,Responsive,1,307.25,322.61,64.52,387.13,316.16,173.89,110.66,0.00,31.62,5.12,2026-03-24T13:52:00,2026-03-24T13:52:00,2026-04-07T13:52:00,,Open,Open
WO700146,SR700146,5065,IHREPAIRS,Q,PCELEC,Responsive,1,218.30,229.22,45.84,275.06,224.64,123.55,78.62,0.00,22.46,3.64,2026-03-24T14:11:00,2026-03-24T14:11:00,2026-04-21T14:11:00,2026-04-21T16:11:00,Completed,Breached
WO700147,SR700147,5003,KPIF,Q,PCPLUMB,Responsive,1,233.64,245.32,49.06,294.38,240.41,132.23,84.14,0.00,24.04,3.89,2026-03-24T08:38:00,2026-03-24T08:38:00,2026-04-21T08:38:00,2026-04-05T17:38:00,Completed,Met
WO700148,SR700148,5003,CCSS,QEL,PCGROUND,Responsive,1,430.69,452.22,90.44,542.66,443.18,44.32,66.48,288.07,44.32,7.18,2026-03-24T10:01:00,2026-03-24T10:01:00,2026-04-07T10:01:00,2026-04-02T19:01:00,Completed,Met
WO700149,SR700149,5025,KPIF,UEL,PCGROUND,Responsive,1,498.95,523.90,104.78,628.68,513.42,282.38,179.70,0.00,51.34,8.32,2026-03-24T11:53:00,2026-03-24T11:53:00,2026-03-25T11:53:00,2026-03-25T12:53:00,Completed,Breached
WO700150,SR700150,5032,OPENVIEW,UEL,PCTILE,Responsive,1,113.17,118.83,23.77,142.60,116.45,11.65,17.47,75.69,11.64,1.89,2026-03-24T09:11:00,2026-03-24T09:11:00,2026-03-25T09:11:00,2026-03-24T18:11:00,Completed,Met
WO700151,SR700151,5012,IHREPAIRS,Q,PCVINYL,Responsive,1,173.28,181.94,36.39,218.33,178.30,98.07,62.41,0.00,17.83,2.89,2026-03-24T08:58:00,2026-03-24T08:58:00,2026-04-21T08:58:00,2026-04-04T10:58:00,Completed,Met
WO700152,SR700152,5056,OPENVIEW,Q,PCFENCE,Responsive,1,210.60,221.13,44.23,265.36,216.71,21.67,32.51,140.86,21.67,3.51,2026-03-24T09:18:00,2026-03-24T09:18:00,2026-04-21T09:18:00,2026-04-20T02:18:00,Completed,Met
WO700153,SR700153,5089,BRADLEY,UEL,PCELEC,Responsive,1,214.80,225.54,45.11,270.65,221.03,22.10,33.15,143.67,22.10,3.58,2026-03-24T14:20:00,2026-03-24T14:20:00,2026-03-25T14:20:00,2026-03-25T13:20:00,Completed,Met
WO700154,SR700154,5005,KPIF,QEL,PCPLAST,Responsive,1,168.73,177.17,35.43,212.60,173.63,95.50,60.77,0.00,17.36,2.81,2026-03-24T10:16:00,2026-03-24T10:16:00,2026-04-07T10:16:00,2026-03-28T19:16:00,Completed,Met
WO700155,SR700155,5151,IHREPAIRS,UEL,PCCARP,Responsive,1,152.27,159.88,31.98,191.86,156.68,86.17,54.84,0.00,15.67,2.54,2026-03-24T13:20:00,2026-03-24T13:20:00,2026-03-25T13:20:00,2026-03-25T05:20:00,Completed,Met
WO700156,SR700156,5143,KPIF,Q,PCVINYL,Responsive,1,173.93,182.63,36.53,219.16,178.98,98.44,62.64,0.00,17.90,2.90,2026-03-24T14:22:00,2026-03-24T14:22:00,2026-04-21T14:22:00,2026-04-09T07:22:00,Completed,Met
WO700157,SR700157,5107,OPENVIEW,Q,PCCARP,Responsive,1,152.57,160.20,32.04,192.24,157.00,15.70,23.55,102.05,15.70,2.54,2026-03-24T11:24:00,2026-03-24T11:24:00,2026-04-21T11:24:00,2026-04-04T03:24:00,Completed,Met
WO700158,SR700158,5200,KPIF,E,PCFENCE,Responsive,1,282.79,296.93,59.39,356.32,290.99,160.04,101.85,0.00,29.10,4.71,2026-03-24T12:20:00,2026-03-24T12:20:00,2026-03-25T12:20:00,2026-03-24T21:20:00,Completed,Met
WO700159,SR700159,5156,IHREPAIRS,Q,PCPLAST,Responsive,1,170.17,178.68,35.74,214.42,175.11,96.31,61.29,0.00,17.51,2.84,2026-03-24T09:13:00,2026-03-24T09:13:00,2026-04-21T09:13:00,2026-04-10T19:13:00,Completed,Met
WO700160,SR700160,5110,KPIF,UEL,PCCARP,Responsive,1,206.54,216.87,43.37,260.24,212.53,116.89,74.39,0.00,21.25,3.44,2026-03-24T13:54:00,2026-03-24T13:54:00,2026-03-25T13:54:00,2026-03-25T06:54:00,Completed,Met
WO700161,SR700161,5112,KPIF,QEL,PCPLUMB,Responsive,1,251.06,263.61,52.72,316.33,258.34,142.09,90.42,0.00,25.83,4.18,2026-03-24T10:48:00,2026-03-24T10:48:00,2026-04-07T10:48:00,2026-04-02T18:48:00,Completed,Met
WO700162,SR700162,5172,KPIF,Q,PCGROUND,Responsive,1,435.91,457.71,91.54,549.25,448.56,246.71,157.00,0.00,44.86,7.27,2026-03-24T09:15:00,2026-03-24T09:15:00,2026-04-21T09:15:00,2026-04-08T16:15:00,Completed,Met
WO700163,SR700163,5142,KPIF,E,PCVINYL,Responsive,1,169.92,178.42,35.68,214.10,174.85,96.17,61.20,0.00,17.48,2.83,2026-03-24T09:13:00,2026-03-24T09:13:00,2026-03-25T09:13:00,2026-03-24T22:13:00,Completed,Met
WO700164,SR700164,5132,KPIF,U1,PCGROUND,Responsive,1,467.94,491.34,98.27,589.61,481.51,264.83,168.53,0.00,48.15,7.80,2026-03-24T09:41:00,2026-03-24T09:41:00,2026-03-26T09:41:00,2026-03-25T12:41:00,Completed,Met
WO700165,SR700165,5122,KPIF,UEL,PCVINYL,Responsive,1,292.88,307.52,61.50,369.02,301.37,165.75,105.48,0.00,30.14,4.88,2026-03-24T09:09:00,2026-03-24T09:09:00,2026-03-25T09:09:00,2026-03-24T15:09:00,Completed,Met
WO700166,SR700166,5164,KPIF,Q,PCTILE,Responsive,1,151.82,159.41,31.88,191.29,156.22,85.92,54.68,0.00,15.62,2.53,2026-03-24T08:33:00,2026-03-24T08:33:00,2026-04-21T08:33:00,2026-04-14T21:33:00,Completed,Met
WO700167,SR700167,5143,OPENVIEW,UEL,PCELEC,Responsive,1,255.92,268.72,53.74,322.46,263.35,26.34,39.50,171.18,26.33,4.27,2026-03-24T14:03:00,2026-03-24T14:03:00,2026-03-25T14:03:00,2026-03-25T06:03:00,Completed,Met
WO700168,SR700168,5189,KPIF,Q,PCTILE,Responsive,1,155.33,163.10,32.62,195.72,159.84,87.91,55.94,0.00,15.98,2.59,2026-03-24T11:53:00,2026-03-24T11:53:00,2026-04-21T11:53:00,2026-04-14T19:53:00,Completed,Met
WO700169,SR700169,5163,KPIF,UEL,PCTILE,Responsive,1,210.10,220.60,44.12,264.72,216.19,118.90,75.67,0.00,21.62,3.50,2026-03-24T11:51:00,2026-03-24T11:51:00,2026-03-25T11:51:00,2026-03-24T18:51:00,Completed,Met
WO700170,SR700170,5170,IHREPAIRS,Q,PCPLAST,Responsive,1,191.34,200.91,40.18,241.09,196.89,108.29,68.91,0.00,19.69,3.19,2026-03-24T12:26:00,2026-03-24T12:26:00,2026-04-21T12:26:00,2026-04-13T21:26:00,Completed,Met
WO700171,SR700171,5189,CCSS,QEL,PCCARP,Responsive,1,164.30,172.52,34.50,207.02,169.07,16.91,25.36,109.90,16.91,2.74,2026-03-24T11:59:00,2026-03-24T11:59:00,2026-04-07T11:59:00,2026-04-01T03:59:00,Completed,Met
WO700172,SR700172,5133,CCSS,Q,PCPLAST,Responsive,1,215.29,226.05,45.21,271.26,221.53,22.15,33.23,143.99,22.15,3.59,2026-03-24T09:07:00,2026-03-24T09:07:00,2026-04-21T09:07:00,2026-04-02T23:07:00,Completed,Met
WO700173,SR700173,5169,BRADLEY,QEL,PCGROUND,Responsive,1,374.65,393.38,78.68,472.06,385.51,38.55,57.83,250.58,38.55,6.24,2026-03-24T12:04:00,2026-03-24T12:04:00,2026-04-07T12:04:00,2026-03-28T03:04:00,Completed,Met
WO700174,SR700174,5169,KPIF,U1,PCCARP,Responsive,1,216.94,227.79,45.56,273.35,223.23,122.78,78.13,0.00,22.32,3.62,2026-03-24T14:10:00,2026-03-24T14:10:00,2026-03-26T14:10:00,,Open,Open
WO700175,SR700175,5183,KPIF,NG,PCVINYL,Responsive,1,231.14,242.70,48.54,291.24,237.85,130.82,83.25,0.00,23.78,3.85,2026-03-24T12:10:00,2026-03-24T12:10:00,2026-04-07T12:10:00,2026-04-02T21:10:00,Completed,Met
WO700176,SR700176,5196,CCSS,Q,PCGROUND,Responsive,1,434.56,456.29,91.26,547.55,447.16,44.72,67.07,290.65,44.72,7.24,2026-03-24T10:23:00,2026-03-24T10:23:00,2026-04-21T10:23:00,2026-04-04T23:23:00,Completed,Met
WO700177,SR700177,5276,PHJONESGAS,U1,PCGROUND,Responsive,1,456.74,479.58,95.92,575.50,469.99,47.00,70.50,305.49,47.00,7.61,2026-03-24T12:37:00,2026-03-24T12:37:00,2026-03-26T12:37:00,2026-03-26T00:37:00,Completed,Met
WO700178,SR700178,5215,KPIF,Q,PCPLAST,Responsive,1,195.59,205.37,41.07,246.44,201.26,110.69,70.44,0.00,20.13,3.26,2026-03-24T10:15:00,2026-03-24T10:15:00,2026-04-21T10:15:00,2026-04-05T01:15:00,Completed,Met
WO700179,SR700179,5293,KPIF,UEL,PCELEC,Responsive,1,266.07,279.37,55.87,335.24,273.78,150.58,95.82,0.00,27.38,4.43,2026-03-24T09:28:00,2026-03-24T09:28:00,2026-03-25T09:28:00,2026-03-25T03:28:00,Completed,Met
WO700180,SR700180,5222,IHREPAIRS,Q,PCTILE,Responsive,1,133.32,139.99,28.00,167.99,137.19,75.45,48.02,0.00,13.72,2.22,2026-03-24T11:19:00,2026-03-24T11:19:00,2026-04-21T11:19:00,2026-03-28T02:19:00,Completed,Met
WO700181,SR700181,5252,IHREPAIRS,U1,PCPLAST,Responsive,1,209.06,219.51,43.90,263.41,215.12,118.32,75.29,0.00,21.51,3.48,2026-03-24T11:52:00,2026-03-24T11:52:00,2026-03-26T11:52:00,2026-03-26T04:52:00,Completed,Met
WO700182,SR700182,5276,CCSS,Q,PCVINYL,Responsive,1,280.79,294.83,58.97,353.80,288.93,28.89,43.34,187.80,28.89,4.68,2026-03-24T10:15:00,2026-03-24T10:15:00,2026-04-21T10:15:00,2026-04-08T16:15:00,Completed,Met
WO700183,SR700183,5274,IHREPAIRS,QEL,PCCARP,Responsive,1,211.83,222.42,44.48,266.90,217.97,119.88,76.29,0.00,21.80,3.53,2026-03-24T11:37:00,2026-03-24T11:37:00,2026-04-07T11:37:00,2026-03-31T10:37:00,Completed,Met
WO700184,SR700184,5263,KPIF,NG,PCGROUND,Responsive,1,346.82,364.16,72.83,436.99,356.88,196.28,124.91,0.00,35.69,5.78,2026-03-24T11:48:00,2026-03-24T11:48:00,2026-04-07T11:48:00,2026-03-30T00:48:00,Completed,Met
WO700185,SR700185,5259,CCSS,QEL,PCPLAST,Responsive,1,176.49,185.31,37.06,222.37,181.60,18.16,27.24,118.04,18.16,2.94,2026-03-24T11:02:00,2026-03-24T11:02:00,2026-04-07T11:02:00,2026-04-05T02:02:00,Completed,Met
WO700186,SR700186,5241,KPIF,UEL,PCCARP,Responsive,1,143.68,150.86,30.17,181.03,147.84,81.31,51.74,0.00,14.78,2.39,2026-03-24T11:41:00,2026-03-24T11:41:00,2026-03-25T11:41:00,2026-03-24T23:41:00,Completed,Met
WO700187,SR700187,5218,IHREPAIRS,Q,PCVINYL,Responsive,1,166.55,174.88,34.98,209.86,171.38,94.26,59.98,0.00,17.14,2.78,2026-03-24T13:05:00,2026-03-24T13:05:00,2026-04-21T13:05:00,2026-04-07T12:05:00,Completed,Met
WO700188,SR700188,5272,KPIF,Q,PCPLAST,Responsive,1,158.09,165.99,33.20,199.19,162.67,89.47,56.93,0.00,16.27,2.63,2026-03-24T11:11:00,2026-03-24T11:11:00,2026-04-21T11:11:00,2026-04-14T12:11:00,Completed,Met
WO700189,SR700189,5202,OPENVIEW,U1,PCELEC,Responsive,1,258.13,271.04,54.21,325.25,265.62,26.56,39.84,172.65,26.56,4.30,2026-03-24T13:17:00,2026-03-24T13:17:00,2026-03-26T13:17:00,2026-03-25T06:17:00,Completed,Met
WO700190,SR700190,5254,KPIF,Q,PCELEC,Responsive,1,228.33,239.75,47.95,287.70,234.95,129.22,82.23,0.00,23.49,3.81,2026-03-24T08:45:00,2026-03-24T08:45:00,2026-04-21T08:45:00,,Open,Open
WO700191,SR700191,5229,CCSS,UEL,PCGROUND,Responsive,1,284.37,298.59,59.72,358.31,292.62,29.26,43.89,190.20,29.26,4.74,2026-03-24T13:19:00,2026-03-24T13:19:00,2026-03-25T13:19:00,2026-03-25T03:19:00,Completed,Met
WO700192,SR700192,5215,IHREPAIRS,UEL,PCCARP,Responsive,1,165.77,174.06,34.81,208.87,170.58,93.82,59.70,0.00,17.06,2.76,2026-03-24T11:37:00,2026-03-24T11:37:00,2026-03-25T11:37:00,2026-03-24T17:37:00,Completed,Met
WO700193,SR700193,5257,KPIF,UEL,PCGROUND,Responsive,1,347.96,365.36,73.07,438.43,358.05,196.93,125.32,0.00,35.80,5.80,2026-03-24T14:04:00,2026-03-24T14:04:00,2026-03-25T14:04:00,2026-03-25T04:04:00,Completed,Met
WO700194,SR700194,5258,OPENVIEW,Q,PCBRICK,Responsive,1,298.44,313.36,62.67,376.03,307.09,30.71,46.06,199.61,30.71,4.97,2026-03-24T12:14:00,2026-03-24T12:14:00,2026-04-21T12:14:00,2026-04-12T03:14:00,Completed,Met
WO700195,SR700195,5227,IHREPAIRS,QEL,PCFENCE,Responsive,1,303.84,319.03,63.81,382.84,312.65,171.96,109.43,0.00,31.26,5.06,2026-03-24T12:09:00,2026-03-24T12:09:00,2026-04-07T12:09:00,2026-04-02T16:09:00,Completed,Met
WO700196,SR700196,5227,IHREPAIRS,Q,PCPLUMB,Responsive,1,230.79,242.33,48.47,290.80,237.48,130.61,83.12,0.00,23.75,3.85,2026-03-24T13:35:00,2026-03-24T13:35:00,2026-04-21T13:35:00,2026-04-05T12:35:00,Completed,Met
WO700197,SR700197,5238,IHREPAIRS,QEL,PCBRICK,Responsive,1,291.48,306.05,61.21,367.26,299.93,164.96,104.98,0.00,29.99,4.86,2026-03-24T14:17:00,2026-03-24T14:17:00,2026-04-07T14:17:00,2026-04-02T14:17:00,Completed,Met
WO700198,SR700198,5253,BRADLEY,NG,PCPLUMB,Responsive,1,218.01,228.91,45.78,274.69,224.33,22.43,33.65,145.81,22.43,3.63,2026-03-24T09:34:00,2026-03-24T09:34:00,2026-04-07T09:34:00,2026-04-01T07:34:00,Completed,Met
WO700199,SR700199,5042,CCSS,QEL,PCTILE,Responsive,1,191.75,201.34,40.27,241.61,197.31,19.73,29.60,128.25,19.73,3.20,2026-03-25T12:40:00,2026-03-25T12:40:00,2026-04-08T12:40:00,2026-04-05T09:40:00,Completed,Met
WO700200,SR700200,5049,CCSS,U1,PCELEC,Responsive,1,304.66,319.89,63.98,383.87,313.49,31.35,47.02,203.77,31.35,5.08,2026-03-25T09:17:00,2026-03-25T09:17:00,2026-03-27T09:17:00,2026-03-26T00:17:00,Completed,Met
WO700201,SR700201,5048,KPIF,QEL,PCELEC,Responsive,1,193.45,203.12,40.62,243.74,199.06,109.48,69.67,0.00,19.91,3.22,2026-03-25T08:31:00,2026-03-25T08:31:00,2026-04-08T08:31:00,2026-04-06T10:31:00,Completed,Met
WO700202,SR700202,5059,CCSS,QEL,PCFENCE,Responsive,1,332.32,348.94,69.79,418.73,341.96,34.20,51.29,222.27,34.20,5.54,2026-03-25T11:53:00,2026-03-25T11:53:00,2026-04-08T11:53:00,2026-04-03T10:53:00,Completed,Met
WO700203,SR700203,5035,KPIF,QEL,PCFENCE,Responsive,1,352.12,369.73,73.95,443.68,362.34,199.29,126.82,0.00,36.23,5.87,2026-03-25T13:25:00,2026-03-25T13:25:00,2026-04-08T13:25:00,2026-04-06T16:25:00,Completed,Met
WO700204,SR700204,5088,IHREPAIRS,E,PCPLUMB,Responsive,1,250.16,262.67,52.53,315.20,257.42,141.58,90.10,0.00,25.74,4.17,2026-03-25T12:25:00,2026-03-25T12:25:00,2026-03-26T12:25:00,2026-03-26T13:25:00,Completed,Breached
WO700205,SR700205,5059,KPIF,NG,PCPLUMB,Responsive,1,191.85,201.44,40.29,241.73,197.41,108.58,69.09,0.00,19.74,3.20,2026-03-25T14:22:00,2026-03-25T14:22:00,2026-04-08T14:22:00,2026-04-07T20:22:00,Completed,Met
WO700206,SR700206,5036,KPIF,Q,PCCARP,Responsive,1,139.72,146.71,29.34,176.05,143.78,79.08,50.32,0.00,14.38,2.33,2026-03-25T11:40:00,2026-03-25T11:40:00,2026-04-22T11:40:00,,Open,Open
WO700207,SR700207,5081,CCSS,Q,PCBRICK,Responsive,1,245.54,257.82,51.56,309.38,252.66,25.27,37.90,164.23,25.27,4.09,2026-03-25T12:09:00,2026-03-25T12:09:00,2026-04-22T12:09:00,,Open,Open
WO700208,SR700208,5062,KPIF,U1,PCCARP,Responsive,1,181.39,190.46,38.09,228.55,186.65,102.66,65.33,0.00,18.66,3.02,2026-03-25T14:18:00,2026-03-25T14:18:00,2026-03-27T14:18:00,2026-03-26T17:18:00,Completed,Met
WO700209,SR700209,5016,IHREPAIRS,Q,PCVINYL,Responsive,1,263.00,276.15,55.23,331.38,270.63,148.85,94.72,0.00,27.06,4.38,2026-03-25T10:27:00,2026-03-25T10:27:00,2026-04-22T10:27:00,2026-04-04T11:27:00,Completed,Met
WO700210,SR700210,5041,KPIF,QEL,PCFENCE,Responsive,1,221.13,232.19,46.44,278.63,227.55,125.15,79.64,0.00,22.75,3.69,2026-03-25T09:38:00,2026-03-25T09:38:00,2026-04-08T09:38:00,,Open,Open
WO700211,SR700211,5073,KPIF,Q,PCPLUMB,Responsive,1,180.15,189.16,37.83,226.99,185.38,101.96,64.88,0.00,18.54,3.00,2026-03-25T11:29:00,2026-03-25T11:29:00,2026-04-22T11:29:00,2026-04-09T21:29:00,Completed,Met
WO700212,SR700212,5053,KPIF,QEL,PCELEC,Responsive,1,278.49,292.41,58.48,350.89,286.56,157.61,100.30,0.00,28.66,4.64,2026-03-25T09:21:00,2026-03-25T09:21:00,2026-04-08T09:21:00,2026-04-03T16:21:00,Completed,Met
WO700213,SR700213,5045,KPIF,UEL,PCVINYL,Responsive,1,196.41,206.23,41.25,247.48,202.11,111.16,70.74,0.00,20.21,3.27,2026-03-25T10:51:00,2026-03-25T10:51:00,2026-03-26T10:51:00,2026-03-25T22:51:00,Completed,Met
WO700214,SR700214,5093,CCSS,QEL,PCBRICK,Responsive,1,292.52,307.15,61.43,368.58,301.01,30.10,45.15,195.66,30.10,4.88,2026-03-25T14:07:00,2026-03-25T14:07:00,2026-04-08T14:07:00,2026-04-04T07:07:00,Completed,Met
WO700215,SR700215,5025,KPIF,UEL,PCVINYL,Responsive,1,220.62,231.65,46.33,277.98,227.02,124.86,79.46,0.00,22.70,3.68,2026-03-25T10:32:00,2026-03-25T10:32:00,2026-03-26T10:32:00,2026-03-25T22:32:00,Completed,Met
WO700216,SR700216,5077,PHJONESGAS,Q,PCCARP,Responsive,1,173.05,181.70,36.34,218.04,178.07,17.81,26.71,115.75,17.81,2.88,2026-03-25T11:34:00,2026-03-25T11:34:00,2026-04-22T11:34:00,2026-04-13T23:34:00,Completed,Met
WO700217,SR700217,5073,CCSS,Q,PCVINYL,Responsive,1,200.82,210.86,42.17,253.03,206.64,20.66,31.00,134.32,20.66,3.35,2026-03-25T12:31:00,2026-03-25T12:31:00,2026-04-22T12:31:00,,Open,Open
WO700218,SR700218,5009,KPIF,UEL,PCPLUMB,Responsive,1,226.21,237.52,47.50,285.02,232.77,128.02,81.47,0.00,23.28,3.77,2026-03-25T09:00:00,2026-03-25T09:00:00,2026-03-26T09:00:00,2026-03-26T03:00:00,Completed,Met
WO700219,SR700219,5092,KPIF,QEL,PCGROUND,Responsive,1,455.31,478.08,95.62,573.70,468.52,257.69,163.98,0.00,46.85,7.59,2026-03-25T11:55:00,2026-03-25T11:55:00,2026-04-08T11:55:00,2026-04-05T21:55:00,Completed,Met
WO700220,SR700220,5036,IHREPAIRS,UEL,PCCARP,Responsive,1,176.97,185.82,37.16,222.98,182.10,100.16,63.73,0.00,18.21,2.95,2026-03-25T10:14:00,2026-03-25T10:14:00,2026-03-26T10:14:00,2026-03-26T03:14:00,Completed,Met
WO700221,SR700221,5176,KPIF,UEL,PCCARP,Responsive,1,184.90,194.15,38.83,232.98,190.27,104.65,66.59,0.00,19.03,3.08,2026-03-25T10:32:00,2026-03-25T10:32:00,2026-03-26T10:32:00,2026-03-26T02:32:00,Completed,Met
WO700222,SR700222,5159,CCSS,UEL,PCPLUMB,Responsive,1,286.22,300.53,60.11,360.64,294.52,29.45,44.18,191.44,29.45,4.77,2026-03-25T09:59:00,2026-03-25T09:59:00,2026-03-26T09:59:00,2026-03-26T04:59:00,Completed,Met
WO700223,SR700223,5121,IHREPAIRS,QEL,PCELEC,Responsive,1,281.14,295.20,59.04,354.24,289.30,159.12,101.25,0.00,28.93,4.69,2026-03-25T10:42:00,2026-03-25T10:42:00,2026-04-08T10:42:00,2026-04-03T13:42:00,Completed,Met
WO700224,SR700224,5135,KPIF,QEL,PCCARP,Responsive,1,191.66,201.24,40.25,241.49,197.22,108.47,69.03,0.00,19.72,3.19,2026-03-25T12:09:00,2026-03-25T12:09:00,2026-04-08T12:09:00,2026-04-02T18:09:00,Completed,Met
WO700225,SR700225,5174,IHREPAIRS,Q,PCCARP,Responsive,1,180.10,189.10,37.82,226.92,185.32,101.93,64.86,0.00,18.53,3.00,2026-03-25T08:58:00,2026-03-25T08:58:00,2026-04-22T08:58:00,2026-04-03T21:58:00,Completed,Met
WO700226,SR700226,5133,CCSS,QEL,PCCARP,Responsive,1,218.28,229.19,45.84,275.03,224.61,22.46,33.69,146.00,22.46,3.64,2026-03-25T09:29:00,2026-03-25T09:29:00,2026-04-08T09:29:00,,Open,Open
WO700227,SR700227,5102,KPIF,E,PCTILE,Responsive,1,226.00,237.30,47.46,284.76,232.55,127.90,81.39,0.00,23.25,3.77,2026-03-25T09:46:00,2026-03-25T09:46:00,2026-03-26T09:46:00,,Open,Open
WO700228,SR700228,5192,KPIF,UEL,PCVINYL,Responsive,1,235.81,247.60,49.52,297.12,242.65,133.46,84.93,0.00,24.26,3.93,2026-03-25T11:13:00,2026-03-25T11:13:00,2026-03-26T11:13:00,2026-03-26T01:13:00,Completed,Met
WO700229,SR700229,5165,OPENVIEW,U1,PCPLUMB,Responsive,1,235.35,247.12,49.42,296.54,242.18,24.22,36.33,157.42,24.22,3.92,2026-03-25T08:53:00,2026-03-25T08:53:00,2026-03-27T08:53:00,2026-03-26T16:53:00,Completed,Met
WO700230,SR700230,5137,IHREPAIRS,UEL,PCBRICK,Responsive,1,355.09,372.84,74.57,447.41,365.38,200.96,127.88,0.00,36.54,5.92,2026-03-25T08:34:00,2026-03-25T08:34:00,2026-03-26T08:34:00,2026-03-25T19:34:00,Completed,Met
WO700231,SR700231,5195,IHREPAIRS,Q,PCTILE,Responsive,1,159.31,167.28,33.46,200.74,163.93,90.16,57.38,0.00,16.39,2.66,2026-03-25T12:42:00,2026-03-25T12:42:00,2026-04-22T12:42:00,2026-04-20T23:42:00,Completed,Met
WO700232,SR700232,5170,BRADLEY,U1,PCTILE,Responsive,1,186.41,195.73,39.15,234.88,191.82,19.18,28.77,124.68,19.18,3.11,2026-03-25T08:42:00,2026-03-25T08:42:00,2026-03-27T08:42:00,2026-03-26T13:42:00,Completed,Met
WO700233,SR700233,5102,IHREPAIRS,E,PCFENCE,Responsive,1,317.63,333.51,66.70,400.21,326.84,179.76,114.39,0.00,32.68,5.29,2026-03-25T11:07:00,2026-03-25T11:07:00,2026-03-26T11:07:00,2026-03-26T06:07:00,Completed,Met
WO700234,SR700234,5163,KPIF,NG,PCPLUMB,Responsive,1,293.75,308.44,61.69,370.13,302.27,166.25,105.79,0.00,30.23,4.90,2026-03-25T10:53:00,2026-03-25T10:53:00,2026-04-08T10:53:00,2026-04-08T01:53:00,Completed,Met
WO700235,SR700235,5167,KPIF,Q,PCVINYL,Responsive,1,197.16,207.02,41.40,248.42,202.88,111.58,71.01,0.00,20.29,3.29,2026-03-25T09:13:00,2026-03-25T09:13:00,2026-04-22T09:13:00,2026-04-05T08:13:00,Completed,Met
WO700236,SR700236,5151,KPIF,Q,PCCARP,Responsive,1,174.69,183.42,36.68,220.10,179.75,98.86,62.91,0.00,17.97,2.91,2026-03-25T14:09:00,2026-03-25T14:09:00,2026-04-22T14:09:00,2026-04-15T09:09:00,Completed,Met
WO700237,SR700237,5141,CCSS,Q,PCVINYL,Responsive,1,228.45,239.87,47.97,287.84,235.07,23.51,35.26,152.80,23.51,3.81,2026-03-25T11:12:00,2026-03-25T11:12:00,2026-04-22T11:12:00,2026-04-07T08:12:00,Completed,Met
WO700238,SR700238,5118,KPIF,U1,PCCARP,Responsive,1,195.12,204.88,40.98,245.86,200.78,110.43,70.27,0.00,20.08,3.25,2026-03-25T12:28:00,2026-03-25T12:28:00,2026-03-27T12:28:00,2026-03-26T14:28:00,Completed,Met
WO700239,SR700239,5199,KPIF,Q,PCTILE,Responsive,1,188.13,197.54,39.51,237.05,193.59,106.47,67.76,0.00,19.36,3.14,2026-03-25T09:31:00,2026-03-25T09:31:00,2026-04-22T09:31:00,2026-04-19T17:31:00,Completed,Met
WO700240,SR700240,5191,OPENVIEW,UEL,PCPLUMB,Responsive,1,257.70,270.58,54.12,324.70,265.17,26.52,39.78,172.36,26.52,4.29,2026-03-25T09:45:00,2026-03-25T09:45:00,2026-03-26T09:45:00,2026-03-26T02:45:00,Completed,Met
WO700241,SR700241,5166,KPIF,Q,PCPLUMB,Responsive,1,248.53,260.96,52.19,313.15,255.74,140.66,89.51,0.00,25.57,4.14,2026-03-25T09:59:00,2026-03-25T09:59:00,2026-04-22T09:59:00,2026-04-16T18:59:00,Completed,Met
WO700242,SR700242,5196,KPIF,UEL,PCGROUND,Responsive,1,428.20,449.61,89.92,539.53,440.62,242.34,154.22,0.00,44.06,7.14,2026-03-25T09:41:00,2026-03-25T09:41:00,2026-03-26T09:41:00,2026-03-26T00:41:00,Completed,Met
WO700243,SR700243,5229,KPIF,U1,PCPLAST,Responsive,1,162.18,170.29,34.06,204.35,166.88,91.78,58.41,0.00,16.69,2.70,2026-03-25T14:21:00,2026-03-25T14:21:00,2026-03-27T14:21:00,2026-03-26T09:21:00,Completed,Met
WO700244,SR700244,5234,KPIF,E,PCCARP,Responsive,1,185.92,195.22,39.04,234.26,191.32,105.23,66.96,0.00,19.13,3.10,2026-03-25T14:00:00,2026-03-25T14:00:00,2026-03-26T14:00:00,2026-03-26T02:00:00,Completed,Met
WO700245,SR700245,5243,KPIF,E,PCCARP,Responsive,1,164.16,172.37,34.47,206.84,168.92,92.91,59.12,0.00,16.89,2.74,2026-03-25T09:56:00,2026-03-25T09:56:00,2026-03-26T09:56:00,2026-03-26T03:56:00,Completed,Met
WO700246,SR700246,5264,KPIF,Q,PCPLUMB,Responsive,1,267.13,280.49,56.10,336.59,274.88,151.18,96.21,0.00,27.49,4.45,2026-03-25T11:31:00,2026-03-25T11:31:00,2026-04-22T11:31:00,2026-04-12T01:31:00,Completed,Met
WO700247,SR700247,5220,IHREPAIRS,Q,PCPLUMB,Responsive,1,282.74,296.88,59.38,356.26,290.94,160.02,101.83,0.00,29.09,4.71,2026-03-25T14:01:00,2026-03-25T14:01:00,2026-04-22T14:01:00,2026-04-09T18:01:00,Completed,Met
WO700248,SR700248,5208,KPIF,UEL,PCCARP,Responsive,1,134.80,141.54,28.31,169.85,138.71,76.29,48.55,0.00,13.87,2.25,2026-03-25T10:12:00,2026-03-25T10:12:00,2026-03-26T10:12:00,2026-03-25T19:12:00,Completed,Met
WO700249,SR700249,5270,CCSS,NG,PCPLUMB,Responsive,1,249.59,262.07,52.41,314.48,256.83,25.68,38.52,166.94,25.68,4.16,2026-03-25T11:33:00,2026-03-25T11:33:00,2026-04-08T11:33:00,2026-03-29T00:33:00,Completed,Met
WO700250,SR700250,5273,KPIF,UEL,PCGROUND,Responsive,1,457.11,479.97,95.99,575.96,470.37,258.70,164.63,0.00,47.04,7.62,2026-03-25T08:43:00,2026-03-25T08:43:00,2026-03-26T08:43:00,2026-03-25T20:43:00,Completed,Met
WO700251,SR700251,5300,PHJONESGAS,E,PCBRICK,Responsive,1,379.56,398.54,79.71,478.25,390.57,39.06,58.59,253.87,39.06,6.33,2026-03-25T13:01:00,2026-03-25T13:01:00,2026-03-26T13:01:00,2026-03-25T23:01:00,Completed,Met
WO700252,SR700252,5221,KPIF,UEL,PCCARP,Responsive,1,113.85,119.54,23.91,143.45,117.15,64.43,41.00,0.00,11.71,1.90,2026-03-25T13:03:00,2026-03-25T13:03:00,2026-03-26T13:03:00,,Open,Open
WO700253,SR700253,5229,OPENVIEW,Q,PCVINYL,Responsive,1,267.44,280.81,56.16,336.97,275.19,27.52,41.28,178.87,27.52,4.46,2026-03-25T09:58:00,2026-03-25T09:58:00,2026-04-22T09:58:00,2026-04-14T12:58:00,Completed,Met
WO700254,SR700254,5290,KPIF,QEL,PCFENCE,Responsive,1,332.39,349.01,69.80,418.81,342.03,188.12,119.71,0.00,34.20,5.54,2026-03-25T14:28:00,2026-03-25T14:28:00,2026-04-08T14:28:00,2026-03-31T19:28:00,Completed,Met
WO700255,SR700255,5225,KPIF,Q,PCELEC,Responsive,1,278.29,292.20,58.44,350.64,286.36,157.50,100.23,0.00,28.64,4.64,2026-03-25T08:49:00,2026-03-25T08:49:00,2026-04-22T08:49:00,2026-04-14T13:49:00,Completed,Met
WO700256,SR700256,5268,BRADLEY,E,PCELEC,Responsive,1,219.94,230.94,46.19,277.13,226.32,22.63,33.95,147.11,22.63,3.67,2026-03-25T10:13:00,2026-03-25T10:13:00,2026-03-26T10:13:00,2026-03-26T01:13:00,Completed,Met
WO700257,SR700257,5242,IHREPAIRS,E,PCPLUMB,Responsive,1,157.35,165.22,33.04,198.26,161.92,89.06,56.67,0.00,16.19,2.62,2026-03-25T09:42:00,2026-03-25T09:42:00,2026-03-26T09:42:00,2026-03-26T00:42:00,Completed,Met
WO700258,SR700258,5210,IHREPAIRS,Q,PCFENCE,Responsive,1,305.33,320.60,64.12,384.72,314.19,172.80,109.97,0.00,31.42,5.09,2026-03-25T13:30:00,2026-03-25T13:30:00,2026-04-22T13:30:00,2026-04-15T03:30:00,Completed,Met
WO700259,SR700259,5221,PHJONESGAS,QEL,PCVINYL,Responsive,1,276.60,290.43,58.09,348.52,284.62,28.46,42.69,185.00,28.46,4.61,2026-03-25T14:02:00,2026-03-25T14:02:00,2026-04-08T14:02:00,2026-04-01T04:02:00,Completed,Met
WO700260,SR700260,5279,IHREPAIRS,UEL,PCFENCE,Responsive,1,336.75,353.59,70.72,424.31,346.52,190.59,121.28,0.00,34.65,5.61,2026-03-25T09:59:00,2026-03-25T09:59:00,2026-03-26T09:59:00,2026-03-25T17:59:00,Completed,Met
WO700261,SR700261,5223,PHJONESGAS,QEL,PCPLUMB,Responsive,1,180.21,189.22,37.84,227.06,185.44,18.54,27.82,120.54,18.54,3.00,2026-03-25T11:50:00,2026-03-25T11:50:00,2026-04-08T11:50:00,2026-04-05T16:50:00,Completed,Met
WO700262,SR700262,5224,PHJONESGAS,QEL,PCFENCE,Responsive,1,261.82,274.91,54.98,329.89,269.41,26.94,40.41,175.12,26.94,4.36,2026-03-25T10:23:00,2026-03-25T10:23:00,2026-04-08T10:23:00,2026-04-01T23:23:00,Completed,Met
WO700263,SR700263,5243,PHJONESGAS,UEL,PCCARP,Responsive,1,117.16,123.02,24.60,147.62,120.56,12.06,18.08,78.36,12.06,1.95,2026-03-25T09:55:00,2026-03-25T09:55:00,2026-03-26T09:55:00,2026-03-25T15:55:00,Completed,Met
WO700264,SR700264,5286,KPIF,Q,PCFENCE,Responsive,1,236.13,247.94,49.59,297.53,242.98,133.64,85.04,0.00,24.30,3.94,2026-03-25T10:37:00,2026-03-25T10:37:00,2026-04-22T10:37:00,2026-04-09T09:37:00,Completed,Met
WO700265,SR700265,5093,KPIF,E,PCPLUMB,Responsive,1,222.68,233.81,46.76,280.57,229.13,126.02,80.20,0.00,22.91,3.71,2026-03-26T12:04:00,2026-03-26T12:04:00,2026-03-27T12:04:00,2026-03-27T12:04:00,Completed,Met
WO700266,SR700266,5049,KPIF,Q,PCFENCE,Responsive,1,215.74,226.53,45.31,271.84,222.00,122.10,77.70,0.00,22.20,3.60,2026-03-26T12:35:00,2026-03-26T12:35:00,2026-04-23T12:35:00,2026-04-14T01:35:00,Completed,Met
WO700267,SR700267,5029,CCSS,Q,PCPLAST,Responsive,1,230.29,241.80,48.36,290.16,236.96,23.70,35.54,154.02,23.70,3.84,2026-03-26T08:47:00,2026-03-26T08:47:00,2026-04-23T08:47:00,2026-04-10T18:47:00,Completed,Met
WO700268,SR700268,5010,KPIF,U1,PCFENCE,Responsive,1,248.62,261.05,52.21,313.26,255.83,140.71,89.54,0.00,25.58,4.14,2026-03-26T09:08:00,2026-03-26T09:08:00,2026-03-28T09:08:00,2026-03-26T18:08:00,Completed,Met
WO700269,SR700269,5077,KPIF,Q,PCELEC,Responsive,1,344.59,361.82,72.36,434.18,354.58,195.02,124.10,0.00,35.46,5.74,2026-03-26T14:04:00,2026-03-26T14:04:00,2026-04-23T14:04:00,2026-04-18T08:04:00,Completed,Met
WO700270,SR700270,5013,KPIF,U1,PCFENCE,Responsive,1,241.69,253.77,50.75,304.52,248.69,136.78,87.04,0.00,24.87,4.03,2026-03-26T14:26:00,2026-03-26T14:26:00,2026-03-28T14:26:00,2026-03-26T22:26:00,Completed,Met
WO700271,SR700271,5085,KPIF,UEL,PCBRICK,Responsive,1,271.95,285.55,57.11,342.66,279.84,153.91,97.94,0.00,27.98,4.53,2026-03-26T11:51:00,2026-03-26T11:51:00,2026-03-27T11:51:00,2026-03-26T17:51:00,Completed,Met
WO700272,SR700272,5047,KPIF,Q,PCPLUMB,Responsive,1,205.03,215.28,43.06,258.34,210.97,116.03,73.84,0.00,21.10,3.42,2026-03-26T14:08:00,2026-03-26T14:08:00,2026-04-23T14:08:00,2026-04-07T20:08:00,Completed,Met
WO700273,SR700273,5027,PHJONESGAS,Q,PCPLAST,Responsive,1,174.30,183.02,36.60,219.62,179.36,17.94,26.90,116.58,17.94,2.91,2026-03-26T12:32:00,2026-03-26T12:32:00,2026-04-23T12:32:00,2026-04-14T23:32:00,Completed,Met
WO700274,SR700274,5063,IHREPAIRS,U1,PCBRICK,Responsive,1,360.91,378.96,75.79,454.75,371.38,204.26,129.98,0.00,37.14,6.02,2026-03-26T10:04:00,2026-03-26T10:04:00,2026-03-28T10:04:00,2026-03-27T08:04:00,Completed,Met
WO700275,SR700275,5006,KPIF,Q,PCBRICK,Responsive,1,307.05,322.40,64.48,386.88,315.95,173.77,110.58,0.00,31.59,5.12,2026-03-26T10:47:00,2026-03-26T10:47:00,2026-04-23T10:47:00,2026-04-09T06:47:00,Completed,Met
WO700276,SR700276,5013,OPENVIEW,Q,PCCARP,Responsive,1,172.08,180.68,36.14,216.82,177.07,17.71,26.56,115.10,17.71,2.87,2026-03-26T12:01:00,2026-03-26T12:01:00,2026-04-23T12:01:00,2026-04-19T15:01:00,Completed,Met
WO700277,SR700277,5050,IHREPAIRS,Q,PCGROUND,Responsive,1,386.13,405.44,81.09,486.53,397.33,218.53,139.07,0.00,39.73,6.44,2026-03-26T12:33:00,2026-03-26T12:33:00,2026-04-23T12:33:00,2026-04-08T14:33:00,Completed,Met
WO700278,SR700278,5051,BRADLEY,Q,PCPLUMB,Responsive,1,186.01,195.31,39.06,234.37,191.40,19.14,28.71,124.41,19.14,3.10,2026-03-26T13:22:00,2026-03-26T13:22:00,2026-04-23T13:22:00,2026-04-08T21:22:00,Completed,Met
WO700279,SR700279,5097,PHJONESGAS,U1,PCELEC,Responsive,1,237.31,249.18,49.84,299.02,244.20,24.42,36.63,158.73,24.42,3.96,2026-03-26T10:18:00,2026-03-26T10:18:00,2026-03-28T10:18:00,2026-03-27T16:18:00,Completed,Met
WO700280,SR700280,5088,OPENVIEW,U1,PCVINYL,Responsive,1,193.59,203.27,40.65,243.92,199.20,19.92,29.88,129.48,19.92,3.23,2026-03-26T09:45:00,2026-03-26T09:45:00,2026-03-28T09:45:00,2026-03-27T17:45:00,Completed,Met
WO700281,SR700281,5009,KPIF,Q,PCCARP,Responsive,1,149.24,156.70,31.34,188.04,153.57,84.46,53.75,0.00,15.36,2.49,2026-03-26T11:16:00,2026-03-26T11:16:00,2026-04-23T11:16:00,2026-04-16T11:16:00,Completed,Met
WO700282,SR700282,5002,KPIF,QEL,PCGROUND,Responsive,1,488.85,513.29,102.66,615.95,503.02,276.66,176.06,0.00,50.30,8.15,2026-03-26T09:46:00,2026-03-26T09:46:00,2026-04-09T09:46:00,2026-04-06T00:46:00,Completed,Met
WO700283,SR700283,5013,KPIF,Q,PCCARP,Responsive,1,130.63,137.16,27.43,164.59,134.42,73.93,47.05,0.00,13.44,2.18,2026-03-26T10:56:00,2026-03-26T10:56:00,2026-04-23T10:56:00,2026-04-19T23:56:00,Completed,Met
WO700284,SR700284,5034,IHREPAIRS,Q,PCVINYL,Responsive,1,227.41,238.78,47.76,286.54,234.00,128.70,81.90,0.00,23.40,3.79,2026-03-26T12:32:00,2026-03-26T12:32:00,2026-04-23T12:32:00,2026-04-16T16:32:00,Completed,Met
WO700285,SR700285,5078,BRADLEY,E,PCVINYL,Responsive,1,208.28,218.69,43.74,262.43,214.32,21.43,32.15,139.31,21.43,3.47,2026-03-26T11:19:00,2026-03-26T11:19:00,2026-03-27T11:19:00,2026-03-27T00:19:00,Completed,Met
WO700286,SR700286,5035,OPENVIEW,E,PCFENCE,Responsive,1,369.94,388.44,77.69,466.13,380.67,38.07,57.10,247.44,38.07,6.17,2026-03-26T11:05:00,2026-03-26T11:05:00,2026-03-27T11:05:00,2026-03-26T21:05:00,Completed,Met
WO700287,SR700287,5188,KPIF,NG,PCCARP,Responsive,1,174.35,183.07,36.61,219.68,179.41,98.68,62.79,0.00,17.94,2.91,2026-03-26T11:03:00,2026-03-26T11:03:00,2026-04-09T11:03:00,2026-04-06T20:03:00,Completed,Met
WO700288,SR700288,5135,KPIF,Q,PCVINYL,Responsive,1,291.65,306.23,61.25,367.48,300.11,165.06,105.04,0.00,30.01,4.86,2026-03-26T12:16:00,2026-03-26T12:16:00,2026-04-23T12:16:00,2026-04-14T19:16:00,Completed,Met
WO700289,SR700289,5198,OPENVIEW,QEL,PCGROUND,Responsive,1,383.73,402.92,80.58,483.50,394.86,39.49,59.23,256.66,39.49,6.40,2026-03-26T12:53:00,2026-03-26T12:53:00,2026-04-09T12:53:00,2026-04-04T03:53:00,Completed,Met
WO700290,SR700290,5152,IHREPAIRS,QEL,PCPLAST,Responsive,1,204.26,214.47,42.89,257.36,210.18,115.60,73.56,0.00,21.02,3.40,2026-03-26T13:21:00,2026-03-26T13:21:00,2026-04-09T13:21:00,2026-04-05T17:21:00,Completed,Met
WO700291,SR700291,5108,KPIF,E,PCTILE,Responsive,1,137.88,144.77,28.95,173.72,141.87,78.03,49.65,0.00,14.19,2.30,2026-03-26T11:34:00,2026-03-26T11:34:00,2026-03-27T11:34:00,2026-03-27T00:34:00,Completed,Met
WO700292,SR700292,5165,KPIF,Q,PCVINYL,Responsive,1,265.81,279.10,55.82,334.92,273.52,150.44,95.73,0.00,27.35,4.43,2026-03-26T08:45:00,2026-03-26T08:45:00,2026-04-23T08:45:00,2026-04-12T11:45:00,Completed,Met
WO700293,SR700293,5161,KPIF,Q,PCGROUND,Responsive,1,297.23,312.09,62.42,374.51,305.85,168.22,107.05,0.00,30.58,4.95,2026-03-26T10:42:00,2026-03-26T10:42:00,2026-04-23T10:42:00,2026-04-12T03:42:00,Completed,Met
WO700294,SR700294,5150,IHREPAIRS,U1,PCPLUMB,Responsive,1,191.23,200.79,40.16,240.95,196.77,108.22,68.87,0.00,19.68,3.19,2026-03-26T10:19:00,2026-03-26T10:19:00,2026-03-28T10:19:00,2026-03-27T23:19:00,Completed,Met
WO700295,SR700295,5135,OPENVIEW,Q,PCVINYL,Responsive,1,224.87,236.11,47.22,283.33,231.39,23.14,34.71,150.40,23.14,3.75,2026-03-26T14:19:00,2026-03-26T14:19:00,2026-04-23T14:19:00,2026-04-24T16:19:00,Completed,Breached
WO700296,SR700296,5177,IHREPAIRS,UEL,PCPLUMB,Responsive,1,173.94,182.64,36.53,219.17,178.99,98.44,62.65,0.00,17.90,2.90,2026-03-26T11:06:00,2026-03-26T11:06:00,2026-03-27T11:06:00,2026-03-26T23:06:00,Completed,Met
WO700297,SR700297,5149,KPIF,Q,PCFENCE,Responsive,1,195.67,205.45,41.09,246.54,201.34,110.74,70.47,0.00,20.13,3.26,2026-03-26T11:04:00,2026-03-26T11:04:00,2026-04-23T11:04:00,2026-04-07T15:04:00,Completed,Met
WO700298,SR700298,5114,IHREPAIRS,Q,PCPLUMB,Responsive,1,218.16,229.07,45.81,274.88,224.49,123.47,78.57,0.00,22.45,3.64,2026-03-26T11:41:00,2026-03-26T11:41:00,2026-04-23T11:41:00,2026-04-05T07:41:00,Completed,Met
WO700299,SR700299,5188,KPIF,Q,PCCARP,Responsive,1,130.21,136.72,27.34,164.06,133.99,73.69,46.90,0.00,13.40,2.17,2026-03-26T10:51:00,2026-03-26T10:51:00,2026-04-23T10:51:00,2026-04-05T03:51:00,Completed,Met
WO700300,SR700300,5192,IHREPAIRS,U1,PCBRICK,Responsive,1,258.57,271.50,54.30,325.80,266.07,146.34,93.12,0.00,26.61,4.31,2026-03-26T10:33:00,2026-03-26T10:33:00,2026-03-28T10:33:00,2026-03-28T04:33:00,Completed,Met
WO700301,SR700301,5177,CCSS,Q,PCVINYL,Responsive,1,106.55,111.88,22.38,134.26,109.64,10.96,16.45,71.27,10.96,1.78,2026-03-26T08:43:00,2026-03-26T08:43:00,2026-04-23T08:43:00,2026-04-01T06:43:00,Completed,Met
WO700302,SR700302,5154,KPIF,Q,PCVINYL,Responsive,1,186.77,196.11,39.22,235.33,192.19,105.70,67.27,0.00,19.22,3.11,2026-03-26T13:22:00,2026-03-26T13:22:00,2026-04-23T13:22:00,2026-04-14T09:22:00,Completed,Met
WO700303,SR700303,5188,IHREPAIRS,Q,PCGROUND,Responsive,1,458.42,481.34,96.27,577.61,471.71,259.44,165.10,0.00,47.17,7.64,2026-03-26T14:13:00,2026-03-26T14:13:00,2026-04-23T14:13:00,2026-04-09T09:13:00,Completed,Met
WO700304,SR700304,5185,KPIF,U1,PCGROUND,Responsive,1,291.58,306.16,61.23,367.39,300.04,165.02,105.01,0.00,30.00,4.86,2026-03-26T09:35:00,2026-03-26T09:35:00,2026-03-28T09:35:00,2026-03-27T12:35:00,Completed,Met
WO700305,SR700305,5124,KPIF,Q,PCFENCE,Responsive,1,236.86,248.70,49.74,298.44,243.73,134.05,85.31,0.00,24.37,3.95,2026-03-26T10:24:00,2026-03-26T10:24:00,2026-04-23T10:24:00,2026-04-12T01:24:00,Completed,Met
WO700306,SR700306,5143,KPIF,UEL,PCFENCE,Responsive,1,298.61,313.54,62.71,376.25,307.27,169.00,107.54,0.00,30.73,4.98,2026-03-26T09:30:00,2026-03-26T09:30:00,2026-03-27T09:30:00,2026-03-26T13:30:00,Completed,Met
WO700307,SR700307,5180,KPIF,Q,PCCARP,Responsive,1,156.50,164.33,32.87,197.20,161.04,88.57,56.36,0.00,16.10,2.61,2026-03-26T09:31:00,2026-03-26T09:31:00,2026-04-23T09:31:00,2026-04-15T20:31:00,Completed,Met
WO700308,SR700308,5107,KPIF,U1,PCPLAST,Responsive,1,193.88,203.57,40.71,244.28,199.50,109.73,69.82,0.00,19.95,3.23,2026-03-26T11:59:00,2026-03-26T11:59:00,2026-03-28T11:59:00,2026-03-28T12:59:00,Completed,Breached
WO700309,SR700309,5219,KPIF,QEL,PCFENCE,Responsive,1,285.55,299.83,59.97,359.80,293.83,161.61,102.84,0.00,29.38,4.76,2026-03-26T09:11:00,2026-03-26T09:11:00,2026-04-09T09:11:00,2026-03-30T19:11:00,Completed,Met
WO700310,SR700310,5282,KPIF,E,PCPLUMB,Responsive,1,228.30,239.72,47.94,287.66,234.93,129.21,82.23,0.00,23.49,3.81,2026-03-26T09:56:00,2026-03-26T09:56:00,2026-03-27T09:56:00,2026-03-26T20:56:00,Completed,Met
WO700311,SR700311,5300,KPIF,U1,PCCARP,Responsive,1,227.92,239.32,47.86,287.18,234.53,128.99,82.09,0.00,23.45,3.80,2026-03-26T12:09:00,2026-03-26T12:09:00,2026-03-28T12:09:00,2026-03-26T20:09:00,Completed,Met
WO700312,SR700312,5205,KPIF,U1,PCGROUND,Responsive,1,332.10,348.71,69.74,418.45,341.74,187.96,119.61,0.00,34.17,5.54,2026-03-26T08:37:00,2026-03-26T08:37:00,2026-03-28T08:37:00,2026-03-28T01:37:00,Completed,Met
WO700313,SR700313,5203,KPIF,Q,PCPLUMB,Responsive,1,213.91,224.61,44.92,269.53,220.12,121.07,77.04,0.00,22.01,3.57,2026-03-26T14:25:00,2026-03-26T14:25:00,2026-04-23T14:25:00,2026-04-15T20:25:00,Completed,Met
WO700314,SR700314,5265,OPENVIEW,U1,PCBRICK,Responsive,1,299.78,314.77,62.95,377.72,308.47,30.85,46.27,200.51,30.85,5.00,2026-03-26T11:02:00,2026-03-26T11:02:00,2026-03-28T11:02:00,2026-03-28T01:02:00,Completed,Met
WO700315,SR700315,5268,CCSS,Q,PCFENCE,Responsive,1,370.58,389.11,77.82,466.93,381.33,38.13,57.20,247.86,38.13,6.18,2026-03-26T09:38:00,2026-03-26T09:38:00,2026-04-23T09:38:00,2026-04-05T13:38:00,Completed,Met
WO700316,SR700316,5225,BRADLEY,QEL,PCPLAST,Responsive,1,203.08,213.23,42.65,255.88,208.97,20.90,31.35,135.83,20.90,3.38,2026-03-26T11:56:00,2026-03-26T11:56:00,2026-04-09T11:56:00,2026-04-05T20:56:00,Completed,Met
WO700317,SR700317,5228,KPIF,Q,PCPLUMB,Responsive,1,165.70,173.98,34.80,208.78,170.50,93.78,59.67,0.00,17.05,2.76,2026-03-26T11:37:00,2026-03-26T11:37:00,2026-04-23T11:37:00,2026-04-09T20:37:00,Completed,Met
WO700318,SR700318,5282,IHREPAIRS,QEL,PCBRICK,Responsive,1,317.16,333.02,66.60,399.62,326.36,179.50,114.23,0.00,32.64,5.29,2026-03-26T13:34:00,2026-03-26T13:34:00,2026-04-09T13:34:00,2026-04-08T01:34:00,Completed,Met
WO700319,SR700319,5203,KPIF,Q,PCPLUMB,Responsive,1,263.11,276.27,55.25,331.52,270.74,148.91,94.76,0.00,27.07,4.39,2026-03-26T11:44:00,2026-03-26T11:44:00,2026-04-23T11:44:00,2026-04-15T07:44:00,Completed,Met
WO700320,SR700320,5227,IHREPAIRS,UEL,PCPLUMB,Responsive,1,232.32,243.94,48.79,292.73,239.06,131.48,83.67,0.00,23.91,3.87,2026-03-26T14:09:00,2026-03-26T14:09:00,2026-03-27T14:09:00,2026-03-26T21:09:00,Completed,Met
WO700321,SR700321,5254,IHREPAIRS,Q,PCCARP,Responsive,1,190.08,199.58,39.92,239.50,195.59,107.57,68.46,0.00,19.56,3.17,2026-03-26T10:54:00,2026-03-26T10:54:00,2026-04-23T10:54:00,2026-04-14T05:54:00,Completed,Met
WO700322,SR700322,5226,PHJONESGAS,QEL,PCBRICK,Responsive,1,273.85,287.54,57.51,345.05,281.79,28.18,42.27,183.16,28.18,4.56,2026-03-26T11:33:00,2026-03-26T11:33:00,2026-04-09T11:33:00,,Open,Open
WO700323,SR700323,5264,IHREPAIRS,Q,PCTILE,Responsive,1,160.74,168.78,33.76,202.54,165.40,90.97,57.89,0.00,16.54,2.68,2026-03-26T10:30:00,2026-03-26T10:30:00,2026-04-23T10:30:00,2026-04-20T13:30:00,Completed,Met
WO700324,SR700324,5274,KPIF,U1,PCELEC,Responsive,1,294.09,308.79,61.76,370.55,302.61,166.44,105.91,0.00,30.26,4.90,2026-03-26T12:51:00,2026-03-26T12:51:00,2026-03-28T12:51:00,2026-03-28T06:51:00,Completed,Met
WO700325,SR700325,5283,PHJONESGAS,Q,PCTILE,Responsive,1,162.94,171.09,34.22,205.31,167.67,16.77,25.15,108.99,16.77,2.72,2026-03-26T10:45:00,2026-03-26T10:45:00,2026-04-23T10:45:00,2026-04-09T17:45:00,Completed,Met
WO700326,SR700326,5206,CCSS,Q,PCBRICK,Responsive,1,294.33,309.05,61.81,370.86,302.87,30.29,45.43,196.87,30.29,4.91,2026-03-26T12:08:00,2026-03-26T12:08:00,2026-04-23T12:08:00,2026-04-12T02:08:00,Completed,Met
WO700327,SR700327,5206,IHREPAIRS,QEL,PCPLUMB,Responsive,1,320.66,336.69,67.34,404.03,329.96,181.48,115.49,0.00,33.00,5.34,2026-03-26T09:57:00,2026-03-26T09:57:00,2026-04-09T09:57:00,2026-03-31T22:57:00,Completed,Met
WO700328,SR700328,5235,KPIF,Q,PCCARP,Responsive,1,228.44,239.86,47.97,287.83,235.06,129.28,82.27,0.00,23.51,3.81,2026-03-26T09:28:00,2026-03-26T09:28:00,2026-04-23T09:28:00,2026-03-31T12:28:00,Completed,Met
WO700329,SR700329,5250,IHREPAIRS,QEL,PCELEC,Responsive,1,307.11,322.47,64.49,386.96,316.02,173.81,110.61,0.00,31.60,5.12,2026-03-26T09:55:00,2026-03-26T09:55:00,2026-04-09T09:55:00,,Open,Open
WO700330,SR700330,5221,IHREPAIRS,Q,PCCARP,Responsive,1,161.55,169.63,33.93,203.56,166.24,91.43,58.18,0.00,16.62,2.69,2026-03-26T13:21:00,2026-03-26T13:21:00,2026-04-23T13:21:00,2026-04-10T19:21:00,Completed,Met
WO700331,SR700331,5046,BRADLEY,QEL,PCPLUMB,Responsive,1,245.31,257.58,51.52,309.10,252.43,25.24,37.86,164.08,25.24,4.09,2026-03-27T09:36:00,2026-03-27T09:36:00,2026-04-10T09:36:00,2026-04-01T13:36:00,Completed,Met
WO700332,SR700332,5057,IHREPAIRS,E,PCPLUMB,Responsive,1,177.60,186.48,37.30,223.78,182.75,100.51,63.96,0.00,18.27,2.96,2026-03-27T08:36:00,2026-03-27T08:36:00,2026-03-28T08:36:00,2026-03-27T20:36:00,Completed,Met
WO700333,SR700333,5074,CCSS,NG,PCTILE,Responsive,1,154.74,162.48,32.50,194.98,159.23,15.92,23.88,103.50,15.92,2.58,2026-03-27T11:23:00,2026-03-27T11:23:00,2026-04-10T11:23:00,2026-03-31T14:23:00,Completed,Met
WO700334,SR700334,5056,IHREPAIRS,Q,PCTILE,Responsive,1,196.43,206.25,41.25,247.50,202.12,111.17,70.74,0.00,20.21,3.27,2026-03-27T13:58:00,2026-03-27T13:58:00,2026-04-24T13:58:00,2026-04-05T07:58:00,Completed,Met
WO700335,SR700335,5079,PHJONESGAS,E,PCPLUMB,Responsive,1,171.34,179.91,35.98,215.89,176.31,17.63,26.45,114.60,17.63,2.86,2026-03-27T12:48:00,2026-03-27T12:48:00,2026-03-28T12:48:00,2026-03-28T07:48:00,Completed,Met
WO700336,SR700336,5010,KPIF,UEL,PCELEC,Responsive,1,270.34,283.86,56.77,340.63,278.18,153.00,97.36,0.00,27.82,4.51,2026-03-27T10:52:00,2026-03-27T10:52:00,2026-03-28T10:52:00,2026-03-28T03:52:00,Completed,Met
WO700337,SR700337,5052,KPIF,U1,PCTILE,Responsive,1,178.18,187.09,37.42,224.51,183.35,100.84,64.17,0.00,18.33,2.97,2026-03-27T13:23:00,2026-03-27T13:23:00,2026-03-29T13:23:00,2026-03-27T23:23:00,Completed,Met
WO700338,SR700338,5016,KPIF,Q,PCELEC,Responsive,1,291.26,305.82,61.16,366.98,299.70,164.84,104.89,0.00,29.97,4.85,2026-03-27T11:56:00,2026-03-27T11:56:00,2026-04-24T11:56:00,,Open,Open
WO700339,SR700339,5012,IHREPAIRS,QEL,PCBRICK,Responsive,1,195.68,205.46,41.09,246.55,201.35,110.74,70.47,0.00,20.13,3.26,2026-03-27T14:05:00,2026-03-27T14:05:00,2026-04-10T14:05:00,2026-04-01T17:05:00,Completed,Met
WO700340,SR700340,5007,KPIF,QEL,PCTILE,Responsive,1,133.13,139.79,27.96,167.75,136.99,75.34,47.95,0.00,13.70,2.22,2026-03-27T13:47:00,2026-03-27T13:47:00,2026-04-10T13:47:00,2026-04-01T08:47:00,Completed,Met
WO700341,SR700341,5058,IHREPAIRS,U1,PCCARP,Responsive,1,231.21,242.77,48.55,291.32,237.91,130.85,83.27,0.00,23.79,3.85,2026-03-27T08:31:00,2026-03-27T08:31:00,2026-03-29T08:31:00,2026-03-28T02:31:00,Completed,Met
WO700342,SR700342,5038,CCSS,Q,PCGROUND,Responsive,1,358.13,376.04,75.21,451.25,368.52,36.85,55.28,239.54,36.85,5.97,2026-03-27T08:53:00,2026-03-27T08:53:00,2026-04-24T08:53:00,2026-04-18T07:53:00,Completed,Met
WO700343,SR700343,5096,IHREPAIRS,U1,PCVINYL,Responsive,1,273.27,286.93,57.39,344.32,281.19,154.65,98.42,0.00,28.12,4.55,2026-03-27T10:06:00,2026-03-27T10:06:00,2026-03-29T10:06:00,2026-03-29T04:06:00,Completed,Met
WO700344,SR700344,5025,KPIF,U1,PCFENCE,Responsive,1,222.70,233.84,46.77,280.61,229.16,126.04,80.21,0.00,22.92,3.71,2026-03-27T13:54:00,2026-03-27T13:54:00,2026-03-29T13:54:00,2026-03-29T00:54:00,Completed,Met
WO700345,SR700345,5058,PHJONESGAS,Q,PCELEC,Responsive,1,259.02,271.97,54.39,326.36,266.53,26.65,39.98,173.24,26.65,4.32,2026-03-27T09:38:00,2026-03-27T09:38:00,2026-04-24T09:38:00,2026-04-13T16:38:00,Completed,Met
WO700346,SR700346,5071,IHREPAIRS,QEL,PCVINYL,Responsive,1,134.71,141.45,28.29,169.74,138.62,76.24,48.52,0.00,13.86,2.25,2026-03-27T12:50:00,2026-03-27T12:50:00,2026-04-10T12:50:00,2026-04-06T02:50:00,Completed,Met
WO700347,SR700347,5023,IHREPAIRS,U1,PCPLAST,Responsive,1,171.34,179.91,35.98,215.89,176.31,96.97,61.71,0.00,17.63,2.86,2026-03-27T13:40:00,2026-03-27T13:40:00,2026-03-29T13:40:00,2026-03-29T02:40:00,Completed,Met
WO700348,SR700348,5078,PHJONESGAS,UEL,PCTILE,Responsive,1,164.50,172.72,34.54,207.26,169.27,16.93,25.39,110.03,16.93,2.74,2026-03-27T11:00:00,2026-03-27T11:00:00,2026-03-28T11:00:00,2026-03-27T22:00:00,Completed,Met
WO700349,SR700349,5090,CCSS,UEL,PCGROUND,Responsive,1,242.13,254.24,50.85,305.09,249.16,24.92,37.37,161.95,24.92,4.04,2026-03-27T11:10:00,2026-03-27T11:10:00,2026-03-28T11:10:00,2026-03-27T22:10:00,Completed,Met
WO700350,SR700350,5026,KPIF,Q,PCTILE,Responsive,1,152.70,160.34,32.07,192.41,157.13,86.42,55.00,0.00,15.71,2.54,2026-03-27T11:26:00,2026-03-27T11:26:00,2026-04-24T11:26:00,2026-04-15T21:26:00,Completed,Met
WO700351,SR700351,5023,IHREPAIRS,Q,PCGROUND,Responsive,1,315.35,331.12,66.22,397.34,324.50,178.48,113.57,0.00,32.45,5.26,2026-03-27T09:29:00,2026-03-27T09:29:00,2026-04-24T09:29:00,2026-04-13T15:29:00,Completed,Met
WO700352,SR700352,5086,BRADLEY,Q,PCVINYL,Responsive,1,294.82,309.56,61.91,371.47,303.37,30.34,45.51,197.19,30.34,4.91,2026-03-27T13:03:00,2026-03-27T13:03:00,2026-04-24T13:03:00,2026-04-10T21:03:00,Completed,Met
WO700353,SR700353,5167,KPIF,E,PCCARP,Responsive,1,188.89,198.33,39.67,238.00,194.36,106.90,68.03,0.00,19.44,3.15,2026-03-27T14:13:00,2026-03-27T14:13:00,2026-03-28T14:13:00,2026-03-28T07:13:00,Completed,Met
WO700354,SR700354,5137,KPIF,U1,PCBRICK,Responsive,1,388.92,408.37,81.67,490.04,400.20,220.11,140.07,0.00,40.02,6.48,2026-03-27T11:01:00,2026-03-27T11:01:00,2026-03-29T11:01:00,2026-03-28T19:01:00,Completed,Met
WO700355,SR700355,5158,CCSS,Q,PCCARP,Responsive,1,139.94,146.94,29.39,176.33,144.00,14.40,21.60,93.60,14.40,2.33,2026-03-27T13:17:00,2026-03-27T13:17:00,2026-04-24T13:17:00,2026-04-19T10:17:00,Completed,Met
WO700356,SR700356,5131,CCSS,QEL,PCGROUND,Responsive,1,388.56,407.99,81.60,489.59,399.83,39.98,59.97,259.89,39.98,6.48,2026-03-27T10:57:00,2026-03-27T10:57:00,2026-04-10T10:57:00,2026-04-04T12:57:00,Completed,Met
WO700357,SR700357,5154,KPIF,NG,PCFENCE,Responsive,1,377.21,396.07,79.21,475.28,388.15,213.48,135.85,0.00,38.81,6.29,2026-03-27T10:38:00,2026-03-27T10:38:00,2026-04-10T10:38:00,2026-04-06T10:38:00,Completed,Met
WO700358,SR700358,5157,CCSS,QEL,PCTILE,Responsive,1,188.34,197.76,39.55,237.31,193.80,19.38,29.07,125.97,19.38,3.14,2026-03-27T14:01:00,2026-03-27T14:01:00,2026-04-10T14:01:00,2026-04-02T11:01:00,Completed,Met
WO700359,SR700359,5126,KPIF,UEL,PCTILE,Responsive,1,193.28,202.94,40.59,243.53,198.88,109.38,69.61,0.00,19.89,3.22,2026-03-27T14:19:00,2026-03-27T14:19:00,2026-03-28T14:19:00,2026-03-28T15:19:00,Completed,Breached
WO700360,SR700360,5116,KPIF,E,PCVINYL,Responsive,1,258.25,271.16,54.23,325.39,265.74,146.16,93.01,0.00,26.57,4.30,2026-03-27T10:45:00,2026-03-27T10:45:00,2026-03-28T10:45:00,2026-03-28T04:45:00,Completed,Met
WO700361,SR700361,5143,KPIF,Q,PCELEC,Responsive,1,232.65,244.28,48.86,293.14,239.39,131.66,83.79,0.00,23.94,3.88,2026-03-27T09:48:00,2026-03-27T09:48:00,2026-04-24T09:48:00,2026-04-19T23:48:00,Completed,Met
WO700362,SR700362,5181,IHREPAIRS,Q,PCBRICK,Responsive,1,359.94,377.94,75.59,453.53,370.38,203.71,129.63,0.00,37.04,6.00,2026-03-27T11:33:00,2026-03-27T11:33:00,2026-04-24T11:33:00,2026-04-21T03:33:00,Completed,Met
WO700363,SR700363,5124,IHREPAIRS,E,PCGROUND,Responsive,1,389.94,409.44,81.89,491.33,401.25,220.69,140.44,0.00,40.12,6.50,2026-03-27T12:02:00,2026-03-27T12:02:00,2026-03-28T12:02:00,2026-03-27T21:02:00,Completed,Met
WO700364,SR700364,5128,KPIF,UEL,PCFENCE,Responsive,1,247.61,259.99,52.00,311.99,254.79,140.13,89.18,0.00,25.48,4.13,2026-03-27T13:46:00,2026-03-27T13:46:00,2026-03-28T13:46:00,2026-03-27T14:46:00,Completed,Met
WO700365,SR700365,5184,KPIF,U1,PCPLUMB,Responsive,1,206.35,216.67,43.33,260.00,212.34,116.79,74.32,0.00,21.23,3.44,2026-03-27T10:33:00,2026-03-27T10:33:00,2026-03-29T10:33:00,2026-03-29T01:33:00,Completed,Met
WO700366,SR700366,5106,CCSS,Q,PCFENCE,Responsive,1,321.29,337.35,67.47,404.82,330.60,33.06,49.59,214.89,33.06,5.35,2026-03-27T09:28:00,2026-03-27T09:28:00,2026-04-24T09:28:00,2026-04-07T21:28:00,Completed,Met
WO700367,SR700367,5167,IHREPAIRS,Q,PCFENCE,Responsive,1,309.32,324.79,64.96,389.75,318.29,175.06,111.40,0.00,31.83,5.16,2026-03-27T12:39:00,2026-03-27T12:39:00,2026-04-24T12:39:00,2026-04-24T19:39:00,Completed,Breached
WO700368,SR700368,5166,KPIF,QEL,PCCARP,Responsive,1,170.58,179.11,35.82,214.93,175.53,96.54,61.44,0.00,17.55,2.84,2026-03-27T13:05:00,2026-03-27T13:05:00,2026-04-10T13:05:00,2026-04-01T02:05:00,Completed,Met
WO700369,SR700369,5181,KPIF,QEL,PCTILE,Responsive,1,212.01,222.61,44.52,267.13,218.16,119.99,76.36,0.00,21.82,3.53,2026-03-27T09:23:00,2026-03-27T09:23:00,2026-04-10T09:23:00,2026-04-06T05:23:00,Completed,Met
WO700370,SR700370,5195,PHJONESGAS,Q,PCVINYL,Responsive,1,256.12,268.93,53.79,322.72,263.55,26.36,39.53,171.31,26.35,4.27,2026-03-27T14:21:00,2026-03-27T14:21:00,2026-04-24T14:21:00,2026-04-16T21:21:00,Completed,Met
WO700371,SR700371,5112,CCSS,E,PCCARP,Responsive,1,205.77,216.06,43.21,259.27,211.74,21.17,31.76,137.63,21.17,3.43,2026-03-27T13:15:00,2026-03-27T13:15:00,2026-03-28T13:15:00,2026-03-28T11:15:00,Completed,Met
WO700372,SR700372,5153,KPIF,Q,PCVINYL,Responsive,1,226.27,237.58,47.52,285.10,232.83,128.06,81.49,0.00,23.28,3.77,2026-03-27T11:11:00,2026-03-27T11:11:00,2026-04-24T11:11:00,2026-04-21T14:11:00,Completed,Met
WO700373,SR700373,5183,IHREPAIRS,Q,PCCARP,Responsive,1,155.14,162.90,32.58,195.48,159.64,87.80,55.87,0.00,15.96,2.59,2026-03-27T14:28:00,2026-03-27T14:28:00,2026-04-24T14:28:00,2026-04-16T10:28:00,Completed,Met
WO700374,SR700374,5138,KPIF,Q,PCBRICK,Responsive,1,392.58,412.21,82.44,494.65,403.97,222.18,141.39,0.00,40.40,6.54,2026-03-27T12:14:00,2026-03-27T12:14:00,2026-04-24T12:14:00,,Open,Open
WO700375,SR700375,5221,CCSS,UEL,PCGROUND,Responsive,1,510.49,536.01,107.20,643.21,525.29,52.53,78.79,341.44,52.53,8.51,2026-03-27T13:09:00,2026-03-27T13:09:00,2026-03-28T13:09:00,2026-03-28T01:09:00,Completed,Met
WO700376,SR700376,5294,KPIF,QEL,PCFENCE,Responsive,1,291.43,306.00,61.20,367.20,299.88,164.93,104.96,0.00,29.99,4.86,2026-03-27T13:14:00,2026-03-27T13:14:00,2026-04-10T13:14:00,2026-04-05T10:14:00,Completed,Met
WO700377,SR700377,5251,KPIF,Q,PCGROUND,Responsive,1,250.40,262.92,52.58,315.50,257.66,141.71,90.18,0.00,25.77,4.17,2026-03-27T10:17:00,2026-03-27T10:17:00,2026-04-24T10:17:00,2026-04-13T02:17:00,Completed,Met
WO700378,SR700378,5253,KPIF,U1,PCGROUND,Responsive,1,368.20,386.61,77.32,463.93,378.88,208.38,132.61,0.00,37.89,6.14,2026-03-27T13:45:00,2026-03-27T13:45:00,2026-03-29T13:45:00,2026-03-28T21:45:00,Completed,Met
WO700379,SR700379,5273,BRADLEY,QEL,PCPLUMB,Responsive,1,253.15,265.81,53.16,318.97,260.49,26.05,39.07,169.32,26.05,4.22,2026-03-27T13:11:00,2026-03-27T13:11:00,2026-04-10T13:11:00,2026-04-01T12:11:00,Completed,Met
WO700380,SR700380,5209,CCSS,U1,PCBRICK,Responsive,1,303.77,318.96,63.79,382.75,312.58,31.26,46.89,203.18,31.26,5.06,2026-03-27T12:39:00,2026-03-27T12:39:00,2026-03-29T12:39:00,2026-03-29T01:39:00,Completed,Met
WO700381,SR700381,5231,KPIF,UEL,PCCARP,Responsive,1,212.29,222.90,44.58,267.48,218.44,120.14,76.45,0.00,21.84,3.54,2026-03-27T10:09:00,2026-03-27T10:09:00,2026-03-28T10:09:00,2026-03-27T22:09:00,Completed,Met
WO700382,SR700382,5240,KPIF,Q,PCPLAST,Responsive,1,194.38,204.10,40.82,244.92,200.02,110.01,70.01,0.00,20.00,3.24,2026-03-27T11:11:00,2026-03-27T11:11:00,2026-04-24T11:11:00,2026-04-16T13:11:00,Completed,Met
WO700383,SR700383,5229,KPIF,UEL,PCVINYL,Responsive,1,139.25,146.21,29.24,175.45,143.29,78.81,50.15,0.00,14.33,2.32,2026-03-27T14:17:00,2026-03-27T14:17:00,2026-03-28T14:17:00,2026-03-28T03:17:00,Completed,Met
WO700384,SR700384,5246,KPIF,Q,PCBRICK,Responsive,1,251.32,263.89,52.78,316.67,258.61,142.24,90.51,0.00,25.86,4.19,2026-03-27T14:00:00,2026-03-27T14:00:00,2026-04-24T14:00:00,2026-04-04T22:00:00,Completed,Met
WO700385,SR700385,5218,CCSS,U1,PCGROUND,Responsive,1,423.51,444.69,88.94,533.63,435.80,43.58,65.37,283.27,43.58,7.06,2026-03-27T13:50:00,2026-03-27T13:50:00,2026-03-29T13:50:00,,Open,Open
WO700386,SR700386,5265,IHREPAIRS,QEL,PCPLUMB,Responsive,1,251.48,264.05,52.81,316.86,258.77,142.32,90.57,0.00,25.88,4.19,2026-03-27T13:32:00,2026-03-27T13:32:00,2026-04-10T13:32:00,2026-04-05T02:32:00,Completed,Met
WO700387,SR700387,5270,KPIF,Q,PCELEC,Responsive,1,339.36,356.33,71.27,427.60,349.20,192.06,122.22,0.00,34.92,5.66,2026-03-27T11:50:00,2026-03-27T11:50:00,2026-04-24T11:50:00,2026-04-14T20:50:00,Completed,Met
WO700388,SR700388,5238,IHREPAIRS,Q,PCPLAST,Responsive,1,203.97,214.17,42.83,257.00,209.89,115.44,73.46,0.00,20.99,3.40,2026-03-27T11:53:00,2026-03-27T11:53:00,2026-04-24T11:53:00,2026-04-12T17:53:00,Completed,Met
WO700389,SR700389,5279,KPIF,Q,PCPLAST,Responsive,1,279.19,293.15,58.63,351.78,287.29,158.01,100.55,0.00,28.73,4.65,2026-03-27T09:51:00,2026-03-27T09:51:00,2026-04-24T09:51:00,2026-04-19T01:51:00,Completed,Met
WO700390,SR700390,5219,KPIF,QEL,PCELEC,Responsive,1,296.43,311.25,62.25,373.50,305.02,167.76,106.76,0.00,30.50,4.94,2026-03-27T12:39:00,2026-03-27T12:39:00,2026-04-10T12:39:00,2026-04-05T03:39:00,Completed,Met
WO700391,SR700391,5286,CCSS,Q,PCTILE,Responsive,1,166.01,174.31,34.86,209.17,170.82,17.08,25.62,111.03,17.08,2.77,2026-03-27T11:48:00,2026-03-27T11:48:00,2026-04-24T11:48:00,,Open,Open
WO700392,SR700392,5284,PHJONESGAS,U1,PCFENCE,Responsive,1,196.08,205.88,41.18,247.06,201.76,20.18,30.26,131.14,20.18,3.27,2026-03-27T13:54:00,2026-03-27T13:54:00,2026-03-29T13:54:00,2026-03-29T02:54:00,Completed,Met
WO700393,SR700393,5270,KPIF,Q,PCPLAST,Responsive,1,143.84,151.03,30.21,181.24,148.01,81.41,51.80,0.00,14.80,2.40,2026-03-27T13:30:00,2026-03-27T13:30:00,2026-04-24T13:30:00,2026-04-07T06:30:00,Completed,Met
WO700394,SR700394,5249,KPIF,Q,PCTILE,Responsive,1,162.72,170.86,34.17,205.03,167.44,92.09,58.60,0.00,16.74,2.71,2026-03-27T11:26:00,2026-03-27T11:26:00,2026-04-24T11:26:00,2026-04-06T20:26:00,Completed,Met
WO700395,SR700395,5265,KPIF,Q,PCPLAST,Responsive,1,180.54,189.57,37.91,227.48,185.78,102.18,65.02,0.00,18.58,3.01,2026-03-27T12:53:00,2026-03-27T12:53:00,2026-04-24T12:53:00,2026-04-10T21:53:00,Completed,Met
WO700396,SR700396,5247,KPIF,Q,PCCARP,Responsive,1,143.51,150.69,30.14,180.83,147.68,81.22,51.69,0.00,14.77,2.39,2026-03-27T11:19:00,2026-03-27T11:19:00,2026-04-24T11:19:00,2026-04-12T01:19:00,Completed,Met
WO700397,SR700397,5027,KPIF,Q,PCPLAST,Responsive,1,212.58,223.21,44.64,267.85,218.75,120.31,76.56,0.00,21.87,3.54,2026-03-30T10:34:00,2026-03-30T10:34:00,2026-04-27T10:34:00,2026-04-23T06:34:00,Completed,Met
WO700398,SR700398,5081,IHREPAIRS,E,PCGROUND,Responsive,1,554.36,582.08,116.42,698.50,570.44,313.74,199.65,0.00,57.04,9.24,2026-03-30T08:58:00,2026-03-30T08:58:00,2026-03-31T08:58:00,2026-03-31T03:58:00,Completed,Met
WO700399,SR700399,5052,CCSS,QEL,PCPLUMB,Responsive,1,230.18,241.69,48.34,290.03,236.86,23.69,35.53,153.96,23.69,3.84,2026-03-30T10:55:00,2026-03-30T10:55:00,2026-04-13T10:55:00,2026-04-09T15:55:00,Completed,Met
WO700400,SR700400,5061,OPENVIEW,U1,PCELEC,Responsive,1,308.34,323.76,64.75,388.51,317.28,31.73,47.59,206.23,31.73,5.14,2026-03-30T13:37:00,2026-03-30T13:37:00,2026-04-01T13:37:00,2026-04-01T01:37:00,Completed,Met
WO700401,SR700401,5080,CCSS,UEL,PCGROUND,Responsive,1,363.39,381.56,76.31,457.87,373.93,37.39,56.09,243.05,37.39,6.06,2026-03-30T11:25:00,2026-03-30T11:25:00,2026-03-31T11:25:00,,Open,Open
WO700402,SR700402,5049,KPIF,U1,PCVINYL,Responsive,1,183.77,192.96,38.59,231.55,189.10,104.01,66.18,0.00,18.91,3.06,2026-03-30T12:57:00,2026-03-30T12:57:00,2026-04-01T12:57:00,2026-04-01T00:57:00,Completed,Met
WO700403,SR700403,5020,BRADLEY,U1,PCCARP,Responsive,1,193.77,203.46,40.69,244.15,199.39,19.94,29.91,129.60,19.94,3.23,2026-03-30T13:37:00,2026-03-30T13:37:00,2026-04-01T13:37:00,2026-04-01T10:37:00,Completed,Met
WO700404,SR700404,5016,KPIF,Q,PCCARP,Responsive,1,179.61,188.59,37.72,226.31,184.82,101.65,64.69,0.00,18.48,2.99,2026-03-30T13:38:00,2026-03-30T13:38:00,2026-04-27T13:38:00,2026-04-16T01:38:00,Completed,Met
WO700405,SR700405,5087,KPIF,Q,PCVINYL,Responsive,1,180.33,189.35,37.87,227.22,185.56,102.06,64.95,0.00,18.56,3.01,2026-03-30T08:52:00,2026-03-30T08:52:00,2026-04-27T08:52:00,2026-04-14T05:52:00,Completed,Met
WO700406,SR700406,5062,OPENVIEW,Q,PCVINYL,Responsive,1,200.81,210.85,42.17,253.02,206.63,20.66,30.99,134.31,20.66,3.35,2026-03-30T14:26:00,2026-03-30T14:26:00,2026-04-27T14:26:00,2026-04-11T03:26:00,Completed,Met
WO700407,SR700407,5099,KPIF,QEL,PCTILE,Responsive,1,139.36,146.33,29.27,175.60,143.40,78.87,50.19,0.00,14.34,2.32,2026-03-30T13:36:00,2026-03-30T13:36:00,2026-04-13T13:36:00,2026-04-09T23:36:00,Completed,Met
WO700408,SR700408,5091,KPIF,Q,PCPLUMB,Responsive,1,260.71,273.75,54.75,328.50,268.27,147.55,93.89,0.00,26.83,4.35,2026-03-30T08:33:00,2026-03-30T08:33:00,2026-04-27T08:33:00,2026-04-13T10:33:00,Completed,Met
WO700409,SR700409,5053,KPIF,U1,PCFENCE,Responsive,1,379.02,397.97,79.59,477.56,390.01,214.51,136.50,0.00,39.00,6.32,2026-03-30T13:29:00,2026-03-30T13:29:00,2026-04-01T13:29:00,2026-03-31T17:29:00,Completed,Met
WO700410,SR700410,5047,KPIF,NG,PCBRICK,Responsive,1,372.28,390.89,78.18,469.07,383.07,210.69,134.07,0.00,38.31,6.20,2026-03-30T10:14:00,2026-03-30T10:14:00,2026-04-13T10:14:00,2026-04-03T15:14:00,Completed,Met
WO700411,SR700411,5048,KPIF,Q,PCGROUND,Responsive,1,350.32,367.84,73.57,441.41,360.48,198.26,126.17,0.00,36.05,5.84,2026-03-30T11:07:00,2026-03-30T11:07:00,2026-04-27T11:07:00,2026-04-07T17:07:00,Completed,Met
WO700412,SR700412,5018,KPIF,Q,PCCARP,Responsive,1,175.33,184.10,36.82,220.92,180.42,99.23,63.15,0.00,18.04,2.92,2026-03-30T14:28:00,2026-03-30T14:28:00,2026-04-27T14:28:00,2026-04-18T19:28:00,Completed,Met
WO700413,SR700413,5044,CCSS,Q,PCGROUND,Responsive,1,571.53,600.11,120.02,720.13,588.11,58.81,88.22,382.27,58.81,9.53,2026-03-30T08:56:00,2026-03-30T08:56:00,2026-04-27T08:56:00,,Open,Open
WO700414,SR700414,5012,IHREPAIRS,Q,PCPLAST,Responsive,1,209.99,220.49,44.10,264.59,216.08,118.84,75.63,0.00,21.61,3.50,2026-03-30T09:15:00,2026-03-30T09:15:00,2026-04-27T09:15:00,2026-04-19T19:15:00,Completed,Met
WO700415,SR700415,5005,KPIF,QEL,PCVINYL,Responsive,1,211.78,222.37,44.47,266.84,217.92,119.86,76.27,0.00,21.79,3.53,2026-03-30T14:05:00,2026-03-30T14:05:00,2026-04-13T14:05:00,2026-04-03T14:05:00,Completed,Met
WO700416,SR700416,5100,KPIF,Q,PCPLAST,Responsive,1,132.87,139.51,27.90,167.41,136.72,75.20,47.85,0.00,13.67,2.21,2026-03-30T10:13:00,2026-03-30T10:13:00,2026-04-27T10:13:00,2026-04-23T20:13:00,Completed,Met
WO700417,SR700417,5025,IHREPAIRS,QEL,PCPLUMB,Responsive,1,266.15,279.46,55.89,335.35,273.87,150.63,95.85,0.00,27.39,4.44,2026-03-30T14:27:00,2026-03-30T14:27:00,2026-04-13T14:27:00,,Open,Open
WO700418,SR700418,5031,KPIF,NG,PCPLUMB,Responsive,1,200.38,210.40,42.08,252.48,206.19,113.40,72.17,0.00,20.62,3.34,2026-03-30T10:51:00,2026-03-30T10:51:00,2026-04-13T10:51:00,2026-04-08T07:51:00,Completed,Met
WO700419,SR700419,5176,CCSS,Q,PCTILE,Responsive,1,142.31,149.43,29.89,179.32,146.44,14.64,21.97,95.19,14.64,2.37,2026-03-30T09:05:00,2026-03-30T09:05:00,2026-04-27T09:05:00,2026-04-22T08:05:00,Completed,Met
WO700420,SR700420,5172,OPENVIEW,Q,PCFENCE,Responsive,1,259.46,272.43,54.49,326.92,266.98,26.70,40.05,173.54,26.70,4.32,2026-03-30T10:25:00,2026-03-30T10:25:00,2026-04-27T10:25:00,2026-04-13T07:25:00,Completed,Met
WO700421,SR700421,5174,KPIF,UEL,PCPLUMB,Responsive,1,221.60,232.68,46.54,279.22,228.03,125.42,79.81,0.00,22.80,3.69,2026-03-30T09:24:00,2026-03-30T09:24:00,2026-03-31T09:24:00,2026-03-30T18:24:00,Completed,Met
WO700422,SR700422,5115,BRADLEY,QEL,PCGROUND,Responsive,1,489.81,514.30,102.86,617.16,504.01,50.40,75.60,327.61,50.40,8.16,2026-03-30T13:24:00,2026-03-30T13:24:00,2026-04-13T13:24:00,2026-04-07T22:24:00,Completed,Met
WO700423,SR700423,5162,PHJONESGAS,Q,PCTILE,Responsive,1,104.24,109.45,21.89,131.34,107.26,10.73,16.09,69.72,10.73,1.74,2026-03-30T12:24:00,2026-03-30T12:24:00,2026-04-27T12:24:00,2026-04-11T07:24:00,Completed,Met
WO700424,SR700424,5162,KPIF,UEL,PCCARP,Responsive,1,159.01,166.96,33.39,200.35,163.62,89.99,57.27,0.00,16.36,2.65,2026-03-30T10:22:00,2026-03-30T10:22:00,2026-03-31T10:22:00,2026-03-30T22:22:00,Completed,Met
WO700425,SR700425,5146,CCSS,Q,PCGROUND,Responsive,1,442.61,464.74,92.95,557.69,455.45,45.55,68.32,296.04,45.54,7.38,2026-03-30T10:44:00,2026-03-30T10:44:00,2026-04-27T10:44:00,2026-04-16T05:44:00,Completed,Met
WO700426,SR700426,5144,KPIF,Q,PCCARP,Responsive,1,234.66,246.39,49.28,295.67,241.46,132.80,84.51,0.00,24.15,3.91,2026-03-30T11:10:00,2026-03-30T11:10:00,2026-04-27T11:10:00,2026-04-09T01:10:00,Completed,Met
WO700427,SR700427,5196,KPIF,Q,PCTILE,Responsive,1,145.94,153.24,30.65,183.89,150.18,82.60,52.56,0.00,15.02,2.43,2026-03-30T10:33:00,2026-03-30T10:33:00,2026-04-27T10:33:00,2026-04-18T20:33:00,Completed,Met
WO700428,SR700428,5132,KPIF,U1,PCFENCE,Responsive,1,213.56,224.24,44.85,269.09,219.76,120.87,76.92,0.00,21.98,3.56,2026-03-30T09:10:00,2026-03-30T09:10:00,2026-04-01T09:10:00,2026-03-31T07:10:00,Completed,Met
WO700429,SR700429,5198,OPENVIEW,QEL,PCGROUND,Responsive,1,350.91,368.46,73.69,442.15,361.09,36.11,54.16,234.71,36.11,5.85,2026-03-30T11:40:00,2026-03-30T11:40:00,2026-04-13T11:40:00,2026-04-05T11:40:00,Completed,Met
WO700430,SR700430,5174,PHJONESGAS,Q,PCBRICK,Responsive,1,360.09,378.09,75.62,453.71,370.53,37.05,55.58,240.84,37.05,6.00,2026-03-30T12:51:00,2026-03-30T12:51:00,2026-04-27T12:51:00,2026-04-15T13:51:00,Completed,Met
WO700431,SR700431,5107,IHREPAIRS,QEL,PCGROUND,Responsive,1,423.85,445.04,89.01,534.05,436.14,239.88,152.65,0.00,43.61,7.06,2026-03-30T13:06:00,2026-03-30T13:06:00,2026-04-13T13:06:00,2026-04-10T11:06:00,Completed,Met
WO700432,SR700432,5200,KPIF,Q,PCPLAST,Responsive,1,213.66,224.34,44.87,269.21,219.85,120.92,76.95,0.00,21.98,3.56,2026-03-30T12:55:00,2026-03-30T12:55:00,2026-04-27T12:55:00,,Open,Open
WO700433,SR700433,5127,KPIF,Q,PCVINYL,Responsive,1,200.55,210.58,42.12,252.70,206.37,113.50,72.23,0.00,20.64,3.34,2026-03-30T13:43:00,2026-03-30T13:43:00,2026-04-27T13:43:00,2026-04-18T16:43:00,Completed,Met
WO700434,SR700434,5135,KPIF,QEL,PCELEC,Responsive,1,260.25,273.26,54.65,327.91,267.79,147.28,93.73,0.00,26.78,4.34,2026-03-30T10:04:00,2026-03-30T10:04:00,2026-04-13T10:04:00,2026-04-05T21:04:00,Completed,Met
WO700435,SR700435,5148,KPIF,QEL,PCFENCE,Responsive,1,219.13,230.09,46.02,276.11,225.49,124.02,78.92,0.00,22.55,3.65,2026-03-30T10:02:00,2026-03-30T10:02:00,2026-04-13T10:02:00,2026-03-31T19:02:00,Completed,Met
WO700436,SR700436,5113,IHREPAIRS,QEL,PCBRICK,Responsive,1,417.47,438.34,87.67,526.01,429.57,236.26,150.35,0.00,42.96,6.96,2026-03-30T11:45:00,2026-03-30T11:45:00,2026-04-13T11:45:00,2026-04-09T12:45:00,Completed,Met
WO700437,SR700437,5161,IHREPAIRS,U1,PCPLUMB,Responsive,1,232.64,244.27,48.85,293.12,239.38,131.66,83.78,0.00,23.94,3.88,2026-03-30T13:52:00,2026-03-30T13:52:00,2026-04-01T13:52:00,2026-03-31T02:52:00,Completed,Met
WO700438,SR700438,5139,IHREPAIRS,Q,PCBRICK,Responsive,1,340.04,357.04,71.41,428.45,349.90,192.44,122.46,0.00,34.99,5.67,2026-03-30T11:53:00,2026-03-30T11:53:00,2026-04-27T11:53:00,2026-04-18T23:53:00,Completed,Met
WO700439,SR700439,5133,KPIF,QEL,PCELEC,Responsive,1,304.16,319.37,63.87,383.24,312.98,172.14,109.54,0.00,31.30,5.07,2026-03-30T11:21:00,2026-03-30T11:21:00,2026-04-13T11:21:00,2026-04-07T16:21:00,Completed,Met
WO700440,SR700440,5133,KPIF,E,PCFENCE,Responsive,1,272.29,285.90,57.18,343.08,280.18,154.10,98.06,0.00,28.02,4.54,2026-03-30T14:17:00,2026-03-30T14:17:00,2026-03-31T14:17:00,2026-03-31T07:17:00,Completed,Met
WO700441,SR700441,5284,CCSS,U1,PCGROUND,Responsive,1,488.57,513.00,102.60,615.60,502.74,50.27,75.41,326.78,50.27,8.14,2026-03-30T11:31:00,2026-03-30T11:31:00,2026-04-01T11:31:00,2026-03-31T10:31:00,Completed,Met
WO700442,SR700442,5258,KPIF,Q,PCCARP,Responsive,1,162.43,170.55,34.11,204.66,167.14,91.93,58.50,0.00,16.71,2.71,2026-03-30T13:53:00,2026-03-30T13:53:00,2026-04-27T13:53:00,2026-04-27T04:53:00,Completed,Met
WO700443,SR700443,5244,IHREPAIRS,Q,PCVINYL,Responsive,1,237.33,249.20,49.84,299.04,244.22,134.32,85.48,0.00,24.42,3.96,2026-03-30T09:06:00,2026-03-30T09:06:00,2026-04-27T09:06:00,2026-04-20T16:06:00,Completed,Met
WO700444,SR700444,5284,IHREPAIRS,Q,PCBRICK,Responsive,1,381.94,401.04,80.21,481.25,393.02,216.16,137.56,0.00,39.30,6.37,2026-03-30T11:52:00,2026-03-30T11:52:00,2026-04-27T11:52:00,2026-04-15T10:52:00,Completed,Met
WO700445,SR700445,5247,KPIF,NG,PCGROUND,Responsive,1,379.74,398.73,79.75,478.48,390.76,214.92,136.77,0.00,39.08,6.33,2026-03-30T10:04:00,2026-03-30T10:04:00,2026-04-13T10:04:00,2026-04-08T16:04:00,Completed,Met
WO700446,SR700446,5233,KPIF,UEL,PCCARP,Responsive,1,205.97,216.27,43.25,259.52,211.94,116.57,74.18,0.00,21.19,3.43,2026-03-30T09:18:00,2026-03-30T09:18:00,2026-03-31T09:18:00,2026-03-31T08:18:00,Completed,Met
WO700447,SR700447,5204,PHJONESGAS,Q,PCVINYL,Responsive,1,242.93,255.08,51.02,306.10,249.98,25.00,37.50,162.49,25.00,4.05,2026-03-30T09:23:00,2026-03-30T09:23:00,2026-04-27T09:23:00,2026-04-15T22:23:00,Completed,Met
WO700448,SR700448,5250,CCSS,UEL,PCBRICK,Responsive,1,298.19,313.10,62.62,375.72,306.84,30.68,46.03,199.45,30.68,4.97,2026-03-30T12:16:00,2026-03-30T12:16:00,2026-03-31T12:16:00,2026-03-31T00:16:00,Completed,Met
WO700449,SR700449,5204,OPENVIEW,Q,PCPLUMB,Responsive,1,203.48,213.65,42.73,256.38,209.38,20.94,31.41,136.10,20.94,3.39,2026-03-30T11:16:00,2026-03-30T11:16:00,2026-04-27T11:16:00,2026-04-20T09:16:00,Completed,Met
WO700450,SR700450,5235,PHJONESGAS,Q,PCGROUND,Responsive,1,385.89,405.18,81.04,486.22,397.08,39.71,59.56,258.10,39.71,6.43,2026-03-30T14:27:00,2026-03-30T14:27:00,2026-04-27T14:27:00,2026-04-09T02:27:00,Completed,Met
WO700451,SR700451,5296,IHREPAIRS,Q,PCVINYL,Responsive,1,195.42,205.19,41.04,246.23,201.09,110.60,70.38,0.00,20.11,3.26,2026-03-30T11:08:00,2026-03-30T11:08:00,2026-04-27T11:08:00,2026-04-21T15:08:00,Completed,Met
WO700452,SR700452,5212,KPIF,UEL,PCELEC,Responsive,1,260.60,273.63,54.73,328.36,268.16,147.49,93.86,0.00,26.82,4.34,2026-03-30T09:49:00,2026-03-30T09:49:00,2026-03-31T09:49:00,2026-03-30T23:49:00,Completed,Met
WO700453,SR700453,5218,IHREPAIRS,UEL,PCFENCE,Responsive,1,222.57,233.70,46.74,280.44,229.03,125.97,80.16,0.00,22.90,3.71,2026-03-30T14:22:00,2026-03-30T14:22:00,2026-03-31T14:22:00,2026-03-31T14:22:00,Completed,Met
WO700454,SR700454,5202,IHREPAIRS,QEL,PCVINYL,Responsive,1,212.36,222.98,44.60,267.58,218.52,120.19,76.48,0.00,21.85,3.54,2026-03-30T08:33:00,2026-03-30T08:33:00,2026-04-13T08:33:00,2026-04-06T00:33:00,Completed,Met
WO700455,SR700455,5256,CCSS,UEL,PCVINYL,Responsive,1,244.66,256.89,51.38,308.27,251.75,25.18,37.76,163.64,25.17,4.08,2026-03-30T14:00:00,2026-03-30T14:00:00,2026-03-31T14:00:00,2026-03-31T00:00:00,Completed,Met
WO700456,SR700456,5255,CCSS,Q,PCTILE,Responsive,1,119.08,125.03,25.01,150.04,122.53,12.25,18.38,79.64,12.25,1.98,2026-03-30T13:43:00,2026-03-30T13:43:00,2026-04-27T13:43:00,2026-04-19T08:43:00,Completed,Met
WO700457,SR700457,5296,KPIF,QEL,PCGROUND,Responsive,1,465.61,488.89,97.78,586.67,479.11,263.51,167.69,0.00,47.91,7.76,2026-03-30T09:05:00,2026-03-30T09:05:00,2026-04-13T09:05:00,2026-04-08T17:05:00,Completed,Met
WO700458,SR700458,5280,IHREPAIRS,UEL,PCELEC,Responsive,1,284.28,298.49,59.70,358.19,292.52,160.89,102.38,0.00,29.25,4.74,2026-03-30T10:06:00,2026-03-30T10:06:00,2026-03-31T10:06:00,2026-03-30T23:06:00,Completed,Met
WO700459,SR700459,5203,KPIF,NG,PCPLAST,Responsive,1,143.36,150.53,30.11,180.64,147.52,81.14,51.63,0.00,14.75,2.39,2026-03-30T09:34:00,2026-03-30T09:34:00,2026-04-13T09:34:00,2026-04-06T19:34:00,Completed,Met
WO700460,SR700460,5220,KPIF,Q,PCPLUMB,Responsive,1,190.53,200.06,40.01,240.07,196.06,107.83,68.62,0.00,19.61,3.18,2026-03-30T11:09:00,2026-03-30T11:09:00,2026-04-27T11:09:00,2026-04-17T17:09:00,Completed,Met
WO700461,SR700461,5290,OPENVIEW,UEL,PCPLUMB,Responsive,1,265.76,279.05,55.81,334.86,273.47,27.35,41.02,177.76,27.35,4.43,2026-03-30T09:44:00,2026-03-30T09:44:00,2026-03-31T09:44:00,2026-03-31T07:44:00,Completed,Met
WO700462,SR700462,5261,OPENVIEW,U1,PCPLAST,Responsive,1,183.81,193.00,38.60,231.60,189.14,18.91,28.37,122.94,18.91,3.06,2026-03-30T11:45:00,2026-03-30T11:45:00,2026-04-01T11:45:00,2026-03-31T18:45:00,Completed,Met
WO700463,SR700463,5032,KPIF,QEL,PCVINYL,Responsive,1,281.30,295.37,59.07,354.44,289.46,159.20,101.31,0.00,28.95,4.69,2026-03-31T08:47:00,2026-03-31T08:47:00,2026-04-14T08:47:00,2026-04-10T03:47:00,Completed,Met
WO700464,SR700464,5086,CCSS,Q,PCTILE,Responsive,1,153.40,161.07,32.21,193.28,157.85,15.79,23.68,102.60,15.78,2.56,2026-03-31T11:09:00,2026-03-31T11:09:00,2026-04-28T11:09:00,2026-04-20T06:09:00,Completed,Met
WO700465,SR700465,5096,KPIF,Q,PCGROUND,Responsive,1,476.52,500.35,100.07,600.42,490.34,269.69,171.62,0.00,49.03,7.94,2026-03-31T13:56:00,2026-03-31T13:56:00,2026-04-28T13:56:00,,Open,Open
WO700466,SR700466,5086,KPIF,NG,PCTILE,Responsive,1,175.56,184.34,36.87,221.21,180.65,99.36,63.23,0.00,18.06,2.93,2026-03-31T12:12:00,2026-03-31T12:12:00,2026-04-14T12:12:00,2026-04-08T03:12:00,Completed,Met
WO700467,SR700467,5016,KPIF,QEL,PCVINYL,Responsive,1,190.41,199.93,39.99,239.92,195.93,107.76,68.58,0.00,19.59,3.17,2026-03-31T08:51:00,2026-03-31T08:51:00,2026-04-14T08:51:00,2026-04-04T23:51:00,Completed,Met
WO700468,SR700468,5020,KPIF,QEL,PCFENCE,Responsive,1,318.02,333.92,66.78,400.70,327.24,179.98,114.53,0.00,32.72,5.30,2026-03-31T12:45:00,2026-03-31T12:45:00,2026-04-14T12:45:00,2026-04-12T03:45:00,Completed,Met
WO700469,SR700469,5098,IHREPAIRS,E,PCPLUMB,Responsive,1,235.34,247.11,49.42,296.53,242.17,133.19,84.76,0.00,24.22,3.92,2026-03-31T14:29:00,2026-03-31T14:29:00,2026-04-01T14:29:00,2026-04-01T02:29:00,Completed,Met
WO700470,SR700470,5041,CCSS,QEL,PCGROUND,Responsive,1,394.75,414.49,82.90,497.39,406.20,40.62,60.93,264.03,40.62,6.58,2026-03-31T12:14:00,2026-03-31T12:14:00,2026-04-14T12:14:00,2026-04-08T20:14:00,Completed,Met
WO700471,SR700471,5093,KPIF,UEL,PCPLAST,Responsive,1,183.68,192.86,38.57,231.43,189.00,103.95,66.15,0.00,18.90,3.06,2026-03-31T12:14:00,2026-03-31T12:14:00,2026-04-01T12:14:00,2026-03-31T20:14:00,Completed,Met
WO700472,SR700472,5073,KPIF,Q,PCPLAST,Responsive,1,267.07,280.42,56.08,336.50,274.81,151.15,96.18,0.00,27.48,4.45,2026-03-31T12:29:00,2026-03-31T12:29:00,2026-04-28T12:29:00,2026-04-15T15:29:00,Completed,Met
WO700473,SR700473,5071,KPIF,E,PCPLAST,Responsive,1,159.25,167.21,33.44,200.65,163.87,90.13,57.35,0.00,16.39,2.65,2026-03-31T11:01:00,2026-03-31T11:01:00,2026-04-01T11:01:00,2026-04-01T03:01:00,Completed,Met
WO700474,SR700474,5100,KPIF,Q,PCGROUND,Responsive,1,362.02,380.12,76.02,456.14,372.52,204.89,130.38,0.00,37.25,6.03,2026-03-31T08:39:00,2026-03-31T08:39:00,2026-04-28T08:39:00,2026-04-13T05:39:00,Completed,Met
WO700475,SR700475,5042,IHREPAIRS,Q,PCCARP,Responsive,1,225.66,236.94,47.39,284.33,232.20,127.71,81.27,0.00,23.22,3.76,2026-03-31T11:48:00,2026-03-31T11:48:00,2026-04-28T11:48:00,2026-04-20T09:48:00,Completed,Met
WO700476,SR700476,5020,IHREPAIRS,UEL,PCBRICK,Responsive,1,368.03,386.43,77.29,463.72,378.70,208.28,132.54,0.00,37.87,6.13,2026-03-31T09:26:00,2026-03-31T09:26:00,2026-04-01T09:26:00,,Open,Open
WO700477,SR700477,5017,KPIF,QEL,PCPLAST,Responsive,1,208.55,218.98,43.80,262.78,214.60,118.03,75.11,0.00,21.46,3.48,2026-03-31T12:38:00,2026-03-31T12:38:00,2026-04-14T12:38:00,2026-04-09T03:38:00,Completed,Met
WO700478,SR700478,5050,CCSS,Q,PCELEC,Responsive,1,270.03,283.53,56.71,340.24,277.86,27.79,41.68,180.61,27.79,4.50,2026-03-31T10:41:00,2026-03-31T10:41:00,2026-04-28T10:41:00,2026-04-20T23:41:00,Completed,Met
WO700479,SR700479,5002,BRADLEY,Q,PCTILE,Responsive,1,168.19,176.60,35.32,211.92,173.07,17.31,25.96,112.50,17.31,2.80,2026-03-31T09:10:00,2026-03-31T09:10:00,2026-04-28T09:10:00,2026-04-09T08:10:00,Completed,Met
WO700480,SR700480,5096,CCSS,QEL,PCVINYL,Responsive,1,192.14,201.75,40.35,242.10,197.72,19.77,29.66,128.52,19.77,3.20,2026-03-31T08:59:00,2026-03-31T08:59:00,2026-04-14T08:59:00,,Open,Open
WO700481,SR700481,5010,KPIF,U1,PCBRICK,Responsive,1,373.05,391.70,78.34,470.04,383.87,211.13,134.35,0.00,38.39,6.22,2026-03-31T12:55:00,2026-03-31T12:55:00,2026-04-02T12:55:00,2026-04-02T05:55:00,Completed,Met
WO700482,SR700482,5025,KPIF,Q,PCTILE,Responsive,1,148.07,155.47,31.09,186.56,152.36,83.80,53.33,0.00,15.24,2.47,2026-03-31T13:50:00,2026-03-31T13:50:00,2026-04-28T13:50:00,2026-04-24T02:50:00,Completed,Met
WO700483,SR700483,5096,IHREPAIRS,QEL,PCCARP,Responsive,1,192.29,201.90,40.38,242.28,197.86,108.82,69.25,0.00,19.79,3.20,2026-03-31T14:15:00,2026-03-31T14:15:00,2026-04-14T14:15:00,2026-04-04T23:15:00,Completed,Met
WO700484,SR700484,5022,IHREPAIRS,Q,PCPLAST,Responsive,1,308.45,323.87,64.77,388.64,317.39,174.56,111.09,0.00,31.74,5.14,2026-03-31T14:06:00,2026-03-31T14:06:00,2026-04-28T14:06:00,2026-04-28T08:06:00,Completed,Met
WO700485,SR700485,5146,PHJONESGAS,Q,PCFENCE,Responsive,1,317.36,333.23,66.65,399.88,326.57,32.66,48.99,212.27,32.66,5.29,2026-03-31T11:40:00,2026-03-31T11:40:00,2026-04-28T11:40:00,2026-04-10T11:40:00,Completed,Met
WO700486,SR700486,5142,KPIF,Q,PCTILE,Responsive,1,150.13,157.64,31.53,189.17,154.49,84.97,54.07,0.00,15.45,2.50,2026-03-31T13:11:00,2026-03-31T13:11:00,2026-04-28T13:11:00,2026-04-21T04:11:00,Completed,Met
WO700487,SR700487,5158,KPIF,E,PCVINYL,Responsive,1,192.93,202.58,40.52,243.10,198.53,109.19,69.49,0.00,19.85,3.22,2026-03-31T10:55:00,2026-03-31T10:55:00,2026-04-01T10:55:00,2026-03-31T19:55:00,Completed,Met
WO700488,SR700488,5139,KPIF,UEL,PCPLUMB,Responsive,1,250.91,263.46,52.69,316.15,258.19,142.00,90.37,0.00,25.82,4.18,2026-03-31T11:11:00,2026-03-31T11:11:00,2026-04-01T11:11:00,2026-04-01T10:11:00,Completed,Met
WO700489,SR700489,5136,IHREPAIRS,Q,PCGROUND,Responsive,1,426.91,448.26,89.65,537.91,439.29,241.61,153.75,0.00,43.93,7.12,2026-03-31T13:22:00,2026-03-31T13:22:00,2026-04-28T13:22:00,2026-04-18T05:22:00,Completed,Met
WO700490,SR700490,5118,IHREPAIRS,Q,PCBRICK,Responsive,1,368.64,387.07,77.41,464.48,379.33,208.63,132.77,0.00,37.93,6.14,2026-03-31T10:29:00,2026-03-31T10:29:00,2026-04-28T10:29:00,2026-04-17T00:29:00,Completed,Met
WO700491,SR700491,5173,CCSS,Q,PCTILE,Responsive,1,207.64,218.02,43.60,261.62,213.66,21.37,32.05,138.88,21.37,3.46,2026-03-31T12:37:00,2026-03-31T12:37:00,2026-04-28T12:37:00,2026-04-22T04:37:00,Completed,Met
WO700492,SR700492,5174,KPIF,Q,PCCARP,Responsive,1,218.20,229.11,45.82,274.93,224.53,123.49,78.59,0.00,22.45,3.64,2026-03-31T13:25:00,2026-03-31T13:25:00,2026-04-28T13:25:00,2026-04-10T04:25:00,Completed,Met
WO700493,SR700493,5143,KPIF,QEL,PCFENCE,Responsive,1,253.62,266.30,53.26,319.56,260.97,143.53,91.34,0.00,26.10,4.23,2026-03-31T09:31:00,2026-03-31T09:31:00,2026-04-14T09:31:00,2026-04-10T03:31:00,Completed,Met
WO700494,SR700494,5178,IHREPAIRS,Q,PCPLUMB,Responsive,1,251.79,264.38,52.88,317.26,259.09,142.50,90.68,0.00,25.91,4.20,2026-03-31T08:57:00,2026-03-31T08:57:00,2026-04-28T08:57:00,2026-04-16T14:57:00,Completed,Met
WO700495,SR700495,5120,KPIF,Q,PCFENCE,Responsive,1,125.90,132.20,26.44,158.64,129.56,71.26,45.35,0.00,12.96,2.10,2026-03-31T08:55:00,2026-03-31T08:55:00,2026-04-28T08:55:00,2026-04-08T05:55:00,Completed,Met
WO700496,SR700496,5197,KPIF,U1,PCGROUND,Responsive,1,463.55,486.73,97.35,584.08,477.00,262.35,166.95,0.00,47.70,7.73,2026-03-31T11:51:00,2026-03-31T11:51:00,2026-04-02T11:51:00,2026-04-01T20:51:00,Completed,Met
WO700497,SR700497,5196,KPIF,Q,PCPLUMB,Responsive,1,239.15,251.11,50.22,301.33,246.09,135.35,86.13,0.00,24.61,3.99,2026-03-31T11:54:00,2026-03-31T11:54:00,2026-04-28T11:54:00,2026-04-07T14:54:00,Completed,Met
WO700498,SR700498,5118,IHREPAIRS,Q,PCELEC,Responsive,1,233.97,245.67,49.13,294.80,240.76,132.42,84.27,0.00,24.08,3.90,2026-03-31T14:03:00,2026-03-31T14:03:00,2026-04-28T14:03:00,2026-04-10T21:03:00,Completed,Met
WO700499,SR700499,5168,KPIF,UEL,PCTILE,Responsive,1,218.57,229.50,45.90,275.40,224.91,123.70,78.72,0.00,22.49,3.64,2026-03-31T12:10:00,2026-03-31T12:10:00,2026-04-01T12:10:00,2026-03-31T21:10:00,Completed,Met
WO700500,SR700500,5186,KPIF,Q,PCVINYL,Responsive,1,267.91,281.31,56.26,337.57,275.68,151.62,96.49,0.00,27.57,4.47,2026-03-31T11:14:00,2026-03-31T11:14:00,2026-04-28T11:14:00,2026-04-12T16:14:00,Completed,Met
WO700501,SR700501,5122,PHJONESGAS,Q,PCFENCE,Responsive,1,242.04,254.14,50.83,304.97,249.06,24.91,37.36,161.89,24.91,4.03,2026-03-31T12:16:00,2026-03-31T12:16:00,2026-04-28T12:16:00,2026-04-12T23:16:00,Completed,Met
WO700502,SR700502,5130,KPIF,Q,PCTILE,Responsive,1,166.26,174.57,34.91,209.48,171.08,94.09,59.88,0.00,17.11,2.77,2026-03-31T09:13:00,2026-03-31T09:13:00,2026-04-28T09:13:00,2026-04-18T14:13:00,Completed,Met
WO700503,SR700503,5119,CCSS,E,PCBRICK,Responsive,1,381.16,400.22,80.04,480.26,392.22,39.22,58.83,254.94,39.22,6.35,2026-03-31T09:26:00,2026-03-31T09:26:00,2026-04-01T09:26:00,2026-03-31T21:26:00,Completed,Met
WO700504,SR700504,5195,IHREPAIRS,UEL,PCGROUND,Responsive,1,378.88,397.82,79.56,477.38,389.86,214.42,136.45,0.00,38.99,6.31,2026-03-31T10:42:00,2026-03-31T10:42:00,2026-04-01T10:42:00,2026-03-31T18:42:00,Completed,Met
WO700505,SR700505,5189,BRADLEY,Q,PCPLUMB,Responsive,1,247.12,259.48,51.90,311.38,254.29,25.43,38.14,165.29,25.43,4.12,2026-03-31T12:59:00,2026-03-31T12:59:00,2026-04-28T12:59:00,2026-04-20T14:59:00,Completed,Met
WO700506,SR700506,5190,IHREPAIRS,E,PCBRICK,Responsive,1,354.40,372.12,74.42,446.54,364.68,200.57,127.64,0.00,36.47,5.91,2026-03-31T08:34:00,2026-03-31T08:34:00,2026-04-01T08:34:00,2026-04-01T04:34:00,Completed,Met
WO700507,SR700507,5285,KPIF,QEL,PCFENCE,Responsive,1,372.09,390.69,78.14,468.83,382.88,210.58,134.01,0.00,38.29,6.20,2026-03-31T14:02:00,2026-03-31T14:02:00,2026-04-14T14:02:00,2026-04-03T01:02:00,Completed,Met
WO700508,SR700508,5291,IHREPAIRS,QEL,PCCARP,Responsive,1,175.90,184.70,36.94,221.64,181.01,99.56,63.35,0.00,18.10,2.93,2026-03-31T13:35:00,2026-03-31T13:35:00,2026-04-14T13:35:00,2026-04-07T04:35:00,Completed,Met
WO700509,SR700509,5259,KPIF,QEL,PCGROUND,Responsive,1,380.47,399.49,79.90,479.39,391.50,215.33,137.02,0.00,39.15,6.34,2026-03-31T10:36:00,2026-03-31T10:36:00,2026-04-14T10:36:00,2026-04-10T22:36:00,Completed,Met
WO700510,SR700510,5296,CCSS,E,PCPLAST,Responsive,1,181.29,190.35,38.07,228.42,186.54,18.65,27.98,121.25,18.65,3.02,2026-03-31T11:31:00,2026-03-31T11:31:00,2026-04-01T11:31:00,2026-03-31T22:31:00,Completed,Met
WO700511,SR700511,5265,IHREPAIRS,QEL,PCBRICK,Responsive,1,252.77,265.41,53.08,318.49,260.10,143.06,91.03,0.00,26.01,4.21,2026-03-31T11:48:00,2026-03-31T11:48:00,2026-04-14T11:48:00,,Open,Open
WO700512,SR700512,5272,KPIF,UEL,PCBRICK,Responsive,1,299.41,314.38,62.88,377.26,308.09,169.45,107.83,0.00,30.81,4.99,2026-03-31T11:51:00,2026-03-31T11:51:00,2026-04-01T11:51:00,2026-04-01T00:51:00,Completed,Met
WO700513,SR700513,5287,IHREPAIRS,Q,PCTILE,Responsive,1,148.37,155.79,31.16,186.95,152.67,83.97,53.43,0.00,15.27,2.47,2026-03-31T12:08:00,2026-03-31T12:08:00,2026-04-28T12:08:00,2026-04-29T08:08:00,Completed,Breached
WO700514,SR700514,5270,KPIF,U1,PCPLAST,Responsive,1,177.84,186.73,37.35,224.08,183.00,100.65,64.05,0.00,18.30,2.96,2026-03-31T13:07:00,2026-03-31T13:07:00,2026-04-02T13:07:00,2026-04-01T15:07:00,Completed,Met
WO700515,SR700515,5289,KPIF,QEL,PCGROUND,Responsive,1,330.85,347.39,69.48,416.87,340.44,187.24,119.15,0.00,34.04,5.51,2026-03-31T09:44:00,2026-03-31T09:44:00,2026-04-14T09:44:00,2026-04-06T18:44:00,Completed,Met
WO700516,SR700516,5209,CCSS,Q,PCGROUND,Responsive,1,548.37,575.79,115.16,690.95,564.27,56.43,84.64,366.78,56.43,9.14,2026-03-31T10:04:00,2026-03-31T10:04:00,2026-04-28T10:04:00,2026-04-12T11:04:00,Completed,Met
WO700517,SR700517,5298,KPIF,QEL,PCFENCE,Responsive,1,358.75,376.69,75.34,452.03,369.16,203.04,129.21,0.00,36.92,5.98,2026-03-31T12:00:00,2026-03-31T12:00:00,2026-04-14T12:00:00,2026-04-07T09:00:00,Completed,Met
WO700518,SR700518,5282,KPIF,U1,PCBRICK,Responsive,1,409.57,430.05,86.01,516.06,421.45,231.80,147.51,0.00,42.14,6.83,2026-03-31T09:37:00,2026-03-31T09:37:00,2026-04-02T09:37:00,2026-04-01T20:37:00,Completed,Met
WO700519,SR700519,5235,KPIF,Q,PCTILE,Responsive,1,194.01,203.71,40.74,244.45,199.64,109.80,69.87,0.00,19.96,3.23,2026-03-31T08:43:00,2026-03-31T08:43:00,2026-04-28T08:43:00,2026-04-11T17:43:00,Completed,Met
WO700520,SR700520,5265,KPIF,Q,PCELEC,Responsive,1,261.37,274.44,54.89,329.33,268.95,147.92,94.13,0.00,26.89,4.36,2026-03-31T11:48:00,2026-03-31T11:48:00,2026-04-28T11:48:00,2026-04-14T05:48:00,Completed,Met
WO700521,SR700521,5205,KPIF,QEL,PCVINYL,Responsive,1,211.35,221.92,44.38,266.30,217.48,119.61,76.12,0.00,21.75,3.52,2026-03-31T10:48:00,2026-03-31T10:48:00,2026-04-14T10:48:00,2026-04-10T16:48:00,Completed,Met
WO700522,SR700522,5226,BRADLEY,E,PCTILE,Responsive,1,135.23,141.99,28.40,170.39,139.15,13.92,20.87,90.45,13.91,2.25,2026-03-31T12:14:00,2026-03-31T12:14:00,2026-04-01T12:14:00,2026-04-01T06:14:00,Completed,Met
WO700523,SR700523,5259,CCSS,Q,PCTILE,Responsive,1,131.94,138.54,27.71,166.25,135.77,13.58,20.37,88.25,13.58,2.20,2026-03-31T13:41:00,2026-03-31T13:41:00,2026-04-28T13:41:00,2026-04-16T20:41:00,Completed,Met
WO700524,SR700524,5279,BRADLEY,Q,PCGROUND,Responsive,1,399.53,419.51,83.90,503.41,411.12,41.11,61.67,267.23,41.11,6.66,2026-03-31T08:49:00,2026-03-31T08:49:00,2026-04-28T08:49:00,2026-04-11T01:49:00,Completed,Met
WO700525,SR700525,5206,KPIF,Q,PCTILE,Responsive,1,147.69,155.07,31.01,186.08,151.97,83.58,53.19,0.00,15.20,2.46,2026-03-31T08:50:00,2026-03-31T08:50:00,2026-04-28T08:50:00,2026-04-10T19:50:00,Completed,Met
WO700526,SR700526,5207,KPIF,UEL,PCTILE,Responsive,1,136.63,143.46,28.69,172.15,140.59,77.32,49.21,0.00,14.06,2.28,2026-03-31T11:05:00,2026-03-31T11:05:00,2026-04-01T11:05:00,2026-04-01T01:05:00,Completed,Met
WO700527,SR700527,5238,BRADLEY,Q,PCPLUMB,Responsive,1,198.48,208.40,41.68,250.08,204.23,20.42,30.63,132.75,20.42,3.31,2026-03-31T12:27:00,2026-03-31T12:27:00,2026-04-28T12:27:00,2026-04-20T06:27:00,Completed,Met
WO700528,SR700528,5215,PHJONESGAS,QEL,PCPLAST,Responsive,1,189.66,199.14,39.83,238.97,195.16,19.52,29.27,126.85,19.52,3.16,2026-03-31T14:26:00,2026-03-31T14:26:00,2026-04-14T14:26:00,2026-04-06T07:26:00,Completed,Met
WO700529,SR700529,5004,BRADLEY,Q,PCPLAST,Responsive,1,189.47,198.94,39.79,238.73,194.96,19.50,29.24,126.72,19.50,3.16,2026-04-01T10:13:00,2026-04-01T10:13:00,2026-04-29T10:13:00,2026-04-20T00:13:00,Completed,Met
WO700530,SR700530,5084,KPIF,Q,PCPLAST,Responsive,1,150.87,158.41,31.68,190.09,155.24,85.38,54.33,0.00,15.52,2.51,2026-04-01T09:28:00,2026-04-01T09:28:00,2026-04-29T09:28:00,2026-04-16T00:28:00,Completed,Met
WO700531,SR700531,5091,PHJONESGAS,Q,PCVINYL,Responsive,1,208.00,218.40,43.68,262.08,214.03,21.40,32.10,139.12,21.40,3.47,2026-04-01T13:43:00,2026-04-01T13:43:00,2026-04-29T13:43:00,2026-04-23T12:43:00,Completed,Met
WO700532,SR700532,5099,IHREPAIRS,QEL,PCPLAST,Responsive,1,183.73,192.92,38.58,231.50,189.06,103.98,66.17,0.00,18.91,3.06,2026-04-01T14:07:00,2026-04-01T14:07:00,2026-04-15T14:07:00,2026-04-11T01:07:00,Completed,Met
WO700533,SR700533,5099,KPIF,Q,PCPLUMB,Responsive,1,266.47,279.79,55.96,335.75,274.19,150.80,95.97,0.00,27.42,4.44,2026-04-01T12:18:00,2026-04-01T12:18:00,2026-04-29T12:18:00,2026-04-17T10:18:00,Completed,Met
WO700534,SR700534,5026,KPIF,Q,PCPLUMB,Responsive,1,240.76,252.80,50.56,303.36,247.74,136.26,86.71,0.00,24.77,4.01,2026-04-01T12:24:00,2026-04-01T12:24:00,2026-04-29T12:24:00,2026-04-11T17:24:00,Completed,Met
WO700535,SR700535,5078,IHREPAIRS,UEL,PCELEC,Responsive,1,274.49,288.21,57.64,345.85,282.45,155.35,98.86,0.00,28.24,4.57,2026-04-01T12:33:00,2026-04-01T12:33:00,2026-04-02T12:33:00,2026-04-01T21:33:00,Completed,Met
WO700536,SR700536,5001,KPIF,QEL,PCTILE,Responsive,1,140.97,148.02,29.60,177.62,145.06,79.78,50.77,0.00,14.51,2.35,2026-04-01T13:51:00,2026-04-01T13:51:00,2026-04-15T13:51:00,,Open,Open
WO700537,SR700537,5019,KPIF,Q,PCPLUMB,Responsive,1,168.53,176.96,35.39,212.35,173.42,95.38,60.70,0.00,17.34,2.81,2026-04-01T08:46:00,2026-04-01T08:46:00,2026-04-29T08:46:00,2026-04-12T19:46:00,Completed,Met
WO700538,SR700538,5012,PHJONESGAS,U1,PCPLUMB,Responsive,1,187.60,196.98,39.40,236.38,193.04,19.30,28.96,125.48,19.30,3.13,2026-04-01T09:52:00,2026-04-01T09:52:00,2026-04-03T09:52:00,2026-04-02T07:52:00,Completed,Met
WO700539,SR700539,5077,KPIF,U1,PCGROUND,Responsive,1,425.35,446.62,89.32,535.94,437.69,240.73,153.19,0.00,43.77,7.09,2026-04-01T13:26:00,2026-04-01T13:26:00,2026-04-03T13:26:00,2026-04-02T16:26:00,Completed,Met
WO700540,SR700540,5042,OPENVIEW,QEL,PCFENCE,Responsive,1,264.62,277.85,55.57,333.42,272.29,27.23,40.84,176.99,27.23,4.41,2026-04-01T12:08:00,2026-04-01T12:08:00,2026-04-15T12:08:00,2026-04-10T11:08:00,Completed,Met
WO700541,SR700541,5016,KPIF,UEL,PCBRICK,Responsive,1,245.28,257.54,51.51,309.05,252.39,138.81,88.34,0.00,25.24,4.09,2026-04-01T10:17:00,2026-04-01T10:17:00,2026-04-02T10:17:00,2026-04-01T22:17:00,Completed,Met
WO700542,SR700542,5094,IHREPAIRS,NG,PCGROUND,Responsive,1,330.45,346.97,69.39,416.36,340.03,187.02,119.01,0.00,34.00,5.51,2026-04-01T14:22:00,2026-04-01T14:22:00,2026-04-15T14:22:00,2026-04-06T01:22:00,Completed,Met
WO700543,SR700543,5055,IHREPAIRS,UEL,PCFENCE,Responsive,1,301.11,316.17,63.23,379.40,309.85,170.42,108.45,0.00,30.98,5.02,2026-04-01T13:49:00,2026-04-01T13:49:00,2026-04-02T13:49:00,2026-04-02T01:49:00,Completed,Met
WO700544,SR700544,5067,KPIF,Q,PCELEC,Responsive,1,298.54,313.47,62.69,376.16,307.20,168.96,107.52,0.00,30.72,4.98,2026-04-01T13:42:00,2026-04-01T13:42:00,2026-04-29T13:42:00,2026-04-18T20:42:00,Completed,Met
WO700545,SR700545,5016,CCSS,Q,PCPLUMB,Responsive,1,87.30,91.67,18.33,110.00,89.84,8.98,13.48,58.40,8.98,1.45,2026-04-01T10:16:00,2026-04-01T10:16:00,2026-04-29T10:16:00,2026-04-24T14:16:00,Completed,Met
WO700546,SR700546,5043,IHREPAIRS,Q,PCFENCE,Responsive,1,220.37,231.39,46.28,277.67,226.76,124.72,79.37,0.00,22.68,3.67,2026-04-01T08:35:00,2026-04-01T08:35:00,2026-04-29T08:35:00,2026-04-12T16:35:00,Completed,Met
WO700547,SR700547,5009,IHREPAIRS,UEL,PCBRICK,Responsive,1,354.01,371.71,74.34,446.05,364.28,200.35,127.50,0.00,36.43,5.90,2026-04-01T08:33:00,2026-04-01T08:33:00,2026-04-02T08:33:00,2026-04-02T01:33:00,Completed,Met
WO700548,SR700548,5073,KPIF,QEL,PCPLUMB,Responsive,1,216.85,227.69,45.54,273.23,223.14,122.73,78.10,0.00,22.31,3.61,2026-04-01T11:23:00,2026-04-01T11:23:00,2026-04-15T11:23:00,2026-04-12T16:23:00,Completed,Met
WO700549,SR700549,5005,IHREPAIRS,Q,PCPLAST,Responsive,1,175.60,184.38,36.88,221.26,180.69,99.38,63.24,0.00,18.07,2.93,2026-04-01T13:04:00,2026-04-01T13:04:00,2026-04-29T13:04:00,2026-04-23T07:04:00,Completed,Met
WO700550,SR700550,5096,KPIF,QEL,PCPLUMB,Responsive,1,289.06,303.51,60.70,364.21,297.44,163.59,104.10,0.00,29.74,4.82,2026-04-01T14:17:00,2026-04-01T14:17:00,2026-04-15T14:17:00,2026-04-08T14:17:00,Completed,Met
WO700551,SR700551,5188,BRADLEY,QEL,PCFENCE,Responsive,1,291.58,306.16,61.23,367.39,300.04,30.00,45.01,195.03,30.00,4.86,2026-04-01T11:31:00,2026-04-01T11:31:00,2026-04-15T11:31:00,2026-04-11T07:31:00,Completed,Met
WO700552,SR700552,5144,OPENVIEW,Q,PCVINYL,Responsive,1,204.28,214.49,42.90,257.39,210.20,21.02,31.53,136.63,21.02,3.40,2026-04-01T13:22:00,2026-04-01T13:22:00,2026-04-29T13:22:00,2026-04-15T12:22:00,Completed,Met
WO700553,SR700553,5197,KPIF,Q,PCBRICK,Responsive,1,344.32,361.54,72.31,433.85,354.31,194.87,124.01,0.00,35.43,5.74,2026-04-01T08:46:00,2026-04-01T08:46:00,2026-04-29T08:46:00,2026-04-17T19:46:00,Completed,Met
WO700554,SR700554,5148,KPIF,QEL,PCELEC,Responsive,1,281.61,295.69,59.14,354.83,289.78,159.38,101.42,0.00,28.98,4.69,2026-04-01T12:58:00,2026-04-01T12:58:00,2026-04-15T12:58:00,2026-04-09T11:58:00,Completed,Met
WO700555,SR700555,5200,KPIF,QEL,PCTILE,Responsive,1,100.46,105.48,21.10,126.58,103.37,56.85,36.18,0.00,10.34,1.67,2026-04-01T08:42:00,2026-04-01T08:42:00,2026-04-15T08:42:00,2026-04-11T13:42:00,Completed,Met
WO700556,SR700556,5144,IHREPAIRS,Q,PCELEC,Responsive,1,334.33,351.05,70.21,421.26,344.03,189.22,120.41,0.00,34.40,5.57,2026-04-01T11:17:00,2026-04-01T11:17:00,2026-04-29T11:17:00,2026-04-25T07:17:00,Completed,Met
WO700557,SR700557,5167,KPIF,U1,PCPLAST,Responsive,1,157.37,165.24,33.05,198.29,161.94,89.07,56.68,0.00,16.19,2.62,2026-04-01T11:48:00,2026-04-01T11:48:00,2026-04-03T11:48:00,,Open,Open
WO700558,SR700558,5106,BRADLEY,UEL,PCCARP,Responsive,1,173.87,182.56,36.51,219.07,178.91,17.89,26.84,116.29,17.89,2.90,2026-04-01T09:22:00,2026-04-01T09:22:00,2026-04-02T09:22:00,2026-04-01T16:22:00,Completed,Met
WO700559,SR700559,5174,KPIF,Q,PCBRICK,Responsive,1,363.37,381.54,76.31,457.85,373.91,205.65,130.87,0.00,37.39,6.06,2026-04-01T10:12:00,2026-04-01T10:12:00,2026-04-29T10:12:00,2026-04-19T19:12:00,Completed,Met
WO700560,SR700560,5157,KPIF,UEL,PCCARP,Responsive,1,184.33,193.55,38.71,232.26,189.68,104.32,66.39,0.00,18.97,3.07,2026-04-01T09:28:00,2026-04-01T09:28:00,2026-04-02T09:28:00,2026-04-02T06:28:00,Completed,Met
WO700561,SR700561,5127,KPIF,Q,PCGROUND,Responsive,1,363.51,381.69,76.34,458.03,374.06,205.73,130.92,0.00,37.41,6.06,2026-04-01T09:42:00,2026-04-01T09:42:00,2026-04-29T09:42:00,2026-04-27T15:42:00,Completed,Met
WO700562,SR700562,5122,BRADLEY,UEL,PCCARP,Responsive,1,185.93,195.23,39.05,234.28,191.33,19.13,28.70,124.36,19.13,3.10,2026-04-01T13:06:00,2026-04-01T13:06:00,2026-04-02T13:06:00,2026-04-02T01:06:00,Completed,Met
WO700563,SR700563,5187,KPIF,U1,PCPLUMB,Responsive,1,282.38,296.50,59.30,355.80,290.57,159.81,101.70,0.00,29.06,4.71,2026-04-01T12:08:00,2026-04-01T12:08:00,2026-04-03T12:08:00,2026-04-02T05:08:00,Completed,Met
WO700564,SR700564,5181,KPIF,Q,PCELEC,Responsive,1,192.12,201.73,40.35,242.08,197.70,108.73,69.19,0.00,19.77,3.20,2026-04-01T10:11:00,2026-04-01T10:11:00,2026-04-29T10:11:00,2026-04-16T06:11:00,Completed,Met
WO700565,SR700565,5197,KPIF,Q,PCELEC,Responsive,1,270.22,283.73,56.75,340.48,278.06,152.93,97.32,0.00,27.81,4.50,2026-04-01T14:27:00,2026-04-01T14:27:00,2026-04-29T14:27:00,2026-04-12T07:27:00,Completed,Met
WO700566,SR700566,5191,PHJONESGAS,Q,PCELEC,Responsive,1,210.33,220.85,44.17,265.02,216.43,21.64,32.46,140.68,21.64,3.51,2026-04-01T09:43:00,2026-04-01T09:43:00,2026-04-29T09:43:00,2026-04-23T03:43:00,Completed,Met
WO700567,SR700567,5151,IHREPAIRS,Q,PCPLAST,Responsive,1,202.58,212.71,42.54,255.25,208.46,114.65,72.96,0.00,20.85,3.38,2026-04-01T11:16:00,2026-04-01T11:16:00,2026-04-29T11:16:00,2026-04-16T22:16:00,Completed,Met
WO700568,SR700568,5145,KPIF,Q,PCELEC,Responsive,1,245.09,257.34,51.47,308.81,252.19,138.70,88.27,0.00,25.22,4.08,2026-04-01T11:28:00,2026-04-01T11:28:00,2026-04-29T11:28:00,2026-04-15T22:28:00,Completed,Met
WO700569,SR700569,5192,IHREPAIRS,UEL,PCCARP,Responsive,1,173.30,181.97,36.39,218.36,178.33,98.08,62.42,0.00,17.83,2.89,2026-04-01T11:04:00,2026-04-01T11:04:00,2026-04-02T11:04:00,2026-04-01T20:04:00,Completed,Met
WO700570,SR700570,5180,PHJONESGAS,Q,PCTILE,Responsive,1,167.94,176.34,35.27,211.61,172.81,17.28,25.92,112.33,17.28,2.80,2026-04-01T11:46:00,2026-04-01T11:46:00,2026-04-29T11:46:00,2026-04-21T18:46:00,Completed,Met
WO700571,SR700571,5156,KPIF,Q,PCVINYL,Responsive,1,278.15,292.06,58.41,350.47,286.22,157.42,100.18,0.00,28.62,4.64,2026-04-01T14:25:00,2026-04-01T14:25:00,2026-04-29T14:25:00,2026-04-19T02:25:00,Completed,Met
WO700572,SR700572,5192,IHREPAIRS,U1,PCELEC,Responsive,1,230.50,242.03,48.41,290.44,237.19,130.45,83.02,0.00,23.72,3.84,2026-04-01T11:16:00,2026-04-01T11:16:00,2026-04-03T11:16:00,2026-04-01T23:16:00,Completed,Met
WO700573,SR700573,5252,CCSS,Q,PCCARP,Responsive,1,148.66,156.09,31.22,187.31,152.97,15.30,22.95,99.43,15.30,2.48,2026-04-01T13:35:00,2026-04-01T13:35:00,2026-04-29T13:35:00,2026-04-19T01:35:00,Completed,Met
WO700574,SR700574,5285,OPENVIEW,U1,PCPLUMB,Responsive,1,204.92,215.17,43.03,258.20,210.87,21.09,31.63,137.07,21.09,3.42,2026-04-01T13:27:00,2026-04-01T13:27:00,2026-04-03T13:27:00,,Open,Open
WO700575,SR700575,5219,KPIF,Q,PCPLAST,Responsive,1,188.83,198.27,39.65,237.92,194.30,106.87,68.00,0.00,19.43,3.15,2026-04-01T13:45:00,2026-04-01T13:45:00,2026-04-29T13:45:00,2026-04-15T01:45:00,Completed,Met
WO700576,SR700576,5241,BRADLEY,Q,PCBRICK,Responsive,1,253.70,266.38,53.28,319.66,261.05,26.11,39.16,169.68,26.10,4.23,2026-04-01T11:05:00,2026-04-01T11:05:00,2026-04-29T11:05:00,2026-04-29T17:05:00,Completed,Breached
WO700577,SR700577,5245,IHREPAIRS,Q,PCCARP,Responsive,1,189.58,199.06,39.81,238.87,195.08,107.29,68.28,0.00,19.51,3.16,2026-04-01T12:51:00,2026-04-01T12:51:00,2026-04-29T12:51:00,2026-04-15T21:51:00,Completed,Met
WO700578,SR700578,5248,KPIF,NG,PCGROUND,Responsive,1,347.14,364.50,72.90,437.40,357.21,196.47,125.02,0.00,35.72,5.79,2026-04-01T13:16:00,2026-04-01T13:16:00,2026-04-15T13:16:00,2026-04-11T01:16:00,Completed,Met
WO700579,SR700579,5204,IHREPAIRS,Q,PCTILE,Responsive,1,185.74,195.03,39.01,234.04,191.13,105.12,66.90,0.00,19.11,3.10,2026-04-01T13:50:00,2026-04-01T13:50:00,2026-04-29T13:50:00,2026-04-16T01:50:00,Completed,Met
WO700580,SR700580,5270,IHREPAIRS,Q,PCTILE,Responsive,1,141.08,148.13,29.63,177.76,145.17,79.84,50.81,0.00,14.52,2.35,2026-04-01T10:06:00,2026-04-01T10:06:00,2026-04-29T10:06:00,2026-04-08T01:06:00,Completed,Met
WO700581,SR700581,5254,BRADLEY,UEL,PCPLAST,Responsive,1,210.38,220.90,44.18,265.08,216.48,21.65,32.47,140.71,21.65,3.51,2026-04-01T09:34:00,2026-04-01T09:34:00,2026-04-02T09:34:00,,Open,Open
WO700582,SR700582,5293,PHJONESGAS,Q,PCELEC,Responsive,1,294.04,308.74,61.75,370.49,302.57,30.26,45.39,196.67,30.26,4.90,2026-04-01T09:39:00,2026-04-01T09:39:00,2026-04-29T09:39:00,2026-04-25T02:39:00,Completed,Met
WO700583,SR700583,5259,KPIF,Q,PCVINYL,Responsive,1,206.09,216.39,43.28,259.67,212.06,116.63,74.22,0.00,21.21,3.43,2026-04-01T12:07:00,2026-04-01T12:07:00,2026-04-29T12:07:00,2026-04-12T12:07:00,Completed,Met
WO700584,SR700584,5224,IHREPAIRS,Q,PCVINYL,Responsive,1,189.52,199.00,39.80,238.80,195.02,107.26,68.26,0.00,19.50,3.16,2026-04-01T10:31:00,2026-04-01T10:31:00,2026-04-29T10:31:00,2026-04-17T04:31:00,Completed,Met
WO700585,SR700585,5274,KPIF,E,PCFENCE,Responsive,1,256.29,269.10,53.82,322.92,263.72,145.05,92.30,0.00,26.37,4.27,2026-04-01T12:37:00,2026-04-01T12:37:00,2026-04-02T12:37:00,2026-04-02T01:37:00,Completed,Met
WO700586,SR700586,5289,CCSS,U1,PCCARP,Responsive,1,182.86,192.00,38.40,230.40,188.16,18.82,28.22,122.30,18.82,3.05,2026-04-01T10:53:00,2026-04-01T10:53:00,2026-04-03T10:53:00,2026-04-02T11:53:00,Completed,Met
WO700587,SR700587,5212,CCSS,Q,PCTILE,Responsive,1,179.23,188.19,37.64,225.83,184.43,18.44,27.66,119.88,18.44,2.99,2026-04-01T14:12:00,2026-04-01T14:12:00,2026-04-29T14:12:00,2026-04-25T09:12:00,Completed,Met
WO700588,SR700588,5240,IHREPAIRS,QEL,PCPLUMB,Responsive,1,250.07,262.57,52.51,315.08,257.32,141.53,90.06,0.00,25.73,4.17,2026-04-01T08:35:00,2026-04-01T08:35:00,2026-04-15T08:35:00,2026-04-06T10:35:00,Completed,Met
WO700589,SR700589,5294,PHJONESGAS,Q,PCFENCE,Responsive,1,293.11,307.77,61.55,369.32,301.61,30.16,45.24,196.05,30.16,4.89,2026-04-01T11:00:00,2026-04-01T11:00:00,2026-04-29T11:00:00,2026-04-17T21:00:00,Completed,Met
WO700590,SR700590,5296,IHREPAIRS,Q,PCBRICK,Responsive,1,265.06,278.31,55.66,333.97,272.74,150.01,95.46,0.00,27.27,4.42,2026-04-01T09:01:00,2026-04-01T09:01:00,2026-04-29T09:01:00,2026-04-13T02:01:00,Completed,Met
WO700591,SR700591,5285,IHREPAIRS,QEL,PCBRICK,Responsive,1,322.87,339.01,67.80,406.81,332.23,182.73,116.28,0.00,33.22,5.38,2026-04-01T10:56:00,2026-04-01T10:56:00,2026-04-15T10:56:00,2026-04-08T08:56:00,Completed,Met
WO700592,SR700592,5236,KPIF,U1,PCBRICK,Responsive,1,322.50,338.62,67.72,406.34,331.85,182.52,116.15,0.00,33.18,5.38,2026-04-01T10:41:00,2026-04-01T10:41:00,2026-04-03T10:41:00,2026-04-02T19:41:00,Completed,Met
WO700593,SR700593,5276,KPIF,Q,PCPLAST,Responsive,1,255.78,268.57,53.71,322.28,263.20,144.76,92.12,0.00,26.32,4.26,2026-04-01T09:59:00,2026-04-01T09:59:00,2026-04-29T09:59:00,2026-04-17T13:59:00,Completed,Met
WO700594,SR700594,5268,KPIF,UEL,PCPLUMB,Responsive,1,194.68,204.41,40.88,245.29,200.32,110.18,70.11,0.00,20.03,3.24,2026-04-01T09:44:00,2026-04-01T09:44:00,2026-04-02T09:44:00,2026-04-01T16:44:00,Completed,Met
WO700595,SR700595,5097,KPIF,QEL,PCVINYL,Responsive,1,196.31,206.13,41.23,247.36,202.01,111.11,70.70,0.00,20.20,3.27,2026-04-02T12:15:00,2026-04-02T12:15:00,2026-04-16T12:15:00,2026-04-10T15:15:00,Completed,Met
WO700596,SR700596,5045,CCSS,Q,PCPLUMB,Responsive,1,255.63,268.41,53.68,322.09,263.04,26.30,39.46,170.98,26.30,4.26,2026-04-02T09:29:00,2026-04-02T09:29:00,2026-04-30T09:29:00,2026-04-25T02:29:00,Completed,Met
WO700597,SR700597,5061,CCSS,UEL,PCGROUND,Responsive,1,416.57,437.40,87.48,524.88,428.65,42.87,64.30,278.62,42.86,6.94,2026-04-02T11:49:00,2026-04-02T11:49:00,2026-04-03T11:49:00,2026-04-02T22:49:00,Completed,Met
WO700598,SR700598,5002,KPIF,QEL,PCBRICK,Responsive,1,384.86,404.10,80.82,484.92,396.02,217.81,138.61,0.00,39.60,6.41,2026-04-02T14:17:00,2026-04-02T14:17:00,2026-04-16T14:17:00,2026-04-09T14:17:00,Completed,Met
WO700599,SR700599,5013,PHJONESGAS,Q,PCGROUND,Responsive,1,341.39,358.46,71.69,430.15,351.29,35.13,52.69,228.34,35.13,5.69,2026-04-02T12:11:00,2026-04-02T12:11:00,2026-04-30T12:11:00,2026-04-13T01:11:00,Completed,Met
WO700600,SR700600,5035,KPIF,QEL,PCBRICK,Responsive,1,382.69,401.82,80.36,482.18,393.78,216.58,137.82,0.00,39.38,6.38,2026-04-02T13:29:00,2026-04-02T13:29:00,2026-04-16T13:29:00,2026-04-07T04:29:00,Completed,Met
WO700601,SR700601,5094,CCSS,Q,PCTILE,Responsive,1,163.87,172.06,34.41,206.47,168.62,16.86,25.29,109.60,16.86,2.73,2026-04-02T10:02:00,2026-04-02T10:02:00,2026-04-30T10:02:00,,Open,Open
WO700602,SR700602,5009,IHREPAIRS,Q,PCPLUMB,Responsive,1,250.13,262.64,52.53,315.17,257.39,141.56,90.09,0.00,25.74,4.17,2026-04-02T14:20:00,2026-04-02T14:20:00,2026-04-30T14:20:00,2026-04-15T16:20:00,Completed,Met
WO700603,SR700603,5025,KPIF,E,PCPLUMB,Responsive,1,171.66,180.24,36.05,216.29,176.64,97.15,61.82,0.00,17.66,2.86,2026-04-02T13:34:00,2026-04-02T13:34:00,2026-04-03T13:34:00,2026-04-02T22:34:00,Completed,Met
WO700604,SR700604,5082,KPIF,Q,PCCARP,Responsive,1,214.50,225.23,45.05,270.28,220.73,121.40,77.26,0.00,22.07,3.58,2026-04-02T13:39:00,2026-04-02T13:39:00,2026-04-30T13:39:00,2026-04-24T22:39:00,Completed,Met
WO700605,SR700605,5073,CCSS,QEL,PCPLAST,Responsive,1,250.85,263.39,52.68,316.07,258.12,25.81,38.72,167.78,25.81,4.18,2026-04-02T10:39:00,2026-04-02T10:39:00,2026-04-16T10:39:00,2026-04-09T16:39:00,Completed,Met
WO700606,SR700606,5059,CCSS,QEL,PCBRICK,Responsive,1,269.48,282.95,56.59,339.54,277.29,27.73,41.59,180.24,27.73,4.49,2026-04-02T14:11:00,2026-04-02T14:11:00,2026-04-16T14:11:00,2026-04-11T07:11:00,Completed,Met
WO700607,SR700607,5010,KPIF,QEL,PCBRICK,Responsive,1,318.87,334.81,66.96,401.77,328.11,180.46,114.84,0.00,32.81,5.31,2026-04-02T11:20:00,2026-04-02T11:20:00,2026-04-16T11:20:00,2026-04-13T00:20:00,Completed,Met
WO700608,SR700608,5023,PHJONESGAS,U1,PCELEC,Responsive,1,241.25,253.31,50.66,303.97,248.24,24.82,37.24,161.36,24.82,4.02,2026-04-02T10:12:00,2026-04-02T10:12:00,2026-04-04T10:12:00,2026-04-03T10:12:00,Completed,Met
WO700609,SR700609,5019,KPIF,QEL,PCGROUND,Responsive,1,459.32,482.29,96.46,578.75,472.64,259.95,165.42,0.00,47.26,7.66,2026-04-02T13:59:00,2026-04-02T13:59:00,2026-04-16T13:59:00,2026-04-13T07:59:00,Completed,Met
WO700610,SR700610,5005,CCSS,U1,PCCARP,Responsive,1,184.47,193.69,38.74,232.43,189.82,18.98,28.47,123.38,18.98,3.07,2026-04-02T12:18:00,2026-04-02T12:18:00,2026-04-04T12:18:00,2026-04-04T03:18:00,Completed,Met
WO700611,SR700611,5001,KPIF,Q,PCPLUMB,Responsive,1,277.74,291.63,58.33,349.96,285.80,157.19,100.03,0.00,28.58,4.63,2026-04-02T14:28:00,2026-04-02T14:28:00,2026-04-30T14:28:00,,Open,Open
WO700612,SR700612,5091,KPIF,Q,PCELEC,Responsive,1,259.05,272.00,54.40,326.40,266.56,146.61,93.30,0.00,26.66,4.32,2026-04-02T09:05:00,2026-04-02T09:05:00,2026-04-30T09:05:00,2026-04-18T17:05:00,Completed,Met
WO700613,SR700613,5100,IHREPAIRS,U1,PCELEC,Responsive,1,294.41,309.13,61.83,370.96,302.95,166.62,106.03,0.00,30.29,4.91,2026-04-02T11:33:00,2026-04-02T11:33:00,2026-04-04T11:33:00,,Open,Open
WO700614,SR700614,5083,OPENVIEW,Q,PCCARP,Responsive,1,197.41,207.28,41.46,248.74,203.13,20.31,30.47,132.03,20.31,3.29,2026-04-02T11:24:00,2026-04-02T11:24:00,2026-04-30T11:24:00,2026-04-24T16:24:00,Completed,Met
WO700615,SR700615,5083,KPIF,U1,PCTILE,Responsive,1,139.45,146.42,29.28,175.70,143.49,78.92,50.22,0.00,14.35,2.32,2026-04-02T11:46:00,2026-04-02T11:46:00,2026-04-04T11:46:00,2026-04-03T11:46:00,Completed,Met
WO700616,SR700616,5014,BRADLEY,Q,PCFENCE,Responsive,1,252.44,265.06,53.01,318.07,259.76,25.98,38.96,168.84,25.98,4.21,2026-04-02T12:14:00,2026-04-02T12:14:00,2026-04-30T12:14:00,2026-04-19T00:14:00,Completed,Met
WO700617,SR700617,5193,KPIF,Q,PCTILE,Responsive,1,133.43,140.10,28.02,168.12,137.30,75.52,48.05,0.00,13.73,2.22,2026-04-02T13:06:00,2026-04-02T13:06:00,2026-04-30T13:06:00,2026-04-15T06:06:00,Completed,Met
WO700618,SR700618,5158,KPIF,E,PCPLUMB,Responsive,1,256.67,269.50,53.90,323.40,264.11,145.26,92.44,0.00,26.41,4.28,2026-04-02T08:51:00,2026-04-02T08:51:00,2026-04-03T08:51:00,2026-04-02T19:51:00,Completed,Met
WO700619,SR700619,5167,BRADLEY,QEL,PCELEC,Responsive,1,309.59,325.07,65.01,390.08,318.57,31.86,47.79,207.07,31.86,5.16,2026-04-02T13:04:00,2026-04-02T13:04:00,2026-04-16T13:04:00,2026-04-13T03:04:00,Completed,Met
WO700620,SR700620,5105,KPIF,Q,PCPLAST,Responsive,1,215.88,226.67,45.33,272.00,222.14,122.18,77.75,0.00,22.21,3.60,2026-04-02T13:46:00,2026-04-02T13:46:00,2026-04-30T13:46:00,2026-04-27T16:46:00,Completed,Met
WO700621,SR700621,5123,OPENVIEW,QEL,PCPLUMB,Responsive,1,247.18,259.54,51.91,311.45,254.35,25.44,38.15,165.33,25.43,4.12,2026-04-02T09:19:00,2026-04-02T09:19:00,2026-04-16T09:19:00,2026-04-09T03:19:00,Completed,Met
WO700622,SR700622,5114,CCSS,Q,PCCARP,Responsive,1,188.42,197.84,39.57,237.41,193.88,19.39,29.08,126.02,19.39,3.14,2026-04-02T10:22:00,2026-04-02T10:22:00,2026-04-30T10:22:00,2026-04-22T16:22:00,Completed,Met
WO700623,SR700623,5195,PHJONESGAS,UEL,PCVINYL,Responsive,1,210.08,220.58,44.12,264.70,216.17,21.62,32.43,140.51,21.62,3.50,2026-04-02T13:24:00,2026-04-02T13:24:00,2026-04-03T13:24:00,2026-04-02T23:24:00,Completed,Met
WO700624,SR700624,5128,KPIF,Q,PCPLUMB,Responsive,1,311.91,327.51,65.50,393.01,320.96,176.53,112.34,0.00,32.10,5.20,2026-04-02T09:31:00,2026-04-02T09:31:00,2026-04-30T09:31:00,2026-04-17T18:31:00,Completed,Met
WO700625,SR700625,5148,KPIF,U1,PCGROUND,Responsive,1,418.57,439.50,87.90,527.40,430.71,236.89,150.75,0.00,43.07,6.98,2026-04-02T13:27:00,2026-04-02T13:27:00,2026-04-04T13:27:00,2026-04-03T22:27:00,Completed,Met
WO700626,SR700626,5179,KPIF,QEL,PCVINYL,Responsive,1,222.32,233.44,46.69,280.13,228.77,125.82,80.07,0.00,22.88,3.71,2026-04-02T12:39:00,2026-04-02T12:39:00,2026-04-16T12:39:00,2026-04-11T04:39:00,Completed,Met
WO700627,SR700627,5191,OPENVIEW,Q,PCBRICK,Responsive,1,283.40,297.57,59.51,357.08,291.62,29.16,43.74,189.55,29.16,4.72,2026-04-02T12:33:00,2026-04-02T12:33:00,2026-04-30T12:33:00,2026-04-17T22:33:00,Completed,Met
WO700628,SR700628,5167,PHJONESGAS,Q,PCELEC,Responsive,1,201.15,211.21,42.24,253.45,206.99,20.70,31.05,134.54,20.70,3.35,2026-04-02T13:42:00,2026-04-02T13:42:00,2026-04-30T13:42:00,2026-04-16T15:42:00,Completed,Met
WO700629,SR700629,5179,CCSS,Q,PCCARP,Responsive,1,200.21,210.22,42.04,252.26,206.02,20.60,30.90,133.91,20.60,3.34,2026-04-02T11:28:00,2026-04-02T11:28:00,2026-04-30T11:28:00,2026-04-13T00:28:00,Completed,Met
WO700630,SR700630,5168,OPENVIEW,Q,PCCARP,Responsive,1,178.29,187.20,37.44,224.64,183.46,18.35,27.52,119.25,18.35,2.97,2026-04-02T13:06:00,2026-04-02T13:06:00,2026-04-30T13:06:00,2026-04-13T02:06:00,Completed,Met
WO700631,SR700631,5127,KPIF,E,PCBRICK,Responsive,1,180.85,189.89,37.98,227.87,186.09,102.35,65.13,0.00,18.61,3.01,2026-04-02T09:46:00,2026-04-02T09:46:00,2026-04-03T09:46:00,2026-04-02T18:46:00,Completed,Met
WO700632,SR700632,5123,KPIF,Q,PCPLAST,Responsive,1,218.60,229.53,45.91,275.44,224.94,123.72,78.73,0.00,22.49,3.64,2026-04-02T14:00:00,2026-04-02T14:00:00,2026-04-30T14:00:00,2026-04-16T20:00:00,Completed,Met
WO700633,SR700633,5179,CCSS,E,PCELEC,Responsive,1,333.37,350.04,70.01,420.05,343.04,34.30,51.46,222.98,34.30,5.56,2026-04-02T13:05:00,2026-04-02T13:05:00,2026-04-03T13:05:00,2026-04-03T07:05:00,Completed,Met
WO700634,SR700634,5115,CCSS,QEL,PCCARP,Responsive,1,163.78,171.97,34.39,206.36,168.53,16.85,25.28,109.54,16.85,2.73,2026-04-02T13:33:00,2026-04-02T13:33:00,2026-04-16T13:33:00,2026-04-08T09:33:00,Completed,Met
WO700635,SR700635,5142,KPIF,QEL,PCTILE,Responsive,1,189.61,199.09,39.82,238.91,195.11,107.31,68.29,0.00,19.51,3.16,2026-04-02T09:20:00,2026-04-02T09:20:00,2026-04-16T09:20:00,2026-04-11T00:20:00,Completed,Met
WO700636,SR700636,5129,IHREPAIRS,Q,PCCARP,Responsive,1,238.69,250.62,50.12,300.74,245.61,135.09,85.96,0.00,24.56,3.98,2026-04-02T12:13:00,2026-04-02T12:13:00,2026-04-30T12:13:00,2026-04-27T04:13:00,Completed,Met
WO700637,SR700637,5150,CCSS,U1,PCFENCE,Responsive,1,311.01,326.56,65.31,391.87,320.03,32.00,48.00,208.02,32.00,5.18,2026-04-02T13:53:00,2026-04-02T13:53:00,2026-04-04T13:53:00,2026-04-03T13:53:00,Completed,Met
WO700638,SR700638,5105,KPIF,UEL,PCPLUMB,Responsive,1,246.81,259.15,51.83,310.98,253.97,139.68,88.89,0.00,25.40,4.11,2026-04-02T12:28:00,2026-04-02T12:28:00,2026-04-03T12:28:00,2026-04-02T23:28:00,Completed,Met
WO700639,SR700639,5238,IHREPAIRS,QEL,PCPLAST,Responsive,1,173.56,182.24,36.45,218.69,178.60,98.23,62.51,0.00,17.86,2.89,2026-04-02T13:43:00,2026-04-02T13:43:00,2026-04-16T13:43:00,2026-04-13T23:43:00,Completed,Met
WO700640,SR700640,5230,IHREPAIRS,Q,PCCARP,Responsive,1,146.42,153.74,30.75,184.49,150.67,82.87,52.73,0.00,15.07,2.44,2026-04-02T10:20:00,2026-04-02T10:20:00,2026-04-30T10:20:00,2026-04-10T06:20:00,Completed,Met
WO700641,SR700641,5294,KPIF,Q,PCVINYL,Responsive,1,231.28,242.84,48.57,291.41,237.98,130.89,83.29,0.00,23.80,3.85,2026-04-02T11:17:00,2026-04-02T11:17:00,2026-04-30T11:17:00,2026-04-15T14:17:00,Completed,Met
WO700642,SR700642,5220,KPIF,Q,PCPLUMB,Responsive,1,189.10,198.56,39.71,238.27,194.59,107.02,68.11,0.00,19.46,3.15,2026-04-02T12:30:00,2026-04-02T12:30:00,2026-04-30T12:30:00,2026-04-18T14:30:00,Completed,Met
WO700643,SR700643,5251,CCSS,QEL,PCELEC,Responsive,1,270.22,283.73,56.75,340.48,278.06,27.81,41.71,180.74,27.81,4.50,2026-04-02T09:20:00,2026-04-02T09:20:00,2026-04-16T09:20:00,2026-04-08T18:20:00,Completed,Met
WO700644,SR700644,5202,KPIF,QEL,PCVINYL,Responsive,1,366.34,384.66,76.93,461.59,376.97,207.33,131.94,0.00,37.70,6.11,2026-04-02T11:01:00,2026-04-02T11:01:00,2026-04-16T11:01:00,,Open,Open
WO700645,SR700645,5286,KPIF,U1,PCBRICK,Responsive,1,307.20,322.56,64.51,387.07,316.11,173.86,110.64,0.00,31.61,5.12,2026-04-02T13:22:00,2026-04-02T13:22:00,2026-04-04T13:22:00,2026-04-03T17:22:00,Completed,Met
WO700646,SR700646,5299,KPIF,QEL,PCPLAST,Responsive,1,159.84,167.83,33.57,201.40,164.47,90.46,57.56,0.00,16.45,2.66,2026-04-02T11:39:00,2026-04-02T11:39:00,2026-04-16T11:39:00,,Open,Open
WO700647,SR700647,5281,CCSS,Q,PCCARP,Responsive,1,186.97,196.32,39.26,235.58,192.39,19.24,28.86,125.05,19.24,3.12,2026-04-02T13:01:00,2026-04-02T13:01:00,2026-04-30T13:01:00,2026-04-25T02:01:00,Completed,Met
WO700648,SR700648,5279,KPIF,Q,PCGROUND,Responsive,1,484.14,508.35,101.67,610.02,498.18,274.00,174.36,0.00,49.82,8.07,2026-04-02T14:20:00,2026-04-02T14:20:00,2026-04-30T14:20:00,2026-04-29T11:20:00,Completed,Met
WO700649,SR700649,5208,CCSS,QEL,PCGROUND,Responsive,1,455.21,477.97,95.59,573.56,468.41,46.84,70.26,304.47,46.84,7.59,2026-04-02T08:56:00,2026-04-02T08:56:00,2026-04-16T08:56:00,2026-04-12T18:56:00,Completed,Met
WO700650,SR700650,5247,IHREPAIRS,U1,PCFENCE,Responsive,1,247.64,260.02,52.00,312.02,254.82,140.15,89.19,0.00,25.48,4.13,2026-04-02T09:04:00,2026-04-02T09:04:00,2026-04-04T09:04:00,2026-04-02T22:04:00,Completed,Met
WO700651,SR700651,5243,IHREPAIRS,Q,PCTILE,Responsive,1,127.51,133.89,26.78,160.67,131.21,72.17,45.92,0.00,13.12,2.13,2026-04-02T13:27:00,2026-04-02T13:27:00,2026-04-30T13:27:00,2026-04-25T08:27:00,Completed,Met
WO700652,SR700652,5298,BRADLEY,UEL,PCTILE,Responsive,1,138.99,145.94,29.19,175.13,143.02,14.30,21.45,92.96,14.30,2.32,2026-04-02T12:47:00,2026-04-02T12:47:00,2026-04-03T12:47:00,,Open,Open
WO700653,SR700653,5245,IHREPAIRS,Q,PCELEC,Responsive,1,270.75,284.29,56.86,341.15,278.60,153.23,97.51,0.00,27.86,4.51,2026-04-02T09:32:00,2026-04-02T09:32:00,2026-04-30T09:32:00,2026-04-12T09:32:00,Completed,Met
WO700654,SR700654,5238,CCSS,Q,PCELEC,Responsive,1,156.21,164.02,32.80,196.82,160.74,16.07,24.11,104.48,16.07,2.60,2026-04-02T14:24:00,2026-04-02T14:24:00,2026-04-30T14:24:00,,Open,Open
WO700655,SR700655,5259,BRADLEY,U1,PCCARP,Responsive,1,176.64,185.47,37.09,222.56,181.76,18.18,27.26,118.14,18.18,2.94,2026-04-02T10:57:00,2026-04-02T10:57:00,2026-04-04T10:57:00,2026-04-03T18:57:00,Completed,Met
WO700656,SR700656,5215,BRADLEY,Q,PCPLAST,Responsive,1,197.71,207.60,41.52,249.12,203.45,20.34,30.52,132.24,20.34,3.30,2026-04-02T12:56:00,2026-04-02T12:56:00,2026-04-30T12:56:00,2026-04-20T10:56:00,Completed,Met
WO700657,SR700657,5288,IHREPAIRS,QEL,PCGROUND,Responsive,1,446.68,469.01,93.80,562.81,459.63,252.80,160.87,0.00,45.96,7.44,2026-04-02T12:05:00,2026-04-02T12:05:00,2026-04-16T12:05:00,2026-04-07T02:05:00,Completed,Met
WO700658,SR700658,5209,KPIF,QEL,PCPLUMB,Responsive,1,204.90,215.15,43.03,258.18,210.85,115.97,73.80,0.00,21.08,3.42,2026-04-02T12:56:00,2026-04-02T12:56:00,2026-04-16T12:56:00,2026-04-09T03:56:00,Completed,Met
WO700659,SR700659,5283,IHREPAIRS,Q,PCFENCE,Responsive,1,234.16,245.87,49.17,295.04,240.95,132.52,84.33,0.00,24.09,3.90,2026-04-02T13:01:00,2026-04-02T13:01:00,2026-04-30T13:01:00,2026-04-22T15:01:00,Completed,Met
WO700660,SR700660,5217,KPIF,U1,PCBRICK,Responsive,1,354.23,371.94,74.39,446.33,364.50,200.48,127.57,0.00,36.45,5.90,2026-04-02T12:37:00,2026-04-02T12:37:00,2026-04-04T12:37:00,2026-04-03T11:37:00,Completed,Met
WO700661,SR700661,5019,PHJONESGAS,E,PCFENCE,Responsive,1,243.52,255.70,51.14,306.84,250.59,25.06,37.59,162.88,25.06,4.06,2026-04-03T13:46:00,2026-04-03T13:46:00,2026-04-04T13:46:00,2026-04-04T19:46:00,Completed,Breached
WO700662,SR700662,5023,KPIF,U1,PCPLAST,Responsive,1,182.48,191.60,38.32,229.92,187.77,103.27,65.72,0.00,18.78,3.04,2026-04-03T11:12:00,2026-04-03T11:12:00,2026-04-05T11:12:00,2026-04-04T06:12:00,Completed,Met
WO700663,SR700663,5027,IHREPAIRS,Q,PCGROUND,Responsive,1,474.51,498.24,99.65,597.89,488.28,268.55,170.90,0.00,48.83,7.91,2026-04-03T11:26:00,2026-04-03T11:26:00,2026-05-01T11:26:00,2026-04-23T21:26:00,Completed,Met
WO700664,SR700664,5069,KPIF,U1,PCBRICK,Responsive,1,180.98,190.03,38.01,228.04,186.23,102.43,65.18,0.00,18.62,3.02,2026-04-03T12:45:00,2026-04-03T12:45:00,2026-04-05T12:45:00,2026-04-04T19:45:00,Completed,Met
WO700665,SR700665,5020,IHREPAIRS,NG,PCPLUMB,Responsive,1,298.93,313.88,62.78,376.66,307.60,169.18,107.66,0.00,30.76,4.98,2026-04-03T12:49:00,2026-04-03T12:49:00,2026-04-17T12:49:00,2026-04-09T18:49:00,Completed,Met
WO700666,SR700666,5038,CCSS,QEL,PCPLAST,Responsive,1,214.91,225.66,45.13,270.79,221.15,22.12,33.17,143.75,22.11,3.58,2026-04-03T12:16:00,2026-04-03T12:16:00,2026-04-17T12:16:00,2026-04-11T04:16:00,Completed,Met
WO700667,SR700667,5006,KPIF,Q,PCPLAST,Responsive,1,240.00,252.00,50.40,302.40,246.96,135.83,86.44,0.00,24.70,4.00,2026-04-03T08:42:00,2026-04-03T08:42:00,2026-05-01T08:42:00,2026-04-11T09:42:00,Completed,Met
WO700668,SR700668,5012,IHREPAIRS,E,PCFENCE,Responsive,1,265.47,278.74,55.75,334.49,273.17,150.24,95.61,0.00,27.32,4.42,2026-04-03T13:28:00,2026-04-03T13:28:00,2026-04-04T13:28:00,2026-04-03T19:28:00,Completed,Met
WO700669,SR700669,5026,OPENVIEW,U1,PCPLUMB,Responsive,1,223.73,234.92,46.98,281.90,230.22,23.02,34.53,149.64,23.02,3.73,2026-04-03T14:16:00,2026-04-03T14:16:00,2026-04-05T14:16:00,2026-04-04T16:16:00,Completed,Met
WO700670,SR700670,5025,IHREPAIRS,UEL,PCELEC,Responsive,1,235.90,247.70,49.54,297.24,242.75,133.51,84.96,0.00,24.27,3.93,2026-04-03T08:58:00,2026-04-03T08:58:00,2026-04-04T08:58:00,2026-04-04T02:58:00,Completed,Met
WO700671,SR700671,5055,KPIF,Q,PCFENCE,Responsive,1,391.64,411.22,82.24,493.46,403.00,221.65,141.05,0.00,40.30,6.53,2026-04-03T11:26:00,2026-04-03T11:26:00,2026-05-01T11:26:00,2026-04-11T02:26:00,Completed,Met
WO700672,SR700672,5012,KPIF,Q,PCTILE,Responsive,1,137.57,144.45,28.89,173.34,141.56,77.86,49.55,0.00,14.16,2.29,2026-04-03T12:02:00,2026-04-03T12:02:00,2026-05-01T12:02:00,2026-04-21T19:02:00,Completed,Met
WO700673,SR700673,5055,IHREPAIRS,U1,PCVINYL,Responsive,1,246.42,258.74,51.75,310.49,253.57,139.46,88.75,0.00,25.36,4.11,2026-04-03T09:14:00,2026-04-03T09:14:00,2026-04-05T09:14:00,2026-04-04T18:14:00,Completed,Met
WO700674,SR700674,5068,PHJONESGAS,E,PCFENCE,Responsive,1,307.29,322.65,64.53,387.18,316.20,31.62,47.43,205.53,31.62,5.12,2026-04-03T11:42:00,2026-04-03T11:42:00,2026-04-04T11:42:00,2026-04-04T05:42:00,Completed,Met
WO700675,SR700675,5054,CCSS,Q,PCPLAST,Responsive,1,264.60,277.83,55.57,333.40,272.27,27.23,40.84,176.98,27.23,4.41,2026-04-03T09:40:00,2026-04-03T09:40:00,2026-05-01T09:40:00,2026-04-23T11:40:00,Completed,Met
WO700676,SR700676,5063,KPIF,QEL,PCPLUMB,Responsive,1,292.16,306.77,61.35,368.12,300.63,165.35,105.22,0.00,30.06,4.87,2026-04-03T13:29:00,2026-04-03T13:29:00,2026-04-17T13:29:00,2026-04-10T18:29:00,Completed,Met
WO700677,SR700677,5004,KPIF,U1,PCPLUMB,Responsive,1,197.82,207.71,41.54,249.25,203.56,111.96,71.25,0.00,20.36,3.30,2026-04-03T13:57:00,2026-04-03T13:57:00,2026-04-05T13:57:00,2026-04-04T23:57:00,Completed,Met
WO700678,SR700678,5037,BRADLEY,U1,PCVINYL,Responsive,1,239.95,251.95,50.39,302.34,246.91,24.69,37.04,160.49,24.69,4.00,2026-04-03T14:00:00,2026-04-03T14:00:00,2026-04-05T14:00:00,2026-04-04T18:00:00,Completed,Met
WO700679,SR700679,5009,IHREPAIRS,Q,PCFENCE,Responsive,1,238.73,250.67,50.13,300.80,245.66,135.11,85.98,0.00,24.57,3.98,2026-04-03T10:42:00,2026-04-03T10:42:00,2026-05-01T10:42:00,2026-04-15T19:42:00,Completed,Met
WO700680,SR700680,5016,IHREPAIRS,Q,PCFENCE,Responsive,1,294.94,309.69,61.94,371.63,303.50,166.93,106.22,0.00,30.35,4.92,2026-04-03T10:42:00,2026-04-03T10:42:00,2026-05-01T10:42:00,2026-04-21T05:42:00,Completed,Met
WO700681,SR700681,5089,KPIF,Q,PCPLAST,Responsive,1,238.46,250.38,50.08,300.46,245.37,134.95,85.88,0.00,24.54,3.97,2026-04-03T11:34:00,2026-04-03T11:34:00,2026-05-01T11:34:00,2026-04-09T10:34:00,Completed,Met
WO700682,SR700682,5038,PHJONESGAS,Q,PCBRICK,Responsive,1,396.01,415.81,83.16,498.97,407.49,40.75,61.12,264.87,40.75,6.60,2026-04-03T12:53:00,2026-04-03T12:53:00,2026-05-01T12:53:00,2026-04-23T00:53:00,Completed,Met
WO700683,SR700683,5177,BRADLEY,Q,PCPLAST,Responsive,1,172.74,181.38,36.28,217.66,177.75,17.78,26.66,115.54,17.77,2.88,2026-04-03T14:20:00,2026-04-03T14:20:00,2026-05-01T14:20:00,2026-04-21T18:20:00,Completed,Met
WO700684,SR700684,5147,KPIF,Q,PCCARP,Responsive,1,183.17,192.33,38.47,230.80,188.48,103.66,65.97,0.00,18.85,3.05,2026-04-03T09:43:00,2026-04-03T09:43:00,2026-05-01T09:43:00,2026-04-26T22:43:00,Completed,Met
WO700685,SR700685,5163,BRADLEY,UEL,PCVINYL,Responsive,1,265.90,279.19,55.84,335.03,273.61,27.36,41.04,177.85,27.36,4.43,2026-04-03T09:22:00,2026-04-03T09:22:00,2026-04-04T09:22:00,2026-04-04T00:22:00,Completed,Met
WO700686,SR700686,5172,CCSS,QEL,PCGROUND,Responsive,1,373.72,392.41,78.48,470.89,384.56,38.46,57.68,249.96,38.46,6.23,2026-04-03T14:29:00,2026-04-03T14:29:00,2026-04-17T14:29:00,2026-04-12T00:29:00,Completed,Met
WO700687,SR700687,5110,BRADLEY,QEL,PCCARP,Responsive,1,220.50,231.53,46.31,277.84,226.90,22.69,34.03,147.49,22.69,3.67,2026-04-03T12:35:00,2026-04-03T12:35:00,2026-04-17T12:35:00,2026-04-09T10:35:00,Completed,Met
WO700688,SR700688,5157,KPIF,QEL,PCGROUND,Responsive,1,434.35,456.07,91.21,547.28,446.95,245.82,156.43,0.00,44.69,7.24,2026-04-03T11:05:00,2026-04-03T11:05:00,2026-04-17T11:05:00,2026-04-16T21:05:00,Completed,Met
WO700689,SR700689,5189,KPIF,Q,PCPLAST,Responsive,1,210.63,221.16,44.23,265.39,216.74,119.21,75.86,0.00,21.67,3.51,2026-04-03T10:17:00,2026-04-03T10:17:00,2026-05-01T10:17:00,2026-04-21T18:17:00,Completed,Met
WO700690,SR700690,5115,IHREPAIRS,E,PCCARP,Responsive,1,184.09,193.29,38.66,231.95,189.42,104.18,66.30,0.00,18.94,3.07,2026-04-03T12:10:00,2026-04-03T12:10:00,2026-04-04T12:10:00,2026-04-04T04:10:00,Completed,Met
WO700691,SR700691,5166,BRADLEY,Q,PCPLUMB,Responsive,1,265.92,279.22,55.84,335.06,273.64,27.36,41.05,177.87,27.36,4.43,2026-04-03T08:52:00,2026-04-03T08:52:00,2026-05-01T08:52:00,2026-04-27T17:52:00,Completed,Met
WO700692,SR700692,5116,KPIF,Q,PCTILE,Responsive,1,170.09,178.59,35.72,214.31,175.02,96.26,61.26,0.00,17.50,2.83,2026-04-03T14:13:00,2026-04-03T14:13:00,2026-05-01T14:13:00,2026-04-18T22:13:00,Completed,Met
WO700693,SR700693,5136,OPENVIEW,Q,PCFENCE,Responsive,1,345.41,362.68,72.54,435.22,355.43,35.54,53.31,231.03,35.54,5.76,2026-04-03T13:43:00,2026-04-03T13:43:00,2026-05-01T13:43:00,2026-04-20T17:43:00,Completed,Met
WO700694,SR700694,5175,CCSS,Q,PCPLUMB,Responsive,1,303.79,318.98,63.80,382.78,312.60,31.26,46.89,203.19,31.26,5.06,2026-04-03T10:54:00,2026-04-03T10:54:00,2026-05-01T10:54:00,,Open,Open
WO700695,SR700695,5193,BRADLEY,QEL,PCCARP,Responsive,1,212.16,222.77,44.55,267.32,218.31,21.83,32.75,141.90,21.83,3.54,2026-04-03T12:33:00,2026-04-03T12:33:00,2026-04-17T12:33:00,2026-04-09T09:33:00,Completed,Met
WO700696,SR700696,5114,PHJONESGAS,QEL,PCPLAST,Responsive,1,225.22,236.48,47.30,283.78,231.75,23.18,34.76,150.64,23.17,3.75,2026-04-03T12:07:00,2026-04-03T12:07:00,2026-04-17T12:07:00,2026-04-12T08:07:00,Completed,Met
WO700697,SR700697,5141,IHREPAIRS,Q,PCCARP,Responsive,1,129.54,136.02,27.20,163.22,133.30,73.32,46.66,0.00,13.33,2.16,2026-04-03T12:43:00,2026-04-03T12:43:00,2026-05-01T12:43:00,2026-04-20T23:43:00,Completed,Met
WO700698,SR700698,5106,KPIF,UEL,PCCARP,Responsive,1,194.13,203.84,40.77,244.61,199.76,109.87,69.92,0.00,19.98,3.24,2026-04-03T10:55:00,2026-04-03T10:55:00,2026-04-04T10:55:00,2026-04-03T16:55:00,Completed,Met
WO700699,SR700699,5157,KPIF,Q,PCTILE,Responsive,1,170.14,178.65,35.73,214.38,175.08,96.29,61.28,0.00,17.51,2.84,2026-04-03T12:09:00,2026-04-03T12:09:00,2026-05-01T12:09:00,2026-04-21T02:09:00,Completed,Met
WO700700,SR700700,5161,PHJONESGAS,U1,PCFENCE,Responsive,1,235.31,247.08,49.42,296.50,242.14,24.21,36.32,157.39,24.21,3.92,2026-04-03T12:41:00,2026-04-03T12:41:00,2026-04-05T12:41:00,2026-04-04T12:41:00,Completed,Met
WO700701,SR700701,5187,KPIF,U1,PCCARP,Responsive,1,171.91,180.51,36.10,216.61,176.90,97.30,61.91,0.00,17.69,2.87,2026-04-03T14:25:00,2026-04-03T14:25:00,2026-04-05T14:25:00,2026-04-04T15:25:00,Completed,Met
WO700702,SR700702,5122,KPIF,Q,PCCARP,Responsive,1,124.34,130.56,26.11,156.67,127.95,70.37,44.78,0.00,12.79,2.07,2026-04-03T10:12:00,2026-04-03T10:12:00,2026-05-01T10:12:00,2026-04-06T01:12:00,Completed,Met
WO700703,SR700703,5155,CCSS,UEL,PCELEC,Responsive,1,216.35,227.17,45.43,272.60,222.63,22.26,33.39,144.71,22.26,3.61,2026-04-03T13:27:00,2026-04-03T13:27:00,2026-04-04T13:27:00,2026-04-03T20:27:00,Completed,Met
WO700704,SR700704,5152,IHREPAIRS,Q,PCFENCE,Responsive,1,275.28,289.04,57.81,346.85,283.26,155.79,99.14,0.00,28.33,4.59,2026-04-03T11:57:00,2026-04-03T11:57:00,2026-05-01T11:57:00,2026-04-26T22:57:00,Completed,Met
WO700705,SR700705,5259,IHREPAIRS,U1,PCCARP,Responsive,1,167.42,175.79,35.16,210.95,172.27,94.75,60.29,0.00,17.23,2.79,2026-04-03T10:28:00,2026-04-03T10:28:00,2026-04-05T10:28:00,2026-04-04T11:28:00,Completed,Met
WO700706,SR700706,5207,KPIF,Q,PCCARP,Responsive,1,212.85,223.49,44.70,268.19,219.02,120.46,76.66,0.00,21.90,3.55,2026-04-03T10:01:00,2026-04-03T10:01:00,2026-05-01T10:01:00,2026-04-13T23:01:00,Completed,Met
WO700707,SR700707,5280,IHREPAIRS,QEL,PCCARP,Responsive,1,122.87,129.01,25.80,154.81,126.43,69.54,44.25,0.00,12.64,2.05,2026-04-03T12:56:00,2026-04-03T12:56:00,2026-04-17T12:56:00,2026-04-12T10:56:00,Completed,Met
WO700708,SR700708,5285,KPIF,Q,PCELEC,Responsive,1,205.66,215.94,43.19,259.13,211.62,116.39,74.07,0.00,21.16,3.43,2026-04-03T11:25:00,2026-04-03T11:25:00,2026-05-01T11:25:00,,Open,Open
WO700709,SR700709,5298,BRADLEY,NG,PCPLUMB,Responsive,1,265.07,278.32,55.66,333.98,272.75,27.28,40.91,177.29,27.27,4.42,2026-04-03T09:30:00,2026-04-03T09:30:00,2026-04-17T09:30:00,2026-04-09T23:30:00,Completed,Met
WO700710,SR700710,5259,IHREPAIRS,E,PCPLUMB,Responsive,1,222.86,234.00,46.80,280.80,229.32,126.13,80.26,0.00,22.93,3.71,2026-04-03T11:05:00,2026-04-03T11:05:00,2026-04-04T11:05:00,2026-04-04T03:05:00,Completed,Met
WO700711,SR700711,5240,KPIF,Q,PCVINYL,Responsive,1,222.98,234.13,46.83,280.96,229.45,126.20,80.31,0.00,22.94,3.72,2026-04-03T14:15:00,2026-04-03T14:15:00,2026-05-01T14:15:00,2026-04-13T06:15:00,Completed,Met
WO700712,SR700712,5261,KPIF,Q,PCELEC,Responsive,1,294.49,309.21,61.84,371.05,303.03,166.67,106.06,0.00,30.30,4.91,2026-04-03T08:58:00,2026-04-03T08:58:00,2026-05-01T08:58:00,2026-04-15T01:58:00,Completed,Met
WO700713,SR700713,5279,KPIF,QEL,PCFENCE,Responsive,1,282.69,296.82,59.36,356.18,290.88,159.98,101.81,0.00,29.09,4.71,2026-04-03T09:01:00,2026-04-03T09:01:00,2026-04-17T09:01:00,2026-04-12T14:01:00,Completed,Met
WO700714,SR700714,5245,IHREPAIRS,QEL,PCPLUMB,Responsive,1,262.83,275.97,55.19,331.16,270.45,148.75,94.66,0.00,27.04,4.38,2026-04-03T11:44:00,2026-04-03T11:44:00,2026-04-17T11:44:00,2026-04-13T23:44:00,Completed,Met
WO700715,SR700715,5245,KPIF,Q,PCPLUMB,Responsive,1,256.83,269.67,53.93,323.60,264.28,145.35,92.50,0.00,26.43,4.28,2026-04-03T14:01:00,2026-04-03T14:01:00,2026-05-01T14:01:00,2026-04-19T11:01:00,Completed,Met
WO700716,SR700716,5240,KPIF,UEL,PCCARP,Responsive,1,191.04,200.59,40.12,240.71,196.58,108.12,68.80,0.00,19.66,3.18,2026-04-03T11:16:00,2026-04-03T11:16:00,2026-04-04T11:16:00,2026-04-04T08:16:00,Completed,Met
WO700717,SR700717,5266,CCSS,UEL,PCVINYL,Responsive,1,224.81,236.05,47.21,283.26,231.33,23.13,34.70,150.36,23.13,3.75,2026-04-03T13:31:00,2026-04-03T13:31:00,2026-04-04T13:31:00,2026-04-04T07:31:00,Completed,Met
WO700718,SR700718,5242,KPIF,QEL,PCCARP,Responsive,1,216.52,227.35,45.47,272.82,222.80,122.54,77.98,0.00,22.28,3.61,2026-04-03T14:15:00,2026-04-03T14:15:00,2026-04-17T14:15:00,2026-04-12T21:15:00,Completed,Met
WO700719,SR700719,5286,KPIF,U1,PCFENCE,Responsive,1,348.34,365.76,73.15,438.91,358.44,197.14,125.45,0.00,35.84,5.81,2026-04-03T12:13:00,2026-04-03T12:13:00,2026-04-05T12:13:00,2026-04-04T20:13:00,Completed,Met
WO700720,SR700720,5210,KPIF,UEL,PCGROUND,Responsive,1,408.23,428.64,85.73,514.37,420.07,231.04,147.02,0.00,42.01,6.80,2026-04-03T11:02:00,2026-04-03T11:02:00,2026-04-04T11:02:00,2026-04-04T06:02:00,Completed,Met
WO700721,SR700721,5296,IHREPAIRS,Q,PCCARP,Responsive,1,190.34,199.86,39.97,239.83,195.86,107.72,68.55,0.00,19.59,3.17,2026-04-03T13:33:00,2026-04-03T13:33:00,2026-05-01T13:33:00,2026-04-19T06:33:00,Completed,Met
WO700722,SR700722,5261,CCSS,UEL,PCVINYL,Responsive,1,178.01,186.91,37.38,224.29,183.17,18.32,27.48,119.06,18.32,2.97,2026-04-03T14:03:00,2026-04-03T14:03:00,2026-04-04T14:03:00,2026-04-04T06:03:00,Completed,Met
WO700723,SR700723,5285,KPIF,UEL,PCGROUND,Responsive,1,352.67,370.30,74.06,444.36,362.89,199.59,127.01,0.00,36.29,5.88,2026-04-03T10:38:00,2026-04-03T10:38:00,2026-04-04T10:38:00,2026-04-03T20:38:00,Completed,Met
WO700724,SR700724,5224,IHREPAIRS,Q,PCPLUMB,Responsive,1,226.12,237.43,47.49,284.92,232.68,127.97,81.44,0.00,23.27,3.77,2026-04-03T10:05:00,2026-04-03T10:05:00,2026-05-01T10:05:00,2026-04-16T18:05:00,Completed,Met
WO700725,SR700725,5296,IHREPAIRS,UEL,PCELEC,Responsive,1,178.57,187.50,37.50,225.00,183.75,101.06,64.31,0.00,18.37,2.98,2026-04-03T13:44:00,2026-04-03T13:44:00,2026-04-04T13:44:00,2026-04-04T09:44:00,Completed,Met
WO700726,SR700726,5294,KPIF,Q,PCPLUMB,Responsive,1,311.43,327.00,65.40,392.40,320.46,176.25,112.16,0.00,32.05,5.19,2026-04-03T09:45:00,2026-04-03T09:45:00,2026-05-01T09:45:00,2026-04-20T17:45:00,Completed,Met
WO700727,SR700727,5056,OPENVIEW,UEL,PCVINYL,Responsive,1,162.89,171.03,34.21,205.24,167.61,16.76,25.14,108.95,16.76,2.71,2026-04-06T09:02:00,2026-04-06T09:02:00,2026-04-07T09:02:00,2026-04-06T17:02:00,Completed,Met
WO700728,SR700728,5037,IHREPAIRS,UEL,PCPLAST,Responsive,1,220.47,231.49,46.30,277.79,226.86,124.77,79.40,0.00,22.69,3.67,2026-04-06T11:57:00,2026-04-06T11:57:00,2026-04-07T11:57:00,,Open,Open
WO700729,SR700729,5040,PHJONESGAS,Q,PCELEC,Responsive,1,249.75,262.24,52.45,314.69,257.00,25.70,38.55,167.05,25.70,4.16,2026-04-06T12:06:00,2026-04-06T12:06:00,2026-05-04T12:06:00,2026-04-22T08:06:00,Completed,Met
WO700730,SR700730,5018,OPENVIEW,UEL,PCPLUMB,Responsive,1,220.54,231.57,46.31,277.88,226.94,22.69,34.04,147.51,22.69,3.68,2026-04-06T14:07:00,2026-04-06T14:07:00,2026-04-07T14:07:00,,Open,Open
WO700731,SR700731,5093,KPIF,QEL,PCELEC,Responsive,1,296.24,311.05,62.21,373.26,304.83,167.66,106.69,0.00,30.48,4.94,2026-04-06T09:12:00,2026-04-06T09:12:00,2026-04-20T09:12:00,,Open,Open
WO700732,SR700732,5053,BRADLEY,Q,PCFENCE,Responsive,1,251.72,264.31,52.86,317.17,259.02,25.90,38.85,168.36,25.90,4.20,2026-04-06T11:53:00,2026-04-06T11:53:00,2026-05-04T11:53:00,2026-05-01T16:53:00,Completed,Met
WO700733,SR700733,5015,IHREPAIRS,QEL,PCGROUND,Responsive,1,356.85,374.69,74.94,449.63,367.20,201.96,128.52,0.00,36.72,5.95,2026-04-06T13:27:00,2026-04-06T13:27:00,2026-04-20T13:27:00,2026-04-21T02:27:00,Completed,Breached
WO700734,SR700734,5012,CCSS,Q,PCTILE,Responsive,1,193.52,203.20,40.64,243.84,199.14,19.91,29.87,129.44,19.91,3.23,2026-04-06T11:10:00,2026-04-06T11:10:00,2026-05-04T11:10:00,2026-04-19T17:10:00,Completed,Met
WO700735,SR700735,5096,KPIF,QEL,PCTILE,Responsive,1,227.96,239.36,47.87,287.23,234.57,129.01,82.10,0.00,23.46,3.80,2026-04-06T09:24:00,2026-04-06T09:24:00,2026-04-20T09:24:00,2026-04-18T03:24:00,Completed,Met
WO700736,SR700736,5033,KPIF,Q,PCPLUMB,Responsive,1,281.46,295.53,59.11,354.64,289.62,159.29,101.37,0.00,28.96,4.69,2026-04-06T09:27:00,2026-04-06T09:27:00,2026-05-04T09:27:00,2026-04-20T18:27:00,Completed,Met
WO700737,SR700737,5036,CCSS,Q,PCPLAST,Responsive,1,212.40,223.02,44.60,267.62,218.56,21.86,32.78,142.06,21.86,3.54,2026-04-06T11:07:00,2026-04-06T11:07:00,2026-05-04T11:07:00,2026-05-07T17:07:00,Completed,Breached
WO700738,SR700738,5095,CCSS,Q,PCPLUMB,Responsive,1,282.57,296.70,59.34,356.04,290.77,29.08,43.62,189.00,29.08,4.71,2026-04-06T10:32:00,2026-04-06T10:32:00,2026-05-04T10:32:00,2026-04-23T02:32:00,Completed,Met
WO700739,SR700739,5090,CCSS,QEL,PCFENCE,Responsive,1,206.16,216.47,43.29,259.76,212.14,21.21,31.82,137.89,21.21,3.44,2026-04-06T13:03:00,2026-04-06T13:03:00,2026-04-20T13:03:00,2026-04-18T15:03:00,Completed,Met
WO700740,SR700740,5051,PHJONESGAS,UEL,PCBRICK,Responsive,1,429.07,450.52,90.10,540.62,441.51,44.15,66.23,286.98,44.15,7.15,2026-04-06T10:30:00,2026-04-06T10:30:00,2026-04-07T10:30:00,2026-04-06T21:30:00,Completed,Met
WO700741,SR700741,5057,CCSS,QEL,PCFENCE,Responsive,1,240.89,252.93,50.59,303.52,247.87,24.79,37.18,161.12,24.79,4.01,2026-04-06T11:58:00,2026-04-06T11:58:00,2026-04-20T11:58:00,2026-04-15T09:58:00,Completed,Met
WO700742,SR700742,5100,KPIF,Q,PCELEC,Responsive,1,166.24,174.55,34.91,209.46,171.06,94.08,59.87,0.00,17.11,2.77,2026-04-06T11:20:00,2026-04-06T11:20:00,2026-05-04T11:20:00,2026-04-20T22:20:00,Completed,Met
WO700743,SR700743,5021,KPIF,Q,PCBRICK,Responsive,1,248.06,260.46,52.09,312.55,255.25,140.39,89.34,0.00,25.52,4.13,2026-04-06T13:38:00,2026-04-06T13:38:00,2026-05-04T13:38:00,2026-04-22T10:38:00,Completed,Met
WO700744,SR700744,5089,IHREPAIRS,QEL,PCPLUMB,Responsive,1,184.23,193.44,38.69,232.13,189.57,104.26,66.35,0.00,18.96,3.07,2026-04-06T10:04:00,2026-04-06T10:04:00,2026-04-20T10:04:00,2026-04-11T10:04:00,Completed,Met
WO700745,SR700745,5052,KPIF,Q,PCTILE,Responsive,1,174.00,182.70,36.54,219.24,179.05,98.48,62.67,0.00,17.90,2.90,2026-04-06T09:12:00,2026-04-06T09:12:00,2026-05-04T09:12:00,2026-04-26T10:12:00,Completed,Met
WO700746,SR700746,5099,CCSS,QEL,PCPLAST,Responsive,1,221.97,233.07,46.61,279.68,228.41,22.84,34.26,148.47,22.84,3.70,2026-04-06T11:13:00,2026-04-06T11:13:00,2026-04-20T11:13:00,2026-04-09T10:13:00,Completed,Met
WO700747,SR700747,5023,KPIF,QEL,PCFENCE,Responsive,1,317.26,333.12,66.62,399.74,326.46,179.55,114.26,0.00,32.65,5.29,2026-04-06T12:02:00,2026-04-06T12:02:00,2026-04-20T12:02:00,2026-04-13T00:02:00,Completed,Met
WO700748,SR700748,5074,KPIF,E,PCTILE,Responsive,1,127.73,134.12,26.82,160.94,131.44,72.29,46.00,0.00,13.14,2.13,2026-04-06T13:15:00,2026-04-06T13:15:00,2026-04-07T13:15:00,2026-04-06T23:15:00,Completed,Met
WO700749,SR700749,5160,OPENVIEW,UEL,PCTILE,Responsive,1,177.76,186.65,37.33,223.98,182.92,18.29,27.44,118.90,18.29,2.96,2026-04-06T08:55:00,2026-04-06T08:55:00,2026-04-07T08:55:00,2026-04-06T18:55:00,Completed,Met
WO700750,SR700750,5112,IHREPAIRS,U1,PCFENCE,Responsive,1,227.18,238.54,47.71,286.25,233.77,128.57,81.82,0.00,23.38,3.79,2026-04-06T08:37:00,2026-04-06T08:37:00,2026-04-08T08:37:00,2026-04-07T10:37:00,Completed,Met
WO700751,SR700751,5159,CCSS,U1,PCELEC,Responsive,1,231.49,243.06,48.61,291.67,238.20,23.82,35.73,154.83,23.82,3.86,2026-04-06T10:07:00,2026-04-06T10:07:00,2026-04-08T10:07:00,2026-04-08T07:07:00,Completed,Met
WO700752,SR700752,5196,KPIF,Q,PCELEC,Responsive,1,170.03,178.53,35.71,214.24,174.96,96.23,61.24,0.00,17.50,2.83,2026-04-06T10:15:00,2026-04-06T10:15:00,2026-05-04T10:15:00,2026-04-08T09:15:00,Completed,Met
WO700753,SR700753,5187,KPIF,Q,PCTILE,Responsive,1,174.15,182.86,36.57,219.43,179.20,98.56,62.72,0.00,17.92,2.90,2026-04-06T09:44:00,2026-04-06T09:44:00,2026-05-04T09:44:00,2026-05-08T05:44:00,Completed,Breached
WO700754,SR700754,5158,CCSS,Q,PCTILE,Responsive,1,176.62,185.45,37.09,222.54,181.74,18.17,27.26,118.13,18.17,2.94,2026-04-06T12:24:00,2026-04-06T12:24:00,2026-05-04T12:24:00,2026-04-28T16:24:00,Completed,Met
WO700755,SR700755,5189,CCSS,Q,PCVINYL,Responsive,1,189.65,199.13,39.83,238.96,195.15,19.52,29.27,126.85,19.51,3.16,2026-04-06T12:06:00,2026-04-06T12:06:00,2026-05-04T12:06:00,2026-04-22T22:06:00,Completed,Met
WO700756,SR700756,5108,KPIF,UEL,PCPLUMB,Responsive,1,237.90,249.80,49.96,299.76,244.80,134.64,85.68,0.00,24.48,3.97,2026-04-06T11:31:00,2026-04-06T11:31:00,2026-04-07T11:31:00,2026-04-07T12:31:00,Completed,Breached
WO700757,SR700757,5177,IHREPAIRS,E,PCPLUMB,Responsive,1,280.95,295.00,59.00,354.00,289.10,159.01,101.19,0.00,28.91,4.68,2026-04-06T11:45:00,2026-04-06T11:45:00,2026-04-07T11:45:00,2026-04-06T23:45:00,Completed,Met
WO700758,SR700758,5172,KPIF,Q,PCPLUMB,Responsive,1,241.77,253.86,50.77,304.63,248.78,136.83,87.07,0.00,24.88,4.03,2026-04-06T12:47:00,2026-04-06T12:47:00,2026-05-04T12:47:00,2026-04-18T04:47:00,Completed,Met
WO700759,SR700759,5112,KPIF,Q,PCFENCE,Responsive,1,290.15,304.66,60.93,365.59,298.57,164.21,104.50,0.00,29.86,4.84,2026-04-06T10:43:00,2026-04-06T10:43:00,2026-05-04T10:43:00,2026-04-24T11:43:00,Completed,Met
WO700760,SR700760,5136,KPIF,QEL,PCFENCE,Responsive,1,224.40,235.62,47.12,282.74,230.91,127.00,80.82,0.00,23.09,3.74,2026-04-06T10:44:00,2026-04-06T10:44:00,2026-04-20T10:44:00,2026-04-11T05:44:00,Completed,Met
WO700761,SR700761,5141,KPIF,QEL,PCVINYL,Responsive,1,197.40,207.27,41.45,248.72,203.12,111.72,71.09,0.00,20.31,3.29,2026-04-06T12:41:00,2026-04-06T12:41:00,2026-04-20T12:41:00,2026-04-15T00:41:00,Completed,Met
WO700762,SR700762,5185,KPIF,E,PCELEC,Responsive,1,308.17,323.58,64.72,388.30,317.11,174.41,110.99,0.00,31.71,5.14,2026-04-06T10:27:00,2026-04-06T10:27:00,2026-04-07T10:27:00,2026-04-07T02:27:00,Completed,Met
WO700763,SR700763,5160,BRADLEY,U1,PCVINYL,Responsive,1,229.43,240.90,48.18,289.08,236.08,23.61,35.41,153.45,23.61,3.82,2026-04-06T12:43:00,2026-04-06T12:43:00,2026-04-08T12:43:00,2026-04-08T01:43:00,Completed,Met
WO700764,SR700764,5163,OPENVIEW,Q,PCELEC,Responsive,1,274.54,288.27,57.65,345.92,282.50,28.25,42.38,183.62,28.25,4.58,2026-04-06T09:45:00,2026-04-06T09:45:00,2026-05-04T09:45:00,2026-04-24T22:45:00,Completed,Met
WO700765,SR700765,5124,OPENVIEW,Q,PCPLAST,Responsive,1,169.75,178.24,35.65,213.89,174.68,17.47,26.20,113.54,17.47,2.83,2026-04-06T13:18:00,2026-04-06T13:18:00,2026-05-04T13:18:00,2026-04-29T02:18:00,Completed,Met
WO700766,SR700766,5101,KPIF,QEL,PCGROUND,Responsive,1,496.63,521.46,104.29,625.75,511.03,281.07,178.86,0.00,51.10,8.28,2026-04-06T09:09:00,2026-04-06T09:09:00,2026-04-20T09:09:00,2026-04-14T20:09:00,Completed,Met
WO700767,SR700767,5143,PHJONESGAS,UEL,PCPLUMB,Responsive,1,275.61,289.39,57.88,347.27,283.60,28.36,42.54,184.34,28.36,4.59,2026-04-06T09:32:00,2026-04-06T09:32:00,2026-04-07T09:32:00,2026-04-06T18:32:00,Completed,Met
WO700768,SR700768,5142,KPIF,E,PCPLAST,Responsive,1,206.39,216.71,43.34,260.05,212.38,116.81,74.33,0.00,21.24,3.44,2026-04-06T14:07:00,2026-04-06T14:07:00,2026-04-07T14:07:00,2026-04-06T21:07:00,Completed,Met
WO700769,SR700769,5185,KPIF,UEL,PCPLUMB,Responsive,1,228.37,239.79,47.96,287.75,234.99,129.24,82.25,0.00,23.50,3.81,2026-04-06T13:48:00,2026-04-06T13:48:00,2026-04-07T13:48:00,2026-04-07T07:48:00,Completed,Met
WO700770,SR700770,5194,KPIF,UEL,PCPLAST,Responsive,1,263.03,276.18,55.24,331.42,270.66,148.86,94.73,0.00,27.07,4.38,2026-04-06T13:59:00,2026-04-06T13:59:00,2026-04-07T13:59:00,2026-04-07T01:59:00,Completed,Met
WO700771,SR700771,5271,KPIF,U1,PCVINYL,Responsive,1,202.72,212.86,42.57,255.43,208.60,114.73,73.01,0.00,20.86,3.38,2026-04-06T10:32:00,2026-04-06T10:32:00,2026-04-08T10:32:00,2026-04-08T09:32:00,Completed,Met
WO700772,SR700772,5227,KPIF,Q,PCPLAST,Responsive,1,147.55,154.93,30.99,185.92,151.83,83.51,53.14,0.00,15.18,2.46,2026-04-06T14:01:00,2026-04-06T14:01:00,2026-05-04T14:01:00,2026-04-23T12:01:00,Completed,Met
WO700773,SR700773,5263,BRADLEY,Q,PCVINYL,Responsive,1,197.38,207.25,41.45,248.70,203.10,20.31,30.46,132.02,20.31,3.29,2026-04-06T14:20:00,2026-04-06T14:20:00,2026-05-04T14:20:00,2026-04-19T04:20:00,Completed,Met
WO700774,SR700774,5248,KPIF,U1,PCGROUND,Responsive,1,424.01,445.21,89.04,534.25,436.31,239.97,152.71,0.00,43.63,7.07,2026-04-06T11:48:00,2026-04-06T11:48:00,2026-04-08T11:48:00,2026-04-07T03:48:00,Completed,Met
WO700775,SR700775,5297,IHREPAIRS,QEL,PCVINYL,Responsive,1,207.20,217.56,43.51,261.07,213.21,117.27,74.62,0.00,21.32,3.45,2026-04-06T12:12:00,2026-04-06T12:12:00,2026-04-20T12:12:00,2026-04-14T01:12:00,Completed,Met
WO700776,SR700776,5260,CCSS,Q,PCTILE,Responsive,1,152.91,160.56,32.11,192.67,157.35,15.73,23.60,102.28,15.73,2.55,2026-04-06T12:43:00,2026-04-06T12:43:00,2026-05-04T12:43:00,2026-04-15T08:43:00,Completed,Met
WO700777,SR700777,5260,OPENVIEW,U1,PCVINYL,Responsive,1,236.65,248.48,49.70,298.18,243.51,24.35,36.53,158.28,24.35,3.94,2026-04-06T11:03:00,2026-04-06T11:03:00,2026-04-08T11:03:00,2026-04-07T18:03:00,Completed,Met
WO700778,SR700778,5232,IHREPAIRS,Q,PCGROUND,Responsive,1,420.37,441.39,88.28,529.67,432.56,237.91,151.40,0.00,43.26,7.01,2026-04-06T13:12:00,2026-04-06T13:12:00,2026-05-04T13:12:00,2026-04-24T20:12:00,Completed,Met
WO700779,SR700779,5255,IHREPAIRS,U1,PCVINYL,Responsive,1,185.74,195.03,39.01,234.04,191.13,105.12,66.90,0.00,19.11,3.10,2026-04-06T13:21:00,2026-04-06T13:21:00,2026-04-08T13:21:00,2026-04-07T21:21:00,Completed,Met
WO700780,SR700780,5299,CCSS,E,PCGROUND,Responsive,1,452.30,474.92,94.98,569.90,465.42,46.54,69.81,302.52,46.54,7.54,2026-04-06T12:26:00,2026-04-06T12:26:00,2026-04-07T12:26:00,2026-04-07T03:26:00,Completed,Met
WO700781,SR700781,5211,KPIF,QEL,PCVINYL,Responsive,1,154.24,161.95,32.39,194.34,158.71,87.29,55.55,0.00,15.87,2.57,2026-04-06T13:30:00,2026-04-06T13:30:00,2026-04-20T13:30:00,2026-04-14T04:30:00,Completed,Met
WO700782,SR700782,5234,BRADLEY,NG,PCFENCE,Responsive,1,299.74,314.73,62.95,377.68,308.44,30.84,46.27,200.49,30.84,5.00,2026-04-06T10:05:00,2026-04-06T10:05:00,2026-04-20T10:05:00,2026-04-15T02:05:00,Completed,Met
WO700783,SR700783,5234,KPIF,Q,PCCARP,Responsive,1,193.31,202.98,40.60,243.58,198.92,109.41,69.62,0.00,19.89,3.22,2026-04-06T11:52:00,2026-04-06T11:52:00,2026-05-04T11:52:00,2026-04-25T19:52:00,Completed,Met
WO700784,SR700784,5289,PHJONESGAS,QEL,PCVINYL,Responsive,1,186.75,196.09,39.22,235.31,192.17,19.22,28.83,124.91,19.22,3.11,2026-04-06T13:38:00,2026-04-06T13:38:00,2026-04-20T13:38:00,2026-04-14T13:38:00,Completed,Met
WO700785,SR700785,5279,PHJONESGAS,Q,PCFENCE,Responsive,1,306.23,321.54,64.31,385.85,315.11,31.51,47.27,204.82,31.51,5.10,2026-04-06T14:15:00,2026-04-06T14:15:00,2026-05-04T14:15:00,2026-04-19T15:15:00,Completed,Met
WO700786,SR700786,5202,KPIF,U1,PCTILE,Responsive,1,144.72,151.96,30.39,182.35,148.92,81.91,52.12,0.00,14.89,2.41,2026-04-06T10:06:00,2026-04-06T10:06:00,2026-04-08T10:06:00,2026-04-07T18:06:00,Completed,Met
WO700787,SR700787,5284,IHREPAIRS,Q,PCTILE,Responsive,1,182.71,191.85,38.37,230.22,188.01,103.41,65.80,0.00,18.80,3.05,2026-04-06T13:05:00,2026-04-06T13:05:00,2026-05-04T13:05:00,2026-04-25T01:05:00,Completed,Met
WO700788,SR700788,5261,KPIF,E,PCVINYL,Responsive,1,177.12,185.98,37.20,223.18,182.26,100.24,63.79,0.00,18.23,2.95,2026-04-06T09:48:00,2026-04-06T09:48:00,2026-04-07T09:48:00,2026-04-06T23:48:00,Completed,Met
WO700789,SR700789,5203,KPIF,Q,PCELEC,Responsive,1,219.03,229.98,46.00,275.98,225.38,123.96,78.88,0.00,22.54,3.65,2026-04-06T13:21:00,2026-04-06T13:21:00,2026-05-04T13:21:00,2026-04-26T00:21:00,Completed,Met
WO700790,SR700790,5214,OPENVIEW,NG,PCVINYL,Responsive,1,191.48,201.05,40.21,241.26,197.03,19.70,29.55,128.07,19.70,3.19,2026-04-06T13:26:00,2026-04-06T13:26:00,2026-04-20T13:26:00,2026-04-12T00:26:00,Completed,Met
WO700791,SR700791,5263,IHREPAIRS,Q,PCVINYL,Responsive,1,186.01,195.31,39.06,234.37,191.40,105.27,66.99,0.00,19.14,3.10,2026-04-06T13:43:00,2026-04-06T13:43:00,2026-05-04T13:43:00,2026-05-04T12:43:00,Completed,Met
WO700792,SR700792,5230,KPIF,Q,PCPLUMB,Responsive,1,228.80,240.24,48.05,288.29,235.44,129.49,82.40,0.00,23.54,3.81,2026-04-06T11:11:00,2026-04-06T11:11:00,2026-05-04T11:11:00,2026-04-19T01:11:00,Completed,Met
WO700793,SR700793,5061,PHJONESGAS,Q,PCCARP,Responsive,1,191.07,200.62,40.12,240.74,196.61,19.66,29.49,127.80,19.66,3.18,2026-04-07T11:27:00,2026-04-07T11:27:00,2026-05-05T11:27:00,2026-04-18T13:27:00,Completed,Met
WO700794,SR700794,5093,KPIF,Q,PCTILE,Responsive,1,221.93,233.03,46.61,279.64,228.37,125.60,79.93,0.00,22.84,3.70,2026-04-07T12:49:00,2026-04-07T12:49:00,2026-05-05T12:49:00,2026-04-26T14:49:00,Completed,Met
WO700795,SR700795,5078,KPIF,U1,PCELEC,Responsive,1,237.87,249.76,49.95,299.71,244.76,134.62,85.67,0.00,24.48,3.96,2026-04-07T11:49:00,2026-04-07T11:49:00,2026-04-09T11:49:00,2026-04-09T09:49:00,Completed,Met
WO700796,SR700796,5095,CCSS,QEL,PCFENCE,Responsive,1,251.54,264.12,52.82,316.94,258.84,25.88,38.83,168.25,25.88,4.19,2026-04-07T09:52:00,2026-04-07T09:52:00,2026-04-21T09:52:00,2026-04-14T03:52:00,Completed,Met
WO700797,SR700797,5086,KPIF,U1,PCELEC,Responsive,1,264.08,277.28,55.46,332.74,271.73,149.45,95.11,0.00,27.17,4.40,2026-04-07T13:40:00,2026-04-07T13:40:00,2026-04-09T13:40:00,2026-04-08T00:40:00,Completed,Met
WO700798,SR700798,5064,IHREPAIRS,UEL,PCBRICK,Responsive,1,354.72,372.46,74.49,446.95,365.01,200.76,127.75,0.00,36.50,5.91,2026-04-07T08:39:00,2026-04-07T08:39:00,2026-04-08T08:39:00,2026-04-07T20:39:00,Completed,Met
WO700799,SR700799,5023,KPIF,E,PCGROUND,Responsive,1,444.74,466.98,93.40,560.38,457.64,251.70,160.17,0.00,45.76,7.41,2026-04-07T12:10:00,2026-04-07T12:10:00,2026-04-08T12:10:00,2026-04-08T04:10:00,Completed,Met
WO700800,SR700800,5063,CCSS,NG,PCBRICK,Responsive,1,247.08,259.43,51.89,311.32,254.24,25.42,38.14,165.26,25.42,4.12,2026-04-07T08:53:00,2026-04-07T08:53:00,2026-04-21T08:53:00,2026-04-16T04:53:00,Completed,Met
WO700801,SR700801,5089,KPIF,Q,PCGROUND,Responsive,1,374.77,393.51,78.70,472.21,385.64,212.10,134.97,0.00,38.56,6.25,2026-04-07T08:55:00,2026-04-07T08:55:00,2026-05-05T08:55:00,2026-04-29T12:55:00,Completed,Met
WO700802,SR700802,5097,CCSS,NG,PCCARP,Responsive,1,102.97,108.12,21.62,129.74,105.96,10.60,15.89,68.87,10.60,1.72,2026-04-07T13:42:00,2026-04-07T13:42:00,2026-04-21T13:42:00,2026-04-17T07:42:00,Completed,Met
WO700803,SR700803,5006,IHREPAIRS,U1,PCGROUND,Responsive,1,387.11,406.47,81.29,487.76,398.34,219.09,139.42,0.00,39.83,6.45,2026-04-07T10:15:00,2026-04-07T10:15:00,2026-04-09T10:15:00,2026-04-08T19:15:00,Completed,Met
WO700804,SR700804,5057,BRADLEY,Q,PCGROUND,Responsive,1,356.83,374.67,74.93,449.60,367.18,36.72,55.08,238.67,36.72,5.95,2026-04-07T09:48:00,2026-04-07T09:48:00,2026-05-05T09:48:00,2026-04-21T03:48:00,Completed,Met
WO700805,SR700805,5026,CCSS,NG,PCELEC,Responsive,1,345.14,362.40,72.48,434.88,355.15,35.52,53.27,230.85,35.51,5.75,2026-04-07T08:33:00,2026-04-07T08:33:00,2026-04-21T08:33:00,2026-04-15T21:33:00,Completed,Met
WO700806,SR700806,5065,KPIF,U1,PCPLAST,Responsive,1,240.89,252.93,50.59,303.52,247.87,136.33,86.75,0.00,24.79,4.01,2026-04-07T12:02:00,2026-04-07T12:02:00,2026-04-09T12:02:00,2026-04-08T07:02:00,Completed,Met
WO700807,SR700807,5097,KPIF,Q,PCGROUND,Responsive,1,449.20,471.66,94.33,565.99,462.23,254.23,161.78,0.00,46.22,7.49,2026-04-07T12:09:00,2026-04-07T12:09:00,2026-05-05T12:09:00,2026-04-19T09:09:00,Completed,Met
WO700808,SR700808,5067,KPIF,QEL,PCFENCE,Responsive,1,220.42,231.44,46.29,277.73,226.81,124.75,79.38,0.00,22.68,3.67,2026-04-07T08:35:00,2026-04-07T08:35:00,2026-04-21T08:35:00,,Open,Open
WO700809,SR700809,5044,CCSS,Q,PCFENCE,Responsive,1,312.04,327.64,65.53,393.17,321.09,32.11,48.16,208.71,32.11,5.20,2026-04-07T12:12:00,2026-04-07T12:12:00,2026-05-05T12:12:00,2026-05-03T01:12:00,Completed,Met
WO700810,SR700810,5083,KPIF,QEL,PCPLAST,Responsive,1,191.94,201.54,40.31,241.85,197.51,108.63,69.13,0.00,19.75,3.20,2026-04-07T13:53:00,2026-04-07T13:53:00,2026-04-21T13:53:00,2026-04-20T22:53:00,Completed,Met
WO700811,SR700811,5038,CCSS,Q,PCVINYL,Responsive,1,174.82,183.56,36.71,220.27,179.89,17.99,26.98,116.93,17.99,2.91,2026-04-07T13:13:00,2026-04-07T13:13:00,2026-05-05T13:13:00,2026-04-30T14:13:00,Completed,Met
WO700812,SR700812,5045,BRADLEY,QEL,PCPLUMB,Responsive,1,207.86,218.25,43.65,261.90,213.88,21.39,32.08,139.02,21.39,3.46,2026-04-07T13:42:00,2026-04-07T13:42:00,2026-04-21T13:42:00,2026-04-19T18:42:00,Completed,Met
WO700813,SR700813,5027,IHREPAIRS,Q,PCGROUND,Responsive,1,264.01,277.21,55.44,332.65,271.67,149.42,95.08,0.00,27.17,4.40,2026-04-07T12:16:00,2026-04-07T12:16:00,2026-05-05T12:16:00,2026-04-20T12:16:00,Completed,Met
WO700814,SR700814,5052,KPIF,QEL,PCTILE,Responsive,1,199.91,209.91,41.98,251.89,205.71,113.14,72.00,0.00,20.57,3.33,2026-04-07T13:05:00,2026-04-07T13:05:00,2026-04-21T13:05:00,2026-04-13T15:05:00,Completed,Met
WO700815,SR700815,5117,KPIF,NG,PCGROUND,Responsive,1,405.32,425.59,85.12,510.71,417.08,229.39,145.98,0.00,41.71,6.76,2026-04-07T09:17:00,2026-04-07T09:17:00,2026-04-21T09:17:00,2026-04-13T08:17:00,Completed,Met
WO700816,SR700816,5182,BRADLEY,E,PCPLAST,Responsive,1,185.31,194.58,38.92,233.50,190.69,19.07,28.60,123.95,19.07,3.09,2026-04-07T13:06:00,2026-04-07T13:06:00,2026-04-08T13:06:00,2026-04-08T00:06:00,Completed,Met
WO700817,SR700817,5193,KPIF,NG,PCVINYL,Responsive,1,194.23,203.94,40.79,244.73,199.86,109.92,69.95,0.00,19.99,3.24,2026-04-07T09:00:00,2026-04-07T09:00:00,2026-04-21T09:00:00,2026-04-16T22:00:00,Completed,Met
WO700818,SR700818,5116,PHJONESGAS,Q,PCPLUMB,Responsive,1,307.41,322.78,64.56,387.34,316.32,31.63,47.45,205.61,31.63,5.12,2026-04-07T12:19:00,2026-04-07T12:19:00,2026-05-05T12:19:00,2026-04-21T14:19:00,Completed,Met
WO700819,SR700819,5131,KPIF,QEL,PCGROUND,Responsive,1,536.32,563.14,112.63,675.77,551.88,303.53,193.16,0.00,55.19,8.94,2026-04-07T11:03:00,2026-04-07T11:03:00,2026-04-21T11:03:00,2026-04-14T19:03:00,Completed,Met
WO700820,SR700820,5187,IHREPAIRS,Q,PCPLAST,Responsive,1,226.65,237.98,47.60,285.58,233.22,128.27,81.63,0.00,23.32,3.78,2026-04-07T10:36:00,2026-04-07T10:36:00,2026-05-05T10:36:00,2026-04-29T13:36:00,Completed,Met
WO700821,SR700821,5200,KPIF,Q,PCFENCE,Responsive,1,261.64,274.72,54.94,329.66,269.23,148.08,94.23,0.00,26.92,4.36,2026-04-07T12:07:00,2026-04-07T12:07:00,2026-05-05T12:07:00,,Open,Open
WO700822,SR700822,5117,KPIF,UEL,PCELEC,Responsive,1,249.76,262.25,52.45,314.70,257.00,141.35,89.95,0.00,25.70,4.16,2026-04-07T14:16:00,2026-04-07T14:16:00,2026-04-08T14:16:00,2026-04-07T22:16:00,Completed,Met
WO700823,SR700823,5151,IHREPAIRS,Q,PCBRICK,Responsive,1,190.17,199.68,39.94,239.62,195.69,107.63,68.49,0.00,19.57,3.17,2026-04-07T12:15:00,2026-04-07T12:15:00,2026-05-05T12:15:00,2026-04-19T05:15:00,Completed,Met
WO700824,SR700824,5154,KPIF,U1,PCPLAST,Responsive,1,240.83,252.87,50.57,303.44,247.81,136.30,86.73,0.00,24.78,4.01,2026-04-07T12:24:00,2026-04-07T12:24:00,2026-04-09T12:24:00,2026-04-09T03:24:00,Completed,Met
WO700825,SR700825,5116,KPIF,Q,PCTILE,Responsive,1,150.48,158.00,31.60,189.60,154.84,85.16,54.19,0.00,15.48,2.51,2026-04-07T09:50:00,2026-04-07T09:50:00,2026-05-05T09:50:00,2026-04-29T05:50:00,Completed,Met
WO700826,SR700826,5178,KPIF,U1,PCVINYL,Responsive,1,225.72,237.01,47.40,284.41,232.27,127.75,81.29,0.00,23.23,3.76,2026-04-07T10:58:00,2026-04-07T10:58:00,2026-04-09T10:58:00,2026-04-08T20:58:00,Completed,Met
WO700827,SR700827,5148,KPIF,UEL,PCBRICK,Responsive,1,379.89,398.88,79.78,478.66,390.90,215.00,136.81,0.00,39.09,6.33,2026-04-07T09:43:00,2026-04-07T09:43:00,2026-04-08T09:43:00,,Open,Open
WO700828,SR700828,5140,OPENVIEW,UEL,PCBRICK,Responsive,1,320.95,337.00,67.40,404.40,330.26,33.03,49.54,214.67,33.03,5.35,2026-04-07T12:40:00,2026-04-07T12:40:00,2026-04-08T12:40:00,,Open,Open
WO700829,SR700829,5106,KPIF,Q,PCVINYL,Responsive,1,179.51,188.49,37.70,226.19,184.72,101.60,64.65,0.00,18.47,2.99,2026-04-07T12:21:00,2026-04-07T12:21:00,2026-05-05T12:21:00,2026-05-02T05:21:00,Completed,Met
WO700830,SR700830,5193,IHREPAIRS,QEL,PCPLAST,Responsive,1,146.74,154.08,30.82,184.90,151.00,83.05,52.85,0.00,15.10,2.45,2026-04-07T12:25:00,2026-04-07T12:25:00,2026-04-21T12:25:00,2026-04-16T04:25:00,Completed,Met
WO700831,SR700831,5194,IHREPAIRS,U1,PCFENCE,Responsive,1,299.73,314.72,62.94,377.66,308.43,169.64,107.95,0.00,30.84,5.00,2026-04-07T13:49:00,2026-04-07T13:49:00,2026-04-09T13:49:00,2026-04-08T11:49:00,Completed,Met
WO700832,SR700832,5170,BRADLEY,QEL,PCPLUMB,Responsive,1,171.26,179.82,35.96,215.78,176.22,17.62,26.43,114.54,17.62,2.85,2026-04-07T10:52:00,2026-04-07T10:52:00,2026-04-21T10:52:00,2026-04-12T09:52:00,Completed,Met
WO700833,SR700833,5174,KPIF,Q,PCBRICK,Responsive,1,393.18,412.84,82.57,495.41,404.58,222.52,141.60,0.00,40.46,6.55,2026-04-07T13:16:00,2026-04-07T13:16:00,2026-05-05T13:16:00,2026-05-06T08:16:00,Completed,Breached
WO700834,SR700834,5197,IHREPAIRS,QEL,PCPLUMB,Responsive,1,239.86,251.85,50.37,302.22,246.81,135.75,86.38,0.00,24.68,4.00,2026-04-07T12:33:00,2026-04-07T12:33:00,2026-04-21T12:33:00,2026-04-15T08:33:00,Completed,Met
WO700835,SR700835,5169,KPIF,QEL,PCPLAST,Responsive,1,256.28,269.09,53.82,322.91,263.71,145.04,92.30,0.00,26.37,4.27,2026-04-07T10:15:00,2026-04-07T10:15:00,2026-04-21T10:15:00,2026-04-15T22:15:00,Completed,Met
WO700836,SR700836,5157,IHREPAIRS,QEL,PCCARP,Responsive,1,160.03,168.03,33.61,201.64,164.67,90.57,57.63,0.00,16.47,2.67,2026-04-07T11:55:00,2026-04-07T11:55:00,2026-04-21T11:55:00,2026-04-13T02:55:00,Completed,Met
WO700837,SR700837,5244,KPIF,U1,PCVINYL,Responsive,1,247.84,260.23,52.05,312.28,255.03,140.27,89.26,0.00,25.50,4.13,2026-04-07T13:00:00,2026-04-07T13:00:00,2026-04-09T13:00:00,2026-04-08T14:00:00,Completed,Met
WO700838,SR700838,5213,KPIF,U1,PCGROUND,Responsive,1,367.57,385.95,77.19,463.14,378.23,208.03,132.38,0.00,37.82,6.13,2026-04-07T10:40:00,2026-04-07T10:40:00,2026-04-09T10:40:00,2026-04-08T15:40:00,Completed,Met
WO700839,SR700839,5287,PHJONESGAS,E,PCPLAST,Responsive,1,202.12,212.23,42.45,254.68,207.99,20.80,31.20,135.19,20.80,3.37,2026-04-07T10:02:00,2026-04-07T10:02:00,2026-04-08T10:02:00,2026-04-08T02:02:00,Completed,Met
WO700840,SR700840,5241,KPIF,Q,PCPLAST,Responsive,1,172.30,180.92,36.18,217.10,177.30,97.52,62.05,0.00,17.73,2.87,2026-04-07T11:42:00,2026-04-07T11:42:00,2026-05-05T11:42:00,,Open,Open
WO700841,SR700841,5231,CCSS,Q,PCTILE,Responsive,1,152.86,160.50,32.10,192.60,157.29,15.73,23.59,102.24,15.73,2.55,2026-04-07T11:47:00,2026-04-07T11:47:00,2026-05-05T11:47:00,2026-04-28T11:47:00,Completed,Met
WO700842,SR700842,5271,KPIF,E,PCVINYL,Responsive,1,302.12,317.23,63.45,380.68,310.89,170.99,108.81,0.00,31.09,5.04,2026-04-07T13:54:00,2026-04-07T13:54:00,2026-04-08T13:54:00,2026-04-08T04:54:00,Completed,Met
WO700843,SR700843,5276,IHREPAIRS,UEL,PCCARP,Responsive,1,211.18,221.74,44.35,266.09,217.31,119.52,76.06,0.00,21.73,3.52,2026-04-07T09:34:00,2026-04-07T09:34:00,2026-04-08T09:34:00,2026-04-07T21:34:00,Completed,Met
WO700844,SR700844,5282,PHJONESGAS,U1,PCGROUND,Responsive,1,398.74,418.68,83.74,502.42,410.31,41.03,61.55,266.70,41.03,6.65,2026-04-07T11:41:00,2026-04-07T11:41:00,2026-04-09T11:41:00,2026-04-08T10:41:00,Completed,Met
WO700845,SR700845,5255,KPIF,Q,PCGROUND,Responsive,1,385.14,404.40,80.88,485.28,396.31,217.97,138.71,0.00,39.63,6.42,2026-04-07T12:27:00,2026-04-07T12:27:00,2026-05-05T12:27:00,2026-05-01T20:27:00,Completed,Met
WO700846,SR700846,5222,BRADLEY,E,PCPLUMB,Responsive,1,192.33,201.95,40.39,242.34,197.91,19.79,29.69,128.64,19.79,3.21,2026-04-07T10:49:00,2026-04-07T10:49:00,2026-04-08T10:49:00,2026-04-07T16:49:00,Completed,Met
WO700847,SR700847,5245,IHREPAIRS,Q,PCTILE,Responsive,1,190.22,199.73,39.95,239.68,195.74,107.66,68.51,0.00,19.57,3.17,2026-04-07T08:53:00,2026-04-07T08:53:00,2026-05-05T08:53:00,,Open,Open
WO700848,SR700848,5212,OPENVIEW,Q,PCVINYL,Responsive,1,219.40,230.37,46.07,276.44,225.76,22.58,33.86,146.74,22.58,3.66,2026-04-07T13:14:00,2026-04-07T13:14:00,2026-05-05T13:14:00,2026-05-05T20:14:00,Completed,Breached
WO700849,SR700849,5265,PHJONESGAS,QEL,PCFENCE,Responsive,1,364.03,382.23,76.45,458.68,374.59,37.46,56.19,243.48,37.46,6.07,2026-04-07T13:55:00,2026-04-07T13:55:00,2026-04-21T13:55:00,2026-04-15T14:55:00,Completed,Met
WO700850,SR700850,5232,KPIF,UEL,PCFENCE,Responsive,1,378.35,397.27,79.45,476.72,389.32,214.13,136.26,0.00,38.93,6.31,2026-04-07T13:36:00,2026-04-07T13:36:00,2026-04-08T13:36:00,2026-04-07T22:36:00,Completed,Met
WO700851,SR700851,5201,KPIF,E,PCELEC,Responsive,1,311.59,327.17,65.43,392.60,320.63,176.35,112.22,0.00,32.06,5.19,2026-04-07T09:58:00,2026-04-07T09:58:00,2026-04-08T09:58:00,2026-04-07T14:58:00,Completed,Met
WO700852,SR700852,5298,CCSS,Q,PCVINYL,Responsive,1,179.92,188.92,37.78,226.70,185.14,18.51,27.77,120.34,18.51,3.00,2026-04-07T14:02:00,2026-04-07T14:02:00,2026-05-05T14:02:00,2026-04-20T08:02:00,Completed,Met
WO700853,SR700853,5286,KPIF,Q,PCELEC,Responsive,1,221.06,232.11,46.42,278.53,227.47,125.11,79.61,0.00,22.75,3.68,2026-04-07T11:42:00,2026-04-07T11:42:00,2026-05-05T11:42:00,2026-04-26T17:42:00,Completed,Met
WO700854,SR700854,5299,KPIF,U1,PCPLUMB,Responsive,1,250.43,262.95,52.59,315.54,257.69,141.73,90.19,0.00,25.77,4.17,2026-04-07T10:08:00,2026-04-07T10:08:00,2026-04-09T10:08:00,,Open,Open
WO700855,SR700855,5236,OPENVIEW,U1,PCFENCE,Responsive,1,355.74,373.53,74.71,448.24,366.06,36.61,54.91,237.94,36.61,5.93,2026-04-07T13:50:00,2026-04-07T13:50:00,2026-04-09T13:50:00,2026-04-08T12:50:00,Completed,Met
WO700856,SR700856,5264,IHREPAIRS,E,PCFENCE,Responsive,1,246.73,259.07,51.81,310.88,253.89,139.64,88.86,0.00,25.39,4.11,2026-04-07T14:30:00,2026-04-07T14:30:00,2026-04-08T14:30:00,2026-04-08T03:30:00,Completed,Met
WO700857,SR700857,5282,KPIF,U1,PCVINYL,Responsive,1,221.89,232.98,46.60,279.58,228.32,125.58,79.91,0.00,22.83,3.70,2026-04-07T12:46:00,2026-04-07T12:46:00,2026-04-09T12:46:00,2026-04-08T04:46:00,Completed,Met
WO700858,SR700858,5273,KPIF,E,PCPLAST,Responsive,1,260.18,273.19,54.64,327.83,267.73,147.25,93.71,0.00,26.77,4.34,2026-04-07T09:03:00,2026-04-07T09:03:00,2026-04-08T09:03:00,2026-04-08T07:03:00,Completed,Met
WO700859,SR700859,5067,CCSS,U1,PCBRICK,Responsive,1,248.53,260.96,52.19,313.15,255.74,25.57,38.36,166.23,25.57,4.14,2026-04-08T14:24:00,2026-04-08T14:24:00,2026-04-10T14:24:00,2026-04-09T12:24:00,Completed,Met
WO700860,SR700860,5059,IHREPAIRS,QEL,PCPLUMB,Responsive,1,272.69,286.32,57.26,343.58,280.59,154.32,98.21,0.00,28.06,4.54,2026-04-08T14:02:00,2026-04-08T14:02:00,2026-04-22T14:02:00,2026-04-23T06:02:00,Completed,Breached
WO700861,SR700861,5053,IHREPAIRS,U1,PCBRICK,Responsive,1,394.30,414.02,82.80,496.82,405.74,223.16,142.01,0.00,40.57,6.57,2026-04-08T12:43:00,2026-04-08T12:43:00,2026-04-10T12:43:00,2026-04-09T06:43:00,Completed,Met
WO700862,SR700862,5029,KPIF,UEL,PCPLUMB,Responsive,1,279.41,293.38,58.68,352.06,287.51,158.13,100.63,0.00,28.75,4.66,2026-04-08T12:19:00,2026-04-08T12:19:00,2026-04-09T12:19:00,2026-04-09T00:19:00,Completed,Met
WO700863,SR700863,5074,KPIF,NG,PCPLUMB,Responsive,1,247.83,260.22,52.04,312.26,255.02,140.26,89.26,0.00,25.50,4.13,2026-04-08T14:23:00,2026-04-08T14:23:00,2026-04-22T14:23:00,2026-04-16T00:23:00,Completed,Met
WO700864,SR700864,5022,IHREPAIRS,UEL,PCFENCE,Responsive,1,289.34,303.81,60.76,364.57,297.73,163.75,104.21,0.00,29.77,4.82,2026-04-08T09:19:00,2026-04-08T09:19:00,2026-04-09T09:19:00,,Open,Open
WO700865,SR700865,5081,KPIF,QEL,PCFENCE,Responsive,1,325.89,342.18,68.44,410.62,335.34,184.44,117.37,0.00,33.53,5.43,2026-04-08T12:32:00,2026-04-08T12:32:00,2026-04-22T12:32:00,,Open,Open
WO700866,SR700866,5043,PHJONESGAS,QEL,PCGROUND,Responsive,1,324.39,340.61,68.12,408.73,333.80,33.38,50.07,216.97,33.38,5.41,2026-04-08T13:37:00,2026-04-08T13:37:00,2026-04-22T13:37:00,2026-04-13T11:37:00,Completed,Met
WO700867,SR700867,5075,KPIF,U1,PCCARP,Responsive,1,227.41,238.78,47.76,286.54,234.00,128.70,81.90,0.00,23.40,3.79,2026-04-08T08:47:00,2026-04-08T08:47:00,2026-04-10T08:47:00,2026-04-08T22:47:00,Completed,Met
WO700868,SR700868,5017,KPIF,QEL,PCPLUMB,Responsive,1,210.56,221.09,44.22,265.31,216.67,119.17,75.83,0.00,21.67,3.51,2026-04-08T11:04:00,2026-04-08T11:04:00,2026-04-22T11:04:00,2026-04-14T13:04:00,Completed,Met
WO700869,SR700869,5008,OPENVIEW,E,PCGROUND,Responsive,1,479.80,503.79,100.76,604.55,493.71,49.37,74.06,320.91,49.37,8.00,2026-04-08T11:55:00,2026-04-08T11:55:00,2026-04-09T11:55:00,2026-04-09T08:55:00,Completed,Met
WO700870,SR700870,5077,KPIF,Q,PCPLUMB,Responsive,1,198.89,208.83,41.77,250.60,204.65,112.56,71.63,0.00,20.46,3.31,2026-04-08T12:09:00,2026-04-08T12:09:00,2026-05-06T12:09:00,2026-04-30T23:09:00,Completed,Met
WO700871,SR700871,5087,KPIF,Q,PCPLUMB,Responsive,1,244.26,256.47,51.29,307.76,251.34,138.24,87.97,0.00,25.13,4.07,2026-04-08T10:08:00,2026-04-08T10:08:00,2026-05-06T10:08:00,2026-04-25T21:08:00,Completed,Met
WO700872,SR700872,5076,KPIF,QEL,PCTILE,Responsive,1,190.08,199.58,39.92,239.50,195.59,107.57,68.46,0.00,19.56,3.17,2026-04-08T12:50:00,2026-04-08T12:50:00,2026-04-22T12:50:00,2026-04-16T18:50:00,Completed,Met
WO700873,SR700873,5057,CCSS,UEL,PCPLAST,Responsive,1,234.30,246.02,49.20,295.22,241.10,24.11,36.16,156.72,24.11,3.91,2026-04-08T09:00:00,2026-04-08T09:00:00,2026-04-09T09:00:00,2026-04-09T03:00:00,Completed,Met
WO700874,SR700874,5084,BRADLEY,UEL,PCFENCE,Responsive,1,314.62,330.35,66.07,396.42,323.74,32.37,48.56,210.43,32.37,5.24,2026-04-08T09:44:00,2026-04-08T09:44:00,2026-04-09T09:44:00,2026-04-09T01:44:00,Completed,Met
WO700875,SR700875,5048,IHREPAIRS,Q,PCPLUMB,Responsive,1,258.11,271.02,54.20,325.22,265.60,146.08,92.96,0.00,26.56,4.30,2026-04-08T09:44:00,2026-04-08T09:44:00,2026-05-06T09:44:00,2026-05-01T09:44:00,Completed,Met
WO700876,SR700876,5007,PHJONESGAS,UEL,PCVINYL,Responsive,1,182.23,191.34,38.27,229.61,187.51,18.75,28.13,121.88,18.75,3.04,2026-04-08T13:57:00,2026-04-08T13:57:00,2026-04-09T13:57:00,2026-04-09T10:57:00,Completed,Met
WO700877,SR700877,5086,PHJONESGAS,Q,PCELEC,Responsive,1,174.44,183.16,36.63,219.79,179.50,17.95,26.93,116.67,17.95,2.91,2026-04-08T13:37:00,2026-04-08T13:37:00,2026-05-06T13:37:00,2026-04-21T11:37:00,Completed,Met
WO700878,SR700878,5043,KPIF,Q,PCBRICK,Responsive,1,231.13,242.69,48.54,291.23,237.84,130.81,83.24,0.00,23.78,3.85,2026-04-08T12:22:00,2026-04-08T12:22:00,2026-05-06T12:22:00,2026-05-04T01:22:00,Completed,Met
WO700879,SR700879,5001,KPIF,Q,PCTILE,Responsive,1,206.80,217.14,43.43,260.57,212.80,117.04,74.48,0.00,21.28,3.45,2026-04-08T10:19:00,2026-04-08T10:19:00,2026-05-06T10:19:00,2026-04-25T20:19:00,Completed,Met
WO700880,SR700880,5043,KPIF,U1,PCVINYL,Responsive,1,231.77,243.36,48.67,292.03,238.49,131.17,83.47,0.00,23.85,3.86,2026-04-08T08:33:00,2026-04-08T08:33:00,2026-04-10T08:33:00,,Open,Open
WO700881,SR700881,5115,KPIF,UEL,PCPLAST,Responsive,1,182.27,191.38,38.28,229.66,187.55,103.15,65.64,0.00,18.75,3.04,2026-04-08T13:29:00,2026-04-08T13:29:00,2026-04-09T13:29:00,2026-04-09T07:29:00,Completed,Met
WO700882,SR700882,5126,KPIF,UEL,PCTILE,Responsive,1,134.26,140.97,28.19,169.16,138.15,75.98,48.35,0.00,13.81,2.24,2026-04-08T10:44:00,2026-04-08T10:44:00,2026-04-09T10:44:00,2026-04-08T23:44:00,Completed,Met
WO700883,SR700883,5123,OPENVIEW,E,PCTILE,Responsive,1,165.70,173.98,34.80,208.78,170.50,17.05,25.57,110.83,17.05,2.76,2026-04-08T09:21:00,2026-04-08T09:21:00,2026-04-09T09:21:00,2026-04-09T06:21:00,Completed,Met
WO700884,SR700884,5115,KPIF,QEL,PCFENCE,Responsive,1,315.54,331.32,66.26,397.58,324.69,178.58,113.64,0.00,32.47,5.26,2026-04-08T10:32:00,2026-04-08T10:32:00,2026-04-22T10:32:00,2026-04-14T23:32:00,Completed,Met
WO700885,SR700885,5168,KPIF,QEL,PCVINYL,Responsive,1,205.91,216.21,43.24,259.45,211.89,116.54,74.16,0.00,21.19,3.43,2026-04-08T09:43:00,2026-04-08T09:43:00,2026-04-22T09:43:00,2026-04-17T20:43:00,Completed,Met
WO700886,SR700886,5169,KPIF,Q,PCVINYL,Responsive,1,215.73,226.52,45.30,271.82,221.99,122.09,77.70,0.00,22.20,3.60,2026-04-08T12:09:00,2026-04-08T12:09:00,2026-05-06T12:09:00,,Open,Open
WO700887,SR700887,5179,KPIF,QEL,PCTILE,Responsive,1,168.42,176.84,35.37,212.21,173.30,95.32,60.66,0.00,17.33,2.81,2026-04-08T09:46:00,2026-04-08T09:46:00,2026-04-22T09:46:00,2026-04-16T08:46:00,Completed,Met
WO700888,SR700888,5117,BRADLEY,NG,PCGROUND,Responsive,1,281.98,296.08,59.22,355.30,290.16,29.02,43.52,188.60,29.02,4.70,2026-04-08T10:17:00,2026-04-08T10:17:00,2026-04-22T10:17:00,2026-04-16T02:17:00,Completed,Met
WO700889,SR700889,5179,KPIF,U1,PCCARP,Responsive,1,148.63,156.06,31.21,187.27,152.94,84.12,53.53,0.00,15.29,2.48,2026-04-08T14:00:00,2026-04-08T14:00:00,2026-04-10T14:00:00,2026-04-09T18:00:00,Completed,Met
WO700890,SR700890,5123,IHREPAIRS,Q,PCFENCE,Responsive,1,222.47,233.59,46.72,280.31,228.92,125.91,80.12,0.00,22.89,3.71,2026-04-08T12:37:00,2026-04-08T12:37:00,2026-05-06T12:37:00,2026-04-23T21:37:00,Completed,Met
WO700891,SR700891,5152,BRADLEY,UEL,PCPLUMB,Responsive,1,207.14,217.50,43.50,261.00,213.15,21.32,31.97,138.55,21.31,3.45,2026-04-08T12:21:00,2026-04-08T12:21:00,2026-04-09T12:21:00,2026-04-09T05:21:00,Completed,Met
WO700892,SR700892,5149,KPIF,QEL,PCPLAST,Responsive,1,230.51,242.04,48.41,290.45,237.20,130.46,83.02,0.00,23.72,3.84,2026-04-08T13:11:00,2026-04-08T13:11:00,2026-04-22T13:11:00,2026-04-20T23:11:00,Completed,Met
WO700893,SR700893,5167,KPIF,UEL,PCFENCE,Responsive,1,243.37,255.54,51.11,306.65,250.43,137.74,87.65,0.00,25.04,4.06,2026-04-08T12:52:00,2026-04-08T12:52:00,2026-04-09T12:52:00,2026-04-08T22:52:00,Completed,Met
WO700894,SR700894,5153,KPIF,QEL,PCFENCE,Responsive,1,288.42,302.84,60.57,363.41,296.78,163.23,103.87,0.00,29.68,4.81,2026-04-08T11:45:00,2026-04-08T11:45:00,2026-04-22T11:45:00,2026-04-19T20:45:00,Completed,Met
WO700895,SR700895,5110,KPIF,QEL,PCFENCE,Responsive,1,274.19,287.90,57.58,345.48,282.14,155.18,98.75,0.00,28.21,4.57,2026-04-08T12:46:00,2026-04-08T12:46:00,2026-04-22T12:46:00,2026-04-12T21:46:00,Completed,Met
WO700896,SR700896,5130,KPIF,U1,PCCARP,Responsive,1,200.40,210.42,42.08,252.50,206.21,113.42,72.17,0.00,20.62,3.34,2026-04-08T13:09:00,2026-04-08T13:09:00,2026-04-10T13:09:00,2026-04-09T19:09:00,Completed,Met
WO700897,SR700897,5139,IHREPAIRS,U1,PCBRICK,Responsive,1,319.04,334.99,67.00,401.99,328.29,180.56,114.90,0.00,32.83,5.32,2026-04-08T09:40:00,2026-04-08T09:40:00,2026-04-10T09:40:00,2026-04-10T05:40:00,Completed,Met
WO700898,SR700898,5134,KPIF,QEL,PCPLUMB,Responsive,1,197.01,206.86,41.37,248.23,202.72,111.50,70.95,0.00,20.27,3.28,2026-04-08T11:27:00,2026-04-08T11:27:00,2026-04-22T11:27:00,2026-04-17T10:27:00,Completed,Met
WO700899,SR700899,5175,IHREPAIRS,Q,PCPLUMB,Responsive,1,216.77,227.61,45.52,273.13,223.06,122.68,78.07,0.00,22.31,3.61,2026-04-08T09:46:00,2026-04-08T09:46:00,2026-05-06T09:46:00,2026-04-27T20:46:00,Completed,Met
WO700900,SR700900,5127,IHREPAIRS,UEL,PCELEC,Responsive,1,185.15,194.41,38.88,233.29,190.52,104.79,66.68,0.00,19.05,3.09,2026-04-08T13:12:00,2026-04-08T13:12:00,2026-04-09T13:12:00,2026-04-09T03:12:00,Completed,Met
WO700901,SR700901,5111,KPIF,QEL,PCFENCE,Responsive,1,306.78,322.12,64.42,386.54,315.68,173.62,110.49,0.00,31.57,5.11,2026-04-08T14:27:00,2026-04-08T14:27:00,2026-04-22T14:27:00,2026-04-14T08:27:00,Completed,Met
WO700902,SR700902,5104,BRADLEY,U1,PCFENCE,Responsive,1,277.55,291.43,58.29,349.72,285.60,28.56,42.84,185.64,28.56,4.63,2026-04-08T11:06:00,2026-04-08T11:06:00,2026-04-10T11:06:00,2026-04-09T17:06:00,Completed,Met
WO700903,SR700903,5246,KPIF,UEL,PCFENCE,Responsive,1,203.06,213.21,42.64,255.85,208.95,114.92,73.13,0.00,20.89,3.38,2026-04-08T11:56:00,2026-04-08T11:56:00,2026-04-09T11:56:00,2026-04-09T01:56:00,Completed,Met
WO700904,SR700904,5276,KPIF,Q,PCPLUMB,Responsive,1,327.75,344.14,68.83,412.97,337.26,185.49,118.04,0.00,33.73,5.46,2026-04-08T09:41:00,2026-04-08T09:41:00,2026-05-06T09:41:00,2026-05-03T01:41:00,Completed,Met
WO700905,SR700905,5281,KPIF,NG,PCVINYL,Responsive,1,235.25,247.01,49.40,296.41,242.07,133.14,84.72,0.00,24.21,3.92,2026-04-08T11:50:00,2026-04-08T11:50:00,2026-04-22T11:50:00,2026-04-19T09:50:00,Completed,Met
WO700906,SR700906,5243,KPIF,Q,PCELEC,Responsive,1,296.19,311.00,62.20,373.20,304.78,167.63,106.67,0.00,30.48,4.94,2026-04-08T09:57:00,2026-04-08T09:57:00,2026-05-06T09:57:00,,Open,Open
WO700907,SR700907,5289,KPIF,E,PCELEC,Responsive,1,293.32,307.99,61.60,369.59,301.83,166.01,105.64,0.00,30.18,4.89,2026-04-08T11:47:00,2026-04-08T11:47:00,2026-04-09T11:47:00,2026-04-09T00:47:00,Completed,Met
WO700908,SR700908,5209,IHREPAIRS,E,PCELEC,Responsive,1,350.95,368.50,73.70,442.20,361.13,198.62,126.40,0.00,36.11,5.85,2026-04-08T09:57:00,2026-04-08T09:57:00,2026-04-09T09:57:00,2026-04-08T18:57:00,Completed,Met
WO700909,SR700909,5215,IHREPAIRS,Q,PCPLAST,Responsive,1,250.01,262.51,52.50,315.01,257.26,141.49,90.04,0.00,25.73,4.17,2026-04-08T09:05:00,2026-04-08T09:05:00,2026-05-06T09:05:00,2026-04-15T21:05:00,Completed,Met
WO700910,SR700910,5227,CCSS,Q,PCBRICK,Responsive,1,383.32,402.49,80.50,482.99,394.44,39.44,59.17,256.39,39.44,6.39,2026-04-08T12:33:00,2026-04-08T12:33:00,2026-05-06T12:33:00,2026-04-29T06:33:00,Completed,Met
WO700911,SR700911,5226,KPIF,Q,PCGROUND,Responsive,1,411.91,432.51,86.50,519.01,423.86,233.12,148.35,0.00,42.39,6.87,2026-04-08T10:13:00,2026-04-08T10:13:00,2026-05-06T10:13:00,,Open,Open
WO700912,SR700912,5252,BRADLEY,Q,PCTILE,Responsive,1,169.34,177.81,35.56,213.37,174.25,17.43,26.14,113.26,17.42,2.82,2026-04-08T12:41:00,2026-04-08T12:41:00,2026-05-06T12:41:00,2026-04-18T04:41:00,Completed,Met
WO700913,SR700913,5237,OPENVIEW,Q,PCELEC,Responsive,1,315.09,330.84,66.17,397.01,324.22,32.42,48.63,210.74,32.42,5.25,2026-04-08T11:02:00,2026-04-08T11:02:00,2026-05-06T11:02:00,2026-04-17T04:02:00,Completed,Met
WO700914,SR700914,5254,IHREPAIRS,U1,PCTILE,Responsive,1,176.58,185.41,37.08,222.49,181.70,99.94,63.59,0.00,18.17,2.94,2026-04-08T12:11:00,2026-04-08T12:11:00,2026-04-10T12:11:00,2026-04-08T20:11:00,Completed,Met
WO700915,SR700915,5273,PHJONESGAS,Q,PCCARP,Responsive,1,167.49,175.86,35.17,211.03,172.34,17.23,25.85,112.02,17.23,2.79,2026-04-08T10:32:00,2026-04-08T10:32:00,2026-05-06T10:32:00,2026-04-27T16:32:00,Completed,Met
WO700916,SR700916,5269,KPIF,Q,PCBRICK,Responsive,1,287.83,302.22,60.44,362.66,296.18,162.90,103.66,0.00,29.62,4.80,2026-04-08T10:21:00,2026-04-08T10:21:00,2026-05-06T10:21:00,2026-04-30T01:21:00,Completed,Met
WO700917,SR700917,5216,KPIF,U1,PCFENCE,Responsive,1,296.19,311.00,62.20,373.20,304.78,167.63,106.67,0.00,30.48,4.94,2026-04-08T11:16:00,2026-04-08T11:16:00,2026-04-10T11:16:00,2026-04-09T10:16:00,Completed,Met
WO700918,SR700918,5206,IHREPAIRS,E,PCELEC,Responsive,1,214.15,224.86,44.97,269.83,220.36,121.20,77.13,0.00,22.04,3.57,2026-04-08T14:15:00,2026-04-08T14:15:00,2026-04-09T14:15:00,2026-04-09T04:15:00,Completed,Met
WO700919,SR700919,5225,KPIF,E,PCVINYL,Responsive,1,278.24,292.15,58.43,350.58,286.31,157.47,100.21,0.00,28.63,4.64,2026-04-08T09:39:00,2026-04-08T09:39:00,2026-04-09T09:39:00,2026-04-08T19:39:00,Completed,Met
WO700920,SR700920,5209,KPIF,Q,PCCARP,Responsive,1,226.33,237.65,47.53,285.18,232.90,128.10,81.52,0.00,23.29,3.77,2026-04-08T12:14:00,2026-04-08T12:14:00,2026-05-06T12:14:00,2026-05-01T21:14:00,Completed,Met
WO700921,SR700921,5222,KPIF,Q,PCPLUMB,Responsive,1,230.71,242.25,48.45,290.70,237.41,130.58,83.09,0.00,23.74,3.85,2026-04-08T09:33:00,2026-04-08T09:33:00,2026-05-06T09:33:00,2026-04-19T17:33:00,Completed,Met
WO700922,SR700922,5298,KPIF,Q,PCPLUMB,Responsive,1,301.50,316.57,63.31,379.88,310.24,170.63,108.58,0.00,31.02,5.03,2026-04-08T11:33:00,2026-04-08T11:33:00,2026-05-06T11:33:00,2026-04-29T03:33:00,Completed,Met
WO700923,SR700923,5269,KPIF,Q,PCTILE,Responsive,1,121.82,127.91,25.58,153.49,125.35,68.94,43.87,0.00,12.53,2.03,2026-04-08T13:55:00,2026-04-08T13:55:00,2026-05-06T13:55:00,2026-04-28T08:55:00,Completed,Met
WO700924,SR700924,5214,KPIF,Q,PCVINYL,Responsive,1,222.00,233.10,46.62,279.72,228.44,125.64,79.95,0.00,22.84,3.70,2026-04-08T13:36:00,2026-04-08T13:36:00,2026-05-06T13:36:00,2026-05-04T23:36:00,Completed,Met
WO700925,SR700925,5032,KPIF,QEL,PCFENCE,Responsive,1,351.73,369.32,73.86,443.18,361.93,199.06,126.68,0.00,36.19,5.86,2026-04-09T08:38:00,2026-04-09T08:38:00,2026-04-23T08:38:00,2026-04-10T07:38:00,Completed,Met
WO700926,SR700926,5025,BRADLEY,UEL,PCCARP,Responsive,1,197.04,206.89,41.38,248.27,202.75,20.28,30.41,131.79,20.27,3.28,2026-04-09T14:10:00,2026-04-09T14:10:00,2026-04-10T14:10:00,2026-04-10T05:10:00,Completed,Met
WO700927,SR700927,5014,IHREPAIRS,UEL,PCFENCE,Responsive,1,340.69,357.72,71.54,429.26,350.57,192.81,122.70,0.00,35.06,5.68,2026-04-09T13:49:00,2026-04-09T13:49:00,2026-04-10T13:49:00,2026-04-10T04:49:00,Completed,Met
WO700928,SR700928,5016,KPIF,UEL,PCTILE,Responsive,1,163.95,172.15,34.43,206.58,168.71,92.79,59.05,0.00,16.87,2.73,2026-04-09T09:58:00,2026-04-09T09:58:00,2026-04-10T09:58:00,,Open,Open
WO700929,SR700929,5028,IHREPAIRS,UEL,PCELEC,Responsive,1,223.68,234.86,46.97,281.83,230.16,126.59,80.56,0.00,23.02,3.73,2026-04-09T10:52:00,2026-04-09T10:52:00,2026-04-10T10:52:00,,Open,Open
WO700930,SR700930,5028,IHREPAIRS,UEL,PCVINYL,Responsive,1,151.84,159.43,31.89,191.32,156.24,85.93,54.68,0.00,15.62,2.53,2026-04-09T09:22:00,2026-04-09T09:22:00,2026-04-10T09:22:00,2026-04-09T21:22:00,Completed,Met
WO700931,SR700931,5073,KPIF,UEL,PCPLAST,Responsive,1,193.52,203.20,40.64,243.84,199.14,109.53,69.70,0.00,19.91,3.23,2026-04-09T11:16:00,2026-04-09T11:16:00,2026-04-10T11:16:00,2026-04-10T08:16:00,Completed,Met
WO700932,SR700932,5099,IHREPAIRS,UEL,PCPLAST,Responsive,1,264.00,277.20,55.44,332.64,271.66,149.41,95.08,0.00,27.17,4.40,2026-04-09T14:22:00,2026-04-09T14:22:00,2026-04-10T14:22:00,2026-04-10T00:22:00,Completed,Met
WO700933,SR700933,5043,IHREPAIRS,Q,PCPLUMB,Responsive,1,235.08,246.83,49.37,296.20,241.89,133.04,84.66,0.00,24.19,3.92,2026-04-09T11:45:00,2026-04-09T11:45:00,2026-05-07T11:45:00,2026-04-17T01:45:00,Completed,Met
WO700934,SR700934,5091,IHREPAIRS,UEL,PCPLUMB,Responsive,1,305.92,321.22,64.24,385.46,314.80,173.14,110.18,0.00,31.48,5.10,2026-04-09T09:33:00,2026-04-09T09:33:00,2026-04-10T09:33:00,2026-04-09T20:33:00,Completed,Met
WO700935,SR700935,5080,KPIF,E,PCCARP,Responsive,1,210.03,220.53,44.11,264.64,216.12,118.87,75.64,0.00,21.61,3.50,2026-04-09T11:01:00,2026-04-09T11:01:00,2026-04-10T11:01:00,2026-04-10T02:01:00,Completed,Met
WO700936,SR700936,5031,KPIF,Q,PCELEC,Responsive,1,335.00,351.75,70.35,422.10,344.71,189.59,120.65,0.00,34.47,5.58,2026-04-09T10:52:00,2026-04-09T10:52:00,2026-05-07T10:52:00,,Open,Open
WO700937,SR700937,5054,KPIF,Q,PCBRICK,Responsive,1,352.65,370.28,74.06,444.34,362.87,199.58,127.00,0.00,36.29,5.88,2026-04-09T11:19:00,2026-04-09T11:19:00,2026-05-07T11:19:00,,Open,Open
WO700938,SR700938,5086,CCSS,QEL,PCTILE,Responsive,1,142.27,149.38,29.88,179.26,146.39,14.64,21.96,95.15,14.64,2.37,2026-04-09T10:23:00,2026-04-09T10:23:00,2026-04-23T10:23:00,2026-04-15T16:23:00,Completed,Met
WO700939,SR700939,5057,IHREPAIRS,E,PCPLUMB,Responsive,1,283.18,297.34,59.47,356.81,291.39,160.26,101.99,0.00,29.14,4.72,2026-04-09T10:08:00,2026-04-09T10:08:00,2026-04-10T10:08:00,2026-04-10T14:08:00,Completed,Breached
WO700940,SR700940,5017,IHREPAIRS,U1,PCCARP,Responsive,1,193.02,202.67,40.53,243.20,198.62,109.24,69.52,0.00,19.86,3.22,2026-04-09T10:14:00,2026-04-09T10:14:00,2026-04-11T10:14:00,2026-04-10T15:14:00,Completed,Met
WO700941,SR700941,5040,KPIF,Q,PCPLAST,Responsive,1,181.12,190.18,38.04,228.22,186.38,102.51,65.23,0.00,18.64,3.02,2026-04-09T10:00:00,2026-04-09T10:00:00,2026-05-07T10:00:00,2026-04-22T11:00:00,Completed,Met
WO700942,SR700942,5082,CCSS,UEL,PCTILE,Responsive,1,151.76,159.35,31.87,191.22,156.16,15.62,23.42,101.50,15.62,2.53,2026-04-09T09:10:00,2026-04-09T09:10:00,2026-04-10T09:10:00,2026-04-10T03:10:00,Completed,Met
WO700943,SR700943,5061,IHREPAIRS,Q,PCELEC,Responsive,1,173.57,182.25,36.45,218.70,178.60,98.23,62.51,0.00,17.86,2.89,2026-04-09T12:11:00,2026-04-09T12:11:00,2026-05-07T12:11:00,2026-04-26T23:11:00,Completed,Met
WO700944,SR700944,5003,KPIF,Q,PCVINYL,Responsive,1,207.16,217.52,43.50,261.02,213.17,117.24,74.61,0.00,21.32,3.45,2026-04-09T11:03:00,2026-04-09T11:03:00,2026-05-07T11:03:00,2026-04-23T14:03:00,Completed,Met
WO700945,SR700945,5033,KPIF,Q,PCVINYL,Responsive,1,202.74,212.88,42.58,255.46,208.62,114.74,73.02,0.00,20.86,3.38,2026-04-09T11:42:00,2026-04-09T11:42:00,2026-05-07T11:42:00,2026-04-20T07:42:00,Completed,Met
WO700946,SR700946,5092,BRADLEY,U1,PCELEC,Responsive,1,264.44,277.66,55.53,333.19,272.11,27.21,40.82,176.87,27.21,4.41,2026-04-09T08:32:00,2026-04-09T08:32:00,2026-04-11T08:32:00,2026-04-11T00:32:00,Completed,Met
WO700947,SR700947,5163,PHJONESGAS,QEL,PCVINYL,Responsive,1,242.62,254.75,50.95,305.70,249.66,24.97,37.45,162.28,24.97,4.04,2026-04-09T11:41:00,2026-04-09T11:41:00,2026-04-23T11:41:00,2026-04-16T01:41:00,Completed,Met
WO700948,SR700948,5110,PHJONESGAS,QEL,PCVINYL,Responsive,1,253.86,266.55,53.31,319.86,261.22,26.12,39.18,169.79,26.12,4.23,2026-04-09T09:33:00,2026-04-09T09:33:00,2026-04-23T09:33:00,2026-04-15T01:33:00,Completed,Met
WO700949,SR700949,5156,CCSS,QEL,PCBRICK,Responsive,1,315.98,331.78,66.36,398.14,325.14,32.51,48.77,211.34,32.51,5.27,2026-04-09T11:28:00,2026-04-09T11:28:00,2026-04-23T11:28:00,2026-04-14T14:28:00,Completed,Met
WO700950,SR700950,5190,BRADLEY,Q,PCPLUMB,Responsive,1,251.44,264.01,52.80,316.81,258.73,25.87,38.81,168.17,25.87,4.19,2026-04-09T10:36:00,2026-04-09T10:36:00,2026-05-07T10:36:00,2026-04-26T06:36:00,Completed,Met
WO700951,SR700951,5181,IHREPAIRS,Q,PCPLUMB,Responsive,1,176.15,184.96,36.99,221.95,181.26,99.69,63.44,0.00,18.13,2.94,2026-04-09T10:43:00,2026-04-09T10:43:00,2026-05-07T10:43:00,2026-04-15T14:43:00,Completed,Met
WO700952,SR700952,5132,CCSS,E,PCPLAST,Responsive,1,165.57,173.85,34.77,208.62,170.37,17.04,25.56,110.74,17.04,2.76,2026-04-09T13:59:00,2026-04-09T13:59:00,2026-04-10T13:59:00,2026-04-10T02:59:00,Completed,Met
WO700953,SR700953,5111,BRADLEY,QEL,PCGROUND,Responsive,1,360.58,378.61,75.72,454.33,371.04,37.10,55.66,241.18,37.10,6.01,2026-04-09T09:54:00,2026-04-09T09:54:00,2026-04-23T09:54:00,2026-04-18T19:54:00,Completed,Met
WO700954,SR700954,5169,CCSS,Q,PCVINYL,Responsive,1,252.73,265.37,53.07,318.44,260.06,26.01,39.01,169.04,26.01,4.21,2026-04-09T09:15:00,2026-04-09T09:15:00,2026-05-07T09:15:00,2026-05-01T19:15:00,Completed,Met
WO700955,SR700955,5119,BRADLEY,Q,PCBRICK,Responsive,1,313.80,329.49,65.90,395.39,322.90,32.29,48.43,209.88,32.29,5.23,2026-04-09T11:53:00,2026-04-09T11:53:00,2026-05-07T11:53:00,2026-04-26T01:53:00,Completed,Met
WO700956,SR700956,5163,CCSS,U1,PCPLUMB,Responsive,1,230.16,241.67,48.33,290.00,236.84,23.68,35.53,153.95,23.68,3.84,2026-04-09T12:03:00,2026-04-09T12:03:00,2026-04-11T12:03:00,2026-04-10T02:03:00,Completed,Met
WO700957,SR700957,5122,CCSS,Q,PCPLAST,Responsive,1,203.61,213.79,42.76,256.55,209.51,20.95,31.43,136.18,20.95,3.39,2026-04-09T10:11:00,2026-04-09T10:11:00,2026-05-07T10:11:00,2026-04-19T14:11:00,Completed,Met
WO700958,SR700958,5173,KPIF,U1,PCTILE,Responsive,1,142.49,149.61,29.92,179.53,146.62,80.64,51.32,0.00,14.66,2.37,2026-04-09T10:03:00,2026-04-09T10:03:00,2026-04-11T10:03:00,2026-04-10T17:03:00,Completed,Met
WO700959,SR700959,5153,IHREPAIRS,Q,PCELEC,Responsive,1,293.69,308.37,61.67,370.04,302.20,166.21,105.77,0.00,30.22,4.89,2026-04-09T13:55:00,2026-04-09T13:55:00,2026-05-07T13:55:00,2026-04-28T16:55:00,Completed,Met
WO700960,SR700960,5136,IHREPAIRS,UEL,PCCARP,Responsive,1,185.09,194.34,38.87,233.21,190.45,104.75,66.66,0.00,19.04,3.08,2026-04-09T12:34:00,2026-04-09T12:34:00,2026-04-10T12:34:00,,Open,Open
WO700961,SR700961,5135,CCSS,Q,PCPLUMB,Responsive,1,270.02,283.52,56.70,340.22,277.85,27.79,41.68,180.60,27.78,4.50,2026-04-09T08:51:00,2026-04-09T08:51:00,2026-05-07T08:51:00,,Open,Open
WO700962,SR700962,5178,CCSS,NG,PCGROUND,Responsive,1,421.20,442.26,88.45,530.71,433.41,43.34,65.01,281.72,43.34,7.02,2026-04-09T12:38:00,2026-04-09T12:38:00,2026-04-23T12:38:00,2026-04-15T09:38:00,Completed,Met
WO700963,SR700963,5148,OPENVIEW,NG,PCFENCE,Responsive,1,237.68,249.56,49.91,299.47,244.57,24.46,36.69,158.97,24.46,3.96,2026-04-09T11:34:00,2026-04-09T11:34:00,2026-04-23T11:34:00,,Open,Open
WO700964,SR700964,5146,KPIF,QEL,PCFENCE,Responsive,1,335.39,352.16,70.43,422.59,345.12,189.82,120.79,0.00,34.51,5.59,2026-04-09T14:27:00,2026-04-09T14:27:00,2026-04-23T14:27:00,2026-04-13T15:27:00,Completed,Met
WO700965,SR700965,5104,KPIF,QEL,PCCARP,Responsive,1,155.51,163.29,32.66,195.95,160.02,88.01,56.01,0.00,16.00,2.59,2026-04-09T14:28:00,2026-04-09T14:28:00,2026-04-23T14:28:00,2026-04-18T00:28:00,Completed,Met
WO700966,SR700966,5188,IHREPAIRS,Q,PCELEC,Responsive,1,249.80,262.29,52.46,314.75,257.04,141.37,89.96,0.00,25.70,4.16,2026-04-09T08:31:00,2026-04-09T08:31:00,2026-05-07T08:31:00,2026-05-10T03:31:00,Completed,Breached
WO700967,SR700967,5103,PHJONESGAS,QEL,PCFENCE,Responsive,1,246.94,259.29,51.86,311.15,254.10,25.41,38.11,165.16,25.41,4.12,2026-04-09T11:16:00,2026-04-09T11:16:00,2026-04-23T11:16:00,2026-04-16T23:16:00,Completed,Met
WO700968,SR700968,5195,PHJONESGAS,Q,PCCARP,Responsive,1,174.73,183.47,36.69,220.16,179.80,17.98,26.97,116.87,17.98,2.91,2026-04-09T12:33:00,2026-04-09T12:33:00,2026-05-07T12:33:00,2026-05-07T07:33:00,Completed,Met
WO700969,SR700969,5294,KPIF,UEL,PCVINYL,Responsive,1,160.94,168.99,33.80,202.79,165.61,91.09,57.96,0.00,16.56,2.68,2026-04-09T09:43:00,2026-04-09T09:43:00,2026-04-10T09:43:00,2026-04-10T06:43:00,Completed,Met
WO700970,SR700970,5292,IHREPAIRS,E,PCGROUND,Responsive,1,514.66,540.39,108.08,648.47,529.58,291.27,185.35,0.00,52.96,8.58,2026-04-09T09:14:00,2026-04-09T09:14:00,2026-04-10T09:14:00,2026-04-09T21:14:00,Completed,Met
WO700971,SR700971,5260,PHJONESGAS,QEL,PCPLAST,Responsive,1,177.20,186.06,37.21,223.27,182.34,18.23,27.35,118.52,18.23,2.95,2026-04-09T12:36:00,2026-04-09T12:36:00,2026-04-23T12:36:00,2026-04-16T19:36:00,Completed,Met
WO700972,SR700972,5297,PHJONESGAS,U1,PCCARP,Responsive,1,242.97,255.12,51.02,306.14,250.02,25.00,37.50,162.51,25.00,4.05,2026-04-09T08:44:00,2026-04-09T08:44:00,2026-04-11T08:44:00,2026-04-11T00:44:00,Completed,Met
WO700973,SR700973,5299,KPIF,UEL,PCBRICK,Responsive,1,294.25,308.96,61.79,370.75,302.78,166.53,105.97,0.00,30.28,4.90,2026-04-09T12:33:00,2026-04-09T12:33:00,2026-04-10T12:33:00,2026-04-10T09:33:00,Completed,Met
WO700974,SR700974,5269,CCSS,U1,PCELEC,Responsive,1,226.83,238.17,47.63,285.80,233.41,23.34,35.01,151.72,23.34,3.78,2026-04-09T10:24:00,2026-04-09T10:24:00,2026-04-11T10:24:00,2026-04-11T05:24:00,Completed,Met
WO700975,SR700975,5283,CCSS,Q,PCFENCE,Responsive,1,207.24,217.60,43.52,261.12,213.25,21.33,31.99,138.61,21.32,3.45,2026-04-09T11:45:00,2026-04-09T11:45:00,2026-05-07T11:45:00,2026-04-20T16:45:00,Completed,Met
WO700976,SR700976,5256,KPIF,UEL,PCTILE,Responsive,1,176.92,185.77,37.15,222.92,182.05,100.13,63.72,0.00,18.20,2.95,2026-04-09T09:14:00,2026-04-09T09:14:00,2026-04-10T09:14:00,2026-04-10T02:14:00,Completed,Met
WO700977,SR700977,5225,KPIF,Q,PCCARP,Responsive,1,167.91,176.31,35.26,211.57,172.78,95.03,60.47,0.00,17.28,2.80,2026-04-09T11:10:00,2026-04-09T11:10:00,2026-05-07T11:10:00,,Open,Open
WO700978,SR700978,5208,KPIF,U1,PCGROUND,Responsive,1,473.71,497.40,99.48,596.88,487.45,268.10,170.61,0.00,48.74,7.90,2026-04-09T12:06:00,2026-04-09T12:06:00,2026-04-11T12:06:00,2026-04-10T12:06:00,Completed,Met
WO700979,SR700979,5217,IHREPAIRS,Q,PCGROUND,Responsive,1,466.09,489.39,97.88,587.27,479.60,263.78,167.86,0.00,47.96,7.77,2026-04-09T09:24:00,2026-04-09T09:24:00,2026-05-07T09:24:00,2026-04-20T15:24:00,Completed,Met
WO700980,SR700980,5219,IHREPAIRS,QEL,PCBRICK,Responsive,1,357.59,375.47,75.09,450.56,367.96,202.38,128.79,0.00,36.80,5.96,2026-04-09T12:23:00,2026-04-09T12:23:00,2026-04-23T12:23:00,2026-04-19T06:23:00,Completed,Met
WO700981,SR700981,5290,KPIF,Q,PCPLUMB,Responsive,1,342.67,359.80,71.96,431.76,352.60,193.93,123.41,0.00,35.26,5.71,2026-04-09T14:22:00,2026-04-09T14:22:00,2026-05-07T14:22:00,2026-05-09T22:22:00,Completed,Breached
WO700982,SR700982,5262,CCSS,Q,PCTILE,Responsive,1,178.96,187.91,37.58,225.49,184.15,18.42,27.62,119.70,18.41,2.98,2026-04-09T11:42:00,2026-04-09T11:42:00,2026-05-07T11:42:00,2026-05-05T18:42:00,Completed,Met
WO700983,SR700983,5292,PHJONESGAS,QEL,PCTILE,Responsive,1,150.99,158.54,31.71,190.25,155.37,15.54,23.31,100.99,15.54,2.52,2026-04-09T10:25:00,2026-04-09T10:25:00,2026-04-23T10:25:00,2026-04-17T12:25:00,Completed,Met
WO700984,SR700984,5223,KPIF,Q,PCELEC,Responsive,1,245.58,257.86,51.57,309.43,252.70,138.99,88.44,0.00,25.27,4.09,2026-04-09T14:07:00,2026-04-09T14:07:00,2026-05-07T14:07:00,,Open,Open
WO700985,SR700985,5251,IHREPAIRS,Q,PCFENCE,Responsive,1,229.86,241.35,48.27,289.62,236.52,130.09,82.78,0.00,23.65,3.83,2026-04-09T11:28:00,2026-04-09T11:28:00,2026-05-07T11:28:00,2026-04-26T12:28:00,Completed,Met
WO700986,SR700986,5237,KPIF,Q,PCBRICK,Responsive,1,338.89,355.83,71.17,427.00,348.71,191.79,122.05,0.00,34.87,5.65,2026-04-09T13:10:00,2026-04-09T13:10:00,2026-05-07T13:10:00,2026-04-24T00:10:00,Completed,Met
WO700987,SR700987,5275,CCSS,QEL,PCPLUMB,Responsive,1,193.19,202.85,40.57,243.42,198.79,19.88,29.82,129.21,19.88,3.22,2026-04-09T12:24:00,2026-04-09T12:24:00,2026-04-23T12:24:00,2026-04-15T19:24:00,Completed,Met
WO700988,SR700988,5262,KPIF,QEL,PCBRICK,Responsive,1,312.23,327.84,65.57,393.41,321.28,176.70,112.45,0.00,32.13,5.20,2026-04-09T10:10:00,2026-04-09T10:10:00,2026-04-23T10:10:00,2026-04-17T18:10:00,Completed,Met
WO700989,SR700989,5274,PHJONESGAS,Q,PCCARP,Responsive,1,244.62,256.85,51.37,308.22,251.71,25.17,37.76,163.61,25.17,4.08,2026-04-09T09:45:00,2026-04-09T09:45:00,2026-05-07T09:45:00,2026-04-14T18:45:00,Completed,Met
WO700990,SR700990,5222,PHJONESGAS,U1,PCPLUMB,Responsive,1,232.70,244.34,48.87,293.21,239.45,23.95,35.92,155.64,23.94,3.88,2026-04-09T10:01:00,2026-04-09T10:01:00,2026-04-11T10:01:00,2026-04-10T19:01:00,Completed,Met
WO700991,SR700991,5044,IHREPAIRS,NG,PCVINYL,Responsive,1,239.91,251.91,50.38,302.29,246.87,135.78,86.40,0.00,24.69,4.00,2026-04-10T11:56:00,2026-04-10T11:56:00,2026-04-24T11:56:00,2026-04-18T21:56:00,Completed,Met
WO700992,SR700992,5039,KPIF,Q,PCPLAST,Responsive,1,197.02,206.87,41.37,248.24,202.73,111.50,70.96,0.00,20.27,3.28,2026-04-10T14:24:00,2026-04-10T14:24:00,2026-05-08T14:24:00,2026-05-05T17:24:00,Completed,Met
WO700993,SR700993,5060,IHREPAIRS,UEL,PCVINYL,Responsive,1,221.44,232.51,46.50,279.01,227.86,125.32,79.75,0.00,22.79,3.69,2026-04-10T11:38:00,2026-04-10T11:38:00,2026-04-11T11:38:00,2026-04-11T03:38:00,Completed,Met
WO700994,SR700994,5083,IHREPAIRS,UEL,PCGROUND,Responsive,1,424.58,445.81,89.16,534.97,436.89,240.29,152.91,0.00,43.69,7.08,2026-04-10T13:23:00,2026-04-10T13:23:00,2026-04-11T13:23:00,2026-04-10T20:23:00,Completed,Met
WO700995,SR700995,5076,PHJONESGAS,Q,PCPLAST,Responsive,1,218.97,229.92,45.98,275.90,225.32,22.53,33.80,146.46,22.53,3.65,2026-04-10T14:29:00,2026-04-10T14:29:00,2026-05-08T14:29:00,2026-04-20T17:29:00,Completed,Met
WO700996,SR700996,5009,OPENVIEW,U1,PCGROUND,Responsive,1,494.24,518.95,103.79,622.74,508.57,50.86,76.29,330.57,50.86,8.24,2026-04-10T08:40:00,2026-04-10T08:40:00,2026-04-12T08:40:00,2026-04-10T22:40:00,Completed,Met
WO700997,SR700997,5068,OPENVIEW,E,PCELEC,Responsive,1,179.44,188.41,37.68,226.09,184.64,18.46,27.70,120.02,18.46,2.99,2026-04-10T13:05:00,2026-04-10T13:05:00,2026-04-11T13:05:00,2026-04-11T01:05:00,Completed,Met
WO700998,SR700998,5097,BRADLEY,NG,PCTILE,Responsive,1,126.15,132.46,26.49,158.95,129.81,12.98,19.47,84.38,12.98,2.10,2026-04-10T10:02:00,2026-04-10T10:02:00,2026-04-24T10:02:00,,Open,Open
WO700999,SR700999,5058,KPIF,U1,PCFENCE,Responsive,1,262.31,275.43,55.09,330.52,269.92,148.46,94.47,0.00,26.99,4.37,2026-04-10T10:15:00,2026-04-10T10:15:00,2026-04-12T10:15:00,2026-04-11T12:15:00,Completed,Met
WO701000,SR701000,5097,KPIF,U1,PCPLUMB,Responsive,1,280.96,295.01,59.00,354.01,289.11,159.01,101.19,0.00,28.91,4.68,2026-04-10T11:02:00,2026-04-10T11:02:00,2026-04-12T11:02:00,2026-04-11T07:02:00,Completed,Met
WO701001,SR701001,5085,KPIF,UEL,PCPLUMB,Responsive,1,219.69,230.67,46.13,276.80,226.06,124.33,79.12,0.00,22.61,3.66,2026-04-10T12:55:00,2026-04-10T12:55:00,2026-04-11T12:55:00,2026-04-11T05:55:00,Completed,Met
WO701002,SR701002,5018,IHREPAIRS,Q,PCELEC,Responsive,1,225.38,236.65,47.33,283.98,231.92,127.56,81.17,0.00,23.19,3.76,2026-04-10T11:30:00,2026-04-10T11:30:00,2026-05-08T11:30:00,2026-04-21T23:30:00,Completed,Met
WO701003,SR701003,5085,KPIF,UEL,PCPLUMB,Responsive,1,216.36,227.18,45.44,272.62,222.64,122.45,77.92,0.00,22.26,3.61,2026-04-10T11:03:00,2026-04-10T11:03:00,2026-04-11T11:03:00,2026-04-11T03:03:00,Completed,Met
WO701004,SR701004,5071,KPIF,Q,PCTILE,Responsive,1,177.12,185.98,37.20,223.18,182.26,100.24,63.79,0.00,18.23,2.95,2026-04-10T13:48:00,2026-04-10T13:48:00,2026-05-08T13:48:00,2026-04-21T02:48:00,Completed,Met
WO701005,SR701005,5084,KPIF,Q,PCPLAST,Responsive,1,123.50,129.68,25.94,155.62,127.09,69.90,44.48,0.00,12.71,2.06,2026-04-10T10:40:00,2026-04-10T10:40:00,2026-05-08T10:40:00,2026-04-21T07:40:00,Completed,Met
WO701006,SR701006,5027,KPIF,Q,PCCARP,Responsive,1,159.98,167.98,33.60,201.58,164.62,90.54,57.62,0.00,16.46,2.67,2026-04-10T13:54:00,2026-04-10T13:54:00,2026-05-08T13:54:00,2026-04-26T03:54:00,Completed,Met
WO701007,SR701007,5085,KPIF,Q,PCGROUND,Responsive,1,528.81,555.25,111.05,666.30,544.14,299.28,190.45,0.00,54.41,8.81,2026-04-10T09:48:00,2026-04-10T09:48:00,2026-05-08T09:48:00,2026-04-23T04:48:00,Completed,Met
WO701008,SR701008,5078,KPIF,U1,PCTILE,Responsive,1,133.06,139.71,27.94,167.65,136.92,75.31,47.92,0.00,13.69,2.22,2026-04-10T09:26:00,2026-04-10T09:26:00,2026-04-12T09:26:00,2026-04-11T09:26:00,Completed,Met
WO701009,SR701009,5012,CCSS,QEL,PCFENCE,Responsive,1,253.54,266.22,53.24,319.46,311.77,26.09,39.13,220.45,26.09,4.23,2026-04-10T09:44:00,2026-04-10T09:44:00,2026-04-24T09:44:00,,Open,Open
WO701010,SR701010,5049,KPIF,Q,PCTILE,Responsive,1,201.52,211.60,42.32,253.92,207.37,114.05,72.58,0.00,20.74,3.36,2026-04-10T09:33:00,2026-04-10T09:33:00,2026-05-08T09:33:00,2026-05-01T05:33:00,Completed,Met
WO701011,SR701011,5063,CCSS,Q,PCCARP,Responsive,1,165.90,174.20,34.84,209.04,204.01,17.07,25.61,144.26,17.07,2.77,2026-04-10T10:54:00,2026-04-10T10:54:00,2026-05-08T10:54:00,2026-04-19T22:54:00,Completed,Met
WO701012,SR701012,5022,KPIF,QEL,PCFENCE,Responsive,1,208.81,219.25,43.85,263.10,214.87,118.18,75.20,0.00,21.49,3.48,2026-04-10T11:26:00,2026-04-10T11:26:00,2026-04-24T11:26:00,2026-04-20T07:26:00,Completed,Met
WO701013,SR701013,5171,KPIF,Q,PCVINYL,Responsive,1,162.30,170.42,34.08,204.50,167.01,91.86,58.45,0.00,16.70,2.71,2026-04-10T08:34:00,2026-04-10T08:34:00,2026-05-08T08:34:00,2026-04-23T16:34:00,Completed,Met
WO701014,SR701014,5119,KPIF,Q,PCVINYL,Responsive,1,210.09,220.59,44.12,264.71,216.18,118.90,75.66,0.00,21.62,3.50,2026-04-10T13:57:00,2026-04-10T13:57:00,2026-05-08T13:57:00,2026-05-06T00:57:00,Completed,Met
WO701015,SR701015,5178,KPIF,Q,PCVINYL,Responsive,1,175.38,184.15,36.83,220.98,180.47,99.26,63.16,0.00,18.05,2.92,2026-04-10T11:31:00,2026-04-10T11:31:00,2026-05-08T11:31:00,2026-04-29T05:31:00,Completed,Met
WO701016,SR701016,5155,BRADLEY,QEL,PCGROUND,Responsive,1,547.12,574.48,114.90,689.38,562.99,56.30,84.45,365.94,56.30,9.12,2026-04-10T10:27:00,2026-04-10T10:27:00,2026-04-24T10:27:00,2026-04-16T22:27:00,Completed,Met
WO701017,SR701017,5153,IHREPAIRS,QEL,PCFENCE,Responsive,1,159.62,167.60,33.52,201.12,164.25,90.34,57.49,0.00,16.42,2.66,2026-04-10T09:09:00,2026-04-10T09:09:00,2026-04-24T09:09:00,2026-04-17T22:09:00,Completed,Met
WO701018,SR701018,5108,IHREPAIRS,Q,PCCARP,Responsive,1,175.56,184.34,36.87,221.21,180.65,99.36,63.23,0.00,18.06,2.93,2026-04-10T12:42:00,2026-04-10T12:42:00,2026-05-08T12:42:00,2026-04-27T14:42:00,Completed,Met
WO701019,SR701019,5187,KPIF,QEL,PCGROUND,Responsive,1,385.54,404.82,80.96,485.78,396.72,218.20,138.85,0.00,39.67,6.43,2026-04-10T12:44:00,2026-04-10T12:44:00,2026-04-24T12:44:00,2026-04-10T13:44:00,Completed,Met
WO701020,SR701020,5190,IHREPAIRS,Q,PCCARP,Responsive,1,130.82,137.36,27.47,164.83,134.61,74.04,47.11,0.00,13.46,2.18,2026-04-10T08:33:00,2026-04-10T08:33:00,2026-05-08T08:33:00,2026-04-25T04:33:00,Completed,Met
WO701021,SR701021,5132,KPIF,Q,PCGROUND,Responsive,1,385.64,404.92,80.98,485.90,396.82,218.25,138.89,0.00,39.68,6.43,2026-04-10T12:19:00,2026-04-10T12:19:00,2026-05-08T12:19:00,2026-05-05T11:19:00,Completed,Met
WO701022,SR701022,5168,KPIF,U1,PCTILE,Responsive,1,153.89,161.58,32.32,193.90,158.35,87.09,55.42,0.00,15.83,2.56,2026-04-10T09:38:00,2026-04-10T09:38:00,2026-04-12T09:38:00,2026-04-10T14:38:00,Completed,Met
WO701023,SR701023,5149,KPIF,Q,PCPLAST,Responsive,1,244.81,257.05,51.41,308.46,251.91,138.55,88.17,0.00,25.19,4.08,2026-04-10T14:17:00,2026-04-10T14:17:00,2026-05-08T14:17:00,2026-04-27T09:17:00,Completed,Met
WO701024,SR701024,5116,KPIF,UEL,PCBRICK,Responsive,1,321.14,337.20,67.44,404.64,330.46,181.75,115.66,0.00,33.05,5.35,2026-04-10T10:19:00,2026-04-10T10:19:00,2026-04-11T10:19:00,2026-04-11T07:19:00,Completed,Met
WO701025,SR701025,5140,KPIF,QEL,PCGROUND,Responsive,1,320.37,336.39,67.28,403.67,329.66,181.31,115.38,0.00,32.97,5.34,2026-04-10T12:27:00,2026-04-10T12:27:00,2026-04-24T12:27:00,,Open,Open
WO701026,SR701026,5101,KPIF,UEL,PCELEC,Responsive,1,320.70,336.74,67.35,404.09,330.01,181.51,115.50,0.00,33.00,5.34,2026-04-10T08:32:00,2026-04-10T08:32:00,2026-04-11T08:32:00,2026-04-10T17:32:00,Completed,Met
WO701027,SR701027,5102,KPIF,Q,PCCARP,Responsive,1,178.32,187.24,37.45,224.69,183.50,100.93,64.22,0.00,18.35,2.97,2026-04-10T13:00:00,2026-04-10T13:00:00,2026-05-08T13:00:00,2026-04-24T02:00:00,Completed,Met
WO701028,SR701028,5163,IHREPAIRS,U1,PCPLUMB,Responsive,1,247.66,260.04,52.01,312.05,254.84,140.16,89.19,0.00,25.48,4.13,2026-04-10T10:25:00,2026-04-10T10:25:00,2026-04-12T10:25:00,2026-04-11T05:25:00,Completed,Met
WO701029,SR701029,5124,KPIF,QEL,PCGROUND,Responsive,1,343.98,361.18,72.24,433.42,353.96,194.68,123.89,0.00,35.40,5.73,2026-04-10T12:14:00,2026-04-10T12:14:00,2026-04-24T12:14:00,2026-04-17T05:14:00,Completed,Met
WO701030,SR701030,5196,BRADLEY,E,PCVINYL,Responsive,1,240.78,252.82,50.56,303.38,247.76,24.78,37.16,161.04,24.78,4.01,2026-04-10T10:11:00,2026-04-10T10:11:00,2026-04-11T10:11:00,2026-04-11T03:11:00,Completed,Met
WO701031,SR701031,5154,KPIF,QEL,PCFENCE,Responsive,1,239.29,251.25,50.25,301.50,246.22,135.42,86.18,0.00,24.62,3.99,2026-04-10T10:11:00,2026-04-10T10:11:00,2026-04-24T10:11:00,2026-04-25T13:11:00,Completed,Breached
WO701032,SR701032,5116,IHREPAIRS,Q,PCVINYL,Responsive,1,185.78,195.07,39.01,234.08,191.17,105.14,66.91,0.00,19.12,3.10,2026-04-10T14:19:00,2026-04-10T14:19:00,2026-05-08T14:19:00,2026-04-26T06:19:00,Completed,Met
WO701033,SR701033,5152,CCSS,Q,PCGROUND,Responsive,1,546.42,573.74,114.75,688.49,671.91,56.23,84.34,475.12,56.23,9.11,2026-04-10T11:49:00,2026-04-10T11:49:00,2026-05-08T11:49:00,2026-05-06T19:49:00,Completed,Met
WO701034,SR701034,5117,KPIF,UEL,PCPLAST,Responsive,1,254.02,266.72,53.34,320.06,261.39,143.76,91.49,0.00,26.14,4.23,2026-04-10T14:20:00,2026-04-10T14:20:00,2026-04-11T14:20:00,2026-04-11T05:20:00,Completed,Met
WO701035,SR701035,5277,KPIF,Q,PCPLUMB,Responsive,1,262.69,275.82,55.16,330.98,270.30,148.67,94.61,0.00,27.03,4.38,2026-04-10T12:38:00,2026-04-10T12:38:00,2026-05-08T12:38:00,2026-05-02T10:38:00,Completed,Met
WO701036,SR701036,5294,KPIF,U1,PCGROUND,Responsive,1,231.35,242.92,48.58,291.50,238.06,130.93,83.32,0.00,23.81,3.86,2026-04-10T09:28:00,2026-04-10T09:28:00,2026-04-12T09:28:00,2026-04-12T10:28:00,Completed,Breached
WO701037,SR701037,5255,CCSS,Q,PCTILE,Responsive,1,127.57,133.95,26.79,160.74,156.87,13.13,19.69,110.93,13.13,2.13,2026-04-10T09:22:00,2026-04-10T09:22:00,2026-05-08T09:22:00,2026-04-25T04:22:00,Completed,Met
WO701038,SR701038,5276,KPIF,UEL,PCPLAST,Responsive,1,223.26,234.42,46.88,281.30,229.73,126.35,80.41,0.00,22.97,3.72,2026-04-10T08:49:00,2026-04-10T08:49:00,2026-04-11T08:49:00,2026-04-10T21:49:00,Completed,Met
WO701039,SR701039,5203,KPIF,U1,PCTILE,Responsive,1,153.02,160.67,32.13,192.80,157.46,86.60,55.11,0.00,15.75,2.55,2026-04-10T11:58:00,2026-04-10T11:58:00,2026-04-12T11:58:00,2026-04-11T01:58:00,Completed,Met
WO701040,SR701040,5229,KPIF,Q,PCFENCE,Responsive,1,246.26,258.57,51.71,310.28,253.40,139.37,88.69,0.00,25.34,4.10,2026-04-10T12:08:00,2026-04-10T12:08:00,2026-05-08T12:08:00,2026-04-24T08:08:00,Completed,Met
WO701041,SR701041,5236,KPIF,Q,PCFENCE,Responsive,1,281.50,295.57,59.11,354.68,289.66,159.31,101.38,0.00,28.97,4.69,2026-04-10T08:54:00,2026-04-10T08:54:00,2026-05-08T08:54:00,2026-04-27T05:54:00,Completed,Met
WO701042,SR701042,5242,KPIF,UEL,PCTILE,Responsive,1,170.89,179.43,35.89,215.32,175.84,96.71,61.54,0.00,17.58,2.85,2026-04-10T13:40:00,2026-04-10T13:40:00,2026-04-11T13:40:00,2026-04-11T05:40:00,Completed,Met
WO701043,SR701043,5247,KPIF,UEL,PCFENCE,Responsive,1,201.09,211.14,42.23,253.37,206.92,113.81,72.42,0.00,20.69,3.35,2026-04-10T08:36:00,2026-04-10T08:36:00,2026-04-11T08:36:00,2026-04-10T19:36:00,Completed,Met
WO701044,SR701044,5247,IHREPAIRS,Q,PCFENCE,Responsive,1,332.75,349.39,69.88,419.27,342.40,188.32,119.84,0.00,34.24,5.55,2026-04-10T13:39:00,2026-04-10T13:39:00,2026-05-08T13:39:00,2026-04-21T17:39:00,Completed,Met
WO701045,SR701045,5250,KPIF,QEL,PCCARP,Responsive,1,209.55,220.03,44.01,264.04,215.63,118.60,75.47,0.00,21.56,3.49,2026-04-10T13:38:00,2026-04-10T13:38:00,2026-04-24T13:38:00,2026-04-21T15:38:00,Completed,Met
WO701046,SR701046,5284,KPIF,U1,PCTILE,Responsive,1,176.42,185.24,37.05,222.29,181.54,99.85,63.54,0.00,18.15,2.94,2026-04-10T09:20:00,2026-04-10T09:20:00,2026-04-12T09:20:00,2026-04-12T00:20:00,Completed,Met
WO701047,SR701047,5293,KPIF,NG,PCELEC,Responsive,1,268.30,281.72,56.34,338.06,276.09,151.85,96.63,0.00,27.61,4.47,2026-04-10T09:48:00,2026-04-10T09:48:00,2026-04-24T09:48:00,2026-04-20T12:48:00,Completed,Met
WO701048,SR701048,5233,BRADLEY,NG,PCGROUND,Responsive,1,383.13,402.29,80.46,482.75,394.24,39.42,59.14,256.26,39.42,6.39,2026-04-10T12:19:00,2026-04-10T12:19:00,2026-04-24T12:19:00,2026-04-17T22:19:00,Completed,Met
WO701049,SR701049,5262,PHJONESGAS,Q,PCVINYL,Responsive,1,247.48,259.85,51.97,311.82,254.65,25.47,38.20,165.52,25.46,4.12,2026-04-10T08:41:00,2026-04-10T08:41:00,2026-05-08T08:41:00,2026-04-29T08:41:00,Completed,Met
WO701050,SR701050,5238,KPIF,QEL,PCPLUMB,Responsive,1,313.77,329.46,65.89,395.35,322.87,177.58,113.00,0.00,32.29,5.23,2026-04-10T14:25:00,2026-04-10T14:25:00,2026-04-24T14:25:00,2026-04-20T20:25:00,Completed,Met
WO701051,SR701051,5269,KPIF,NG,PCGROUND,Responsive,1,495.36,520.13,104.03,624.16,509.73,280.35,178.41,0.00,50.97,8.26,2026-04-10T12:50:00,2026-04-10T12:50:00,2026-04-24T12:50:00,2026-04-15T06:50:00,Completed,Met
WO701052,SR701052,5235,KPIF,U1,PCTILE,Responsive,1,157.90,165.80,33.16,198.96,162.48,89.36,56.87,0.00,16.25,2.63,2026-04-10T10:21:00,2026-04-10T10:21:00,2026-04-12T10:21:00,2026-04-11T13:21:00,Completed,Met
WO701053,SR701053,5266,CCSS,Q,PCELEC,Responsive,1,291.18,305.74,61.15,366.89,358.06,29.96,44.94,253.19,29.96,4.85,2026-04-10T10:42:00,2026-04-10T10:42:00,2026-05-08T10:42:00,2026-04-25T21:42:00,Completed,Met
WO701054,SR701054,5271,KPIF,U1,PCCARP,Responsive,1,224.70,235.94,47.19,283.13,231.22,127.17,80.93,0.00,23.12,3.74,2026-04-10T10:31:00,2026-04-10T10:31:00,2026-04-12T10:31:00,2026-04-11T11:31:00,Completed,Met
WO701055,SR701055,5236,CCSS,UEL,PCPLAST,Responsive,1,186.39,195.71,39.14,234.85,229.20,19.18,28.77,162.07,19.18,3.11,2026-04-10T13:58:00,2026-04-10T13:58:00,2026-04-11T13:58:00,2026-04-11T17:58:00,Completed,Breached
WO701056,SR701056,5215,IHREPAIRS,Q,PCPLUMB,Responsive,1,333.26,349.92,69.98,419.90,342.92,188.61,120.02,0.00,34.29,5.55,2026-04-10T11:38:00,2026-04-10T11:38:00,2026-05-08T11:38:00,2026-04-21T03:38:00,Completed,Met
WO701057,SR701057,5034,IHREPAIRS,Q,PCPLAST,Responsive,1,195.33,205.10,41.02,246.12,201.00,110.55,70.35,0.00,20.10,3.26,2026-04-13T11:16:00,2026-04-13T11:16:00,2026-05-11T11:16:00,,Open,Open
WO701058,SR701058,5046,KPIF,Q,PCTILE,Responsive,1,153.65,161.33,32.27,193.60,158.10,86.95,55.33,0.00,15.81,2.56,2026-04-13T10:41:00,2026-04-13T10:41:00,2026-05-11T10:41:00,2026-05-07T01:41:00,Completed,Met
WO701059,SR701059,5100,CCSS,Q,PCCARP,Responsive,1,225.41,236.68,47.34,284.02,277.18,23.20,34.79,196.00,23.19,3.76,2026-04-13T14:04:00,2026-04-13T14:04:00,2026-05-11T14:04:00,2026-04-30T00:04:00,Completed,Met
WO701060,SR701060,5027,KPIF,UEL,PCELEC,Responsive,1,192.65,202.28,40.46,242.74,198.23,109.03,69.38,0.00,19.82,3.21,2026-04-13T13:27:00,2026-04-13T13:27:00,2026-04-14T13:27:00,2026-04-13T20:27:00,Completed,Met
WO701061,SR701061,5058,KPIF,Q,PCTILE,Responsive,1,152.63,160.26,32.05,192.31,157.05,86.38,54.97,0.00,15.70,2.54,2026-04-13T09:45:00,2026-04-13T09:45:00,2026-05-11T09:45:00,2026-05-02T04:45:00,Completed,Met
WO701062,SR701062,5024,IHREPAIRS,U1,PCPLAST,Responsive,1,194.06,203.76,40.75,244.51,199.68,109.82,69.89,0.00,19.97,3.23,2026-04-13T10:02:00,2026-04-13T10:02:00,2026-04-15T10:02:00,2026-04-14T13:02:00,Completed,Met
WO701063,SR701063,5023,KPIF,Q,PCVINYL,Responsive,1,232.99,244.64,48.93,293.57,239.75,131.86,83.91,0.00,23.97,3.88,2026-04-13T09:43:00,2026-04-13T09:43:00,2026-05-11T09:43:00,2026-05-03T22:43:00,Completed,Met
WO701064,SR701064,5052,KPIF,Q,PCCARP,Responsive,1,160.92,168.97,33.79,202.76,165.59,91.07,57.96,0.00,16.56,2.68,2026-04-13T08:36:00,2026-04-13T08:36:00,2026-05-11T08:36:00,,Open,Open
WO701065,SR701065,5002,CCSS,U1,PCPLUMB,Responsive,1,287.41,301.78,60.36,362.14,353.41,29.57,44.36,249.90,29.57,4.79,2026-04-13T10:47:00,2026-04-13T10:47:00,2026-04-15T10:47:00,,Open,Open
WO701066,SR701066,5002,OPENVIEW,Q,PCCARP,Responsive,1,215.43,226.20,45.24,271.44,221.68,22.17,33.25,144.09,22.17,3.59,2026-04-13T09:13:00,2026-04-13T09:13:00,2026-05-11T09:13:00,2026-05-02T01:13:00,Completed,Met
WO701067,SR701067,5057,IHREPAIRS,UEL,PCPLAST,Responsive,1,219.00,229.95,45.99,275.94,225.35,123.94,78.87,0.00,22.53,3.65,2026-04-13T10:34:00,2026-04-13T10:34:00,2026-04-14T10:34:00,2026-04-14T07:34:00,Completed,Met
WO701068,SR701068,5016,KPIF,QEL,PCPLUMB,Responsive,1,294.14,308.85,61.77,370.62,302.67,166.47,105.93,0.00,30.27,4.90,2026-04-13T11:01:00,2026-04-13T11:01:00,2026-04-27T11:01:00,2026-04-26T12:01:00,Completed,Met
WO701069,SR701069,5001,KPIF,E,PCTILE,Responsive,1,178.86,187.80,37.56,225.36,184.04,101.22,64.41,0.00,18.40,2.98,2026-04-13T09:45:00,2026-04-13T09:45:00,2026-04-14T09:45:00,2026-04-13T21:45:00,Completed,Met
WO701070,SR701070,5088,CCSS,Q,PCVINYL,Responsive,1,226.23,237.54,47.51,285.05,278.18,23.28,34.92,196.70,23.28,3.77,2026-04-13T09:27:00,2026-04-13T09:27:00,2026-05-11T09:27:00,2026-04-13T10:27:00,Completed,Met
WO701071,SR701071,5037,KPIF,U1,PCFENCE,Responsive,1,227.53,238.91,47.78,286.69,234.13,128.77,81.95,0.00,23.41,3.79,2026-04-13T11:34:00,2026-04-13T11:34:00,2026-04-15T11:34:00,2026-04-15T10:34:00,Completed,Met
WO701072,SR701072,5078,IHREPAIRS,U1,PCPLAST,Responsive,1,234.42,246.14,49.23,295.37,241.22,132.67,84.43,0.00,24.12,3.91,2026-04-13T13:37:00,2026-04-13T13:37:00,2026-04-15T13:37:00,2026-04-14T22:37:00,Completed,Met
WO701073,SR701073,5088,KPIF,Q,PCBRICK,Responsive,1,387.15,406.51,81.30,487.81,398.38,219.11,139.43,0.00,39.84,6.45,2026-04-13T09:23:00,2026-04-13T09:23:00,2026-05-11T09:23:00,2026-04-29T07:23:00,Completed,Met
WO701074,SR701074,5034,OPENVIEW,QEL,PCCARP,Responsive,1,162.03,170.13,34.03,204.16,166.73,16.67,25.01,108.37,16.67,2.70,2026-04-13T09:46:00,2026-04-13T09:46:00,2026-04-27T09:46:00,2026-04-22T01:46:00,Completed,Met
WO701075,SR701075,5058,KPIF,QEL,PCELEC,Responsive,1,250.50,263.03,52.61,315.64,257.77,141.77,90.22,0.00,25.78,4.17,2026-04-13T12:08:00,2026-04-13T12:08:00,2026-04-27T12:08:00,2026-04-24T02:08:00,Completed,Met
WO701076,SR701076,5017,KPIF,QEL,PCPLAST,Responsive,1,225.49,236.76,47.35,284.11,232.02,127.61,81.21,0.00,23.20,3.76,2026-04-13T12:43:00,2026-04-13T12:43:00,2026-04-27T12:43:00,2026-04-18T01:43:00,Completed,Met
WO701077,SR701077,5082,PHJONESGAS,U1,PCFENCE,Responsive,1,322.62,338.75,67.75,406.50,331.97,33.20,49.80,215.78,33.20,5.38,2026-04-13T10:35:00,2026-04-13T10:35:00,2026-04-15T10:35:00,2026-04-14T05:35:00,Completed,Met
WO701078,SR701078,5064,KPIF,Q,PCGROUND,Responsive,1,372.37,390.99,78.20,469.19,383.17,210.74,134.11,0.00,38.32,6.21,2026-04-13T09:12:00,2026-04-13T09:12:00,2026-05-11T09:12:00,2026-04-25T01:12:00,Completed,Met
WO701079,SR701079,5189,KPIF,Q,PCTILE,Responsive,1,213.76,224.45,44.89,269.34,219.96,120.98,76.99,0.00,22.00,3.56,2026-04-13T08:31:00,2026-04-13T08:31:00,2026-05-11T08:31:00,2026-05-03T07:31:00,Completed,Met
WO701080,SR701080,5161,KPIF,QEL,PCPLAST,Responsive,1,253.73,266.42,53.28,319.70,261.09,143.60,91.38,0.00,26.11,4.23,2026-04-13T11:28:00,2026-04-13T11:28:00,2026-04-27T11:28:00,2026-04-18T08:28:00,Completed,Met
WO701081,SR701081,5118,OPENVIEW,Q,PCBRICK,Responsive,1,297.58,312.46,62.49,374.95,306.21,30.62,45.93,199.04,30.62,4.96,2026-04-13T13:12:00,2026-04-13T13:12:00,2026-05-11T13:12:00,2026-05-12T12:12:00,Completed,Breached
WO701082,SR701082,5129,KPIF,Q,PCPLUMB,Responsive,1,199.69,209.67,41.93,251.60,205.48,113.01,71.92,0.00,20.55,3.33,2026-04-13T14:26:00,2026-04-13T14:26:00,2026-05-11T14:26:00,,Open,Open
WO701083,SR701083,5155,KPIF,E,PCFENCE,Responsive,1,322.95,339.10,67.82,406.92,332.32,182.78,116.31,0.00,33.23,5.38,2026-04-13T13:27:00,2026-04-13T13:27:00,2026-04-14T13:27:00,2026-04-14T11:27:00,Completed,Met
WO701084,SR701084,5104,KPIF,Q,PCPLAST,Responsive,1,205.32,215.59,43.12,258.71,211.28,116.20,73.95,0.00,21.13,3.42,2026-04-13T09:09:00,2026-04-13T09:09:00,2026-05-11T09:09:00,2026-05-10T16:09:00,Completed,Met
WO701085,SR701085,5198,KPIF,Q,PCPLAST,Responsive,1,171.20,179.76,35.95,215.71,176.16,96.89,61.66,0.00,17.62,2.85,2026-04-13T13:00:00,2026-04-13T13:00:00,2026-05-11T13:00:00,2026-04-28T20:00:00,Completed,Met
WO701086,SR701086,5144,CCSS,QEL,PCELEC,Responsive,1,270.59,284.12,56.82,340.94,332.74,27.84,41.77,235.29,27.84,4.51,2026-04-13T10:56:00,2026-04-13T10:56:00,2026-04-27T10:56:00,2026-04-22T13:56:00,Completed,Met
WO701087,SR701087,5178,KPIF,Q,PCPLAST,Responsive,1,133.47,140.14,28.03,168.17,137.34,75.54,48.07,0.00,13.73,2.22,2026-04-13T12:06:00,2026-04-13T12:06:00,2026-05-11T12:06:00,2026-04-25T10:06:00,Completed,Met
WO701088,SR701088,5134,KPIF,UEL,PCGROUND,Responsive,1,442.11,464.22,92.84,557.06,454.94,250.22,159.23,0.00,45.49,7.37,2026-04-13T09:50:00,2026-04-13T09:50:00,2026-04-14T09:50:00,2026-04-13T23:50:00,Completed,Met
WO701089,SR701089,5117,KPIF,Q,PCTILE,Responsive,1,203.60,213.78,42.76,256.54,209.50,115.23,73.32,0.00,20.95,3.39,2026-04-13T11:50:00,2026-04-13T11:50:00,2026-05-11T11:50:00,2026-05-04T00:50:00,Completed,Met
WO701090,SR701090,5110,IHREPAIRS,Q,PCELEC,Responsive,1,235.16,246.92,49.38,296.30,241.98,133.09,84.69,0.00,24.20,3.92,2026-04-13T11:57:00,2026-04-13T11:57:00,2026-05-11T11:57:00,2026-05-01T19:57:00,Completed,Met
WO701091,SR701091,5183,KPIF,U1,PCVINYL,Responsive,1,272.25,285.86,57.17,343.03,280.14,154.08,98.05,0.00,28.01,4.54,2026-04-13T09:09:00,2026-04-13T09:09:00,2026-04-15T09:09:00,2026-04-14T02:09:00,Completed,Met
WO701092,SR701092,5131,KPIF,U1,PCBRICK,Responsive,1,264.52,277.75,55.55,333.30,272.19,149.70,95.27,0.00,27.22,4.41,2026-04-13T10:18:00,2026-04-13T10:18:00,2026-04-15T10:18:00,2026-04-14T01:18:00,Completed,Met
WO701093,SR701093,5171,KPIF,Q,PCTILE,Responsive,1,179.06,188.01,37.60,225.61,184.25,101.34,64.49,0.00,18.42,2.98,2026-04-13T10:47:00,2026-04-13T10:47:00,2026-05-11T10:47:00,,Open,Open
WO701094,SR701094,5162,KPIF,E,PCPLUMB,Responsive,1,242.16,254.27,50.85,305.12,249.18,137.05,87.21,0.00,24.92,4.04,2026-04-13T11:08:00,2026-04-13T11:08:00,2026-04-14T11:08:00,2026-04-14T05:08:00,Completed,Met
WO701095,SR701095,5151,CCSS,U1,PCGROUND,Responsive,1,391.20,410.76,82.15,492.91,481.04,40.25,60.38,340.14,40.25,6.52,2026-04-13T11:32:00,2026-04-13T11:32:00,2026-04-15T11:32:00,2026-04-15T06:32:00,Completed,Met
WO701096,SR701096,5153,OPENVIEW,U1,PCGROUND,Responsive,1,429.51,450.99,90.20,541.19,441.97,44.20,66.30,287.28,44.20,7.16,2026-04-13T09:46:00,2026-04-13T09:46:00,2026-04-15T09:46:00,2026-04-15T06:46:00,Completed,Met
WO701097,SR701097,5105,CCSS,U1,PCBRICK,Responsive,1,303.17,318.33,63.67,382.00,372.79,31.20,46.79,263.60,31.20,5.05,2026-04-13T09:10:00,2026-04-13T09:10:00,2026-04-15T09:10:00,2026-04-14T16:10:00,Completed,Met
WO701098,SR701098,5128,KPIF,QEL,PCPLAST,Responsive,1,194.05,203.75,40.75,244.50,199.67,109.82,69.88,0.00,19.97,3.23,2026-04-13T12:46:00,2026-04-13T12:46:00,2026-04-27T12:46:00,2026-04-17T09:46:00,Completed,Met
WO701099,SR701099,5199,KPIF,Q,PCFENCE,Responsive,1,356.32,374.14,74.83,448.97,366.66,201.66,128.33,0.00,36.67,5.94,2026-04-13T10:58:00,2026-04-13T10:58:00,2026-05-11T10:58:00,2026-04-23T04:58:00,Completed,Met
WO701100,SR701100,5192,PHJONESGAS,UEL,PCVINYL,Responsive,1,230.34,241.86,48.37,290.23,237.02,23.70,35.55,154.06,23.70,3.84,2026-04-13T13:40:00,2026-04-13T13:40:00,2026-04-14T13:40:00,2026-04-14T05:40:00,Completed,Met
WO701101,SR701101,5264,KPIF,QEL,PCCARP,Responsive,1,155.08,162.83,32.57,195.40,159.57,87.76,55.85,0.00,15.96,2.58,2026-04-13T11:08:00,2026-04-13T11:08:00,2026-04-27T11:08:00,2026-04-14T19:08:00,Completed,Met
WO701102,SR701102,5212,KPIF,U1,PCELEC,Responsive,1,292.22,306.83,61.37,368.20,300.69,165.38,105.24,0.00,30.07,4.87,2026-04-13T11:01:00,2026-04-13T11:01:00,2026-04-15T11:01:00,2026-04-14T19:01:00,Completed,Met
WO701103,SR701103,5212,CCSS,U1,PCCARP,Responsive,1,172.19,180.80,36.16,216.96,211.73,17.72,26.58,149.72,17.72,2.87,2026-04-13T10:42:00,2026-04-13T10:42:00,2026-04-15T10:42:00,2026-04-15T17:42:00,Completed,Breached
WO701104,SR701104,5257,PHJONESGAS,QEL,PCPLAST,Responsive,1,217.54,228.42,45.68,274.10,223.85,22.39,33.58,145.50,22.38,3.63,2026-04-13T12:39:00,2026-04-13T12:39:00,2026-04-27T12:39:00,2026-04-27T06:39:00,Completed,Met
WO701105,SR701105,5280,IHREPAIRS,Q,PCPLAST,Responsive,1,189.66,199.14,39.83,238.97,195.16,107.34,68.31,0.00,19.52,3.16,2026-04-13T13:49:00,2026-04-13T13:49:00,2026-05-11T13:49:00,2026-05-05T12:49:00,Completed,Met
WO701106,SR701106,5265,BRADLEY,UEL,PCELEC,Responsive,1,294.14,308.85,61.77,370.62,302.67,30.27,45.40,196.74,30.27,4.90,2026-04-13T14:19:00,2026-04-13T14:19:00,2026-04-14T14:19:00,,Open,Open
WO701107,SR701107,5232,OPENVIEW,E,PCGROUND,Responsive,1,477.46,501.33,100.27,601.60,491.30,49.13,73.69,319.35,49.13,7.96,2026-04-13T10:58:00,2026-04-13T10:58:00,2026-04-14T10:58:00,2026-04-13T19:58:00,Completed,Met
WO701108,SR701108,5229,CCSS,QEL,PCVINYL,Responsive,1,232.08,243.68,48.74,292.42,285.38,23.88,35.82,201.80,23.88,3.87,2026-04-13T11:28:00,2026-04-13T11:28:00,2026-04-27T11:28:00,2026-04-17T22:28:00,Completed,Met
WO701109,SR701109,5260,CCSS,U1,PCCARP,Responsive,1,158.53,166.46,33.29,199.75,194.94,16.31,24.47,137.84,16.31,2.64,2026-04-13T11:53:00,2026-04-13T11:53:00,2026-04-15T11:53:00,2026-04-14T16:53:00,Completed,Met
WO701110,SR701110,5241,IHREPAIRS,NG,PCFENCE,Responsive,1,255.20,267.96,53.59,321.55,262.60,144.43,91.91,0.00,26.26,4.25,2026-04-13T14:29:00,2026-04-13T14:29:00,2026-04-27T14:29:00,2026-04-21T21:29:00,Completed,Met
WO701111,SR701111,5270,KPIF,QEL,PCPLAST,Responsive,1,208.21,218.62,43.72,262.34,214.25,117.84,74.99,0.00,21.42,3.47,2026-04-13T10:19:00,2026-04-13T10:19:00,2026-04-27T10:19:00,2026-04-21T12:19:00,Completed,Met
WO701112,SR701112,5249,KPIF,QEL,PCPLUMB,Responsive,1,235.98,247.78,49.56,297.34,242.82,133.55,84.99,0.00,24.28,3.93,2026-04-13T12:10:00,2026-04-13T12:10:00,2026-04-27T12:10:00,2026-04-23T19:10:00,Completed,Met
WO701113,SR701113,5203,IHREPAIRS,UEL,PCVINYL,Responsive,1,244.63,256.86,51.37,308.23,251.72,138.45,88.10,0.00,25.17,4.08,2026-04-13T09:12:00,2026-04-13T09:12:00,2026-04-14T09:12:00,2026-04-14T01:12:00,Completed,Met
WO701114,SR701114,5292,IHREPAIRS,QEL,PCELEC,Responsive,1,241.42,253.49,50.70,304.19,248.42,136.63,86.95,0.00,24.84,4.02,2026-04-13T14:12:00,2026-04-13T14:12:00,2026-04-27T14:12:00,,Open,Open
WO701115,SR701115,5255,KPIF,QEL,PCFENCE,Responsive,1,322.64,338.77,67.75,406.52,331.99,182.59,116.20,0.00,33.20,5.38,2026-04-13T10:11:00,2026-04-13T10:11:00,2026-04-27T10:11:00,2026-04-20T02:11:00,Completed,Met
WO701116,SR701116,5289,KPIF,NG,PCPLAST,Responsive,1,171.35,179.92,35.98,215.90,176.32,96.98,61.71,0.00,17.63,2.86,2026-04-13T14:24:00,2026-04-13T14:24:00,2026-04-27T14:24:00,2026-04-17T06:24:00,Completed,Met
WO701117,SR701117,5277,CCSS,U1,PCTILE,Responsive,1,193.55,203.23,40.65,243.88,238.01,19.92,29.88,168.30,19.92,3.23,2026-04-13T13:45:00,2026-04-13T13:45:00,2026-04-15T13:45:00,2026-04-15T02:45:00,Completed,Met
WO701118,SR701118,5294,BRADLEY,E,PCFENCE,Responsive,1,280.15,294.16,58.83,352.99,288.28,28.83,43.24,187.38,28.83,4.67,2026-04-13T09:45:00,2026-04-13T09:45:00,2026-04-14T09:45:00,2026-04-13T19:45:00,Completed,Met
WO701119,SR701119,5287,CCSS,UEL,PCVINYL,Responsive,1,192.76,202.40,40.48,242.88,237.03,19.84,29.75,167.61,19.83,3.21,2026-04-13T12:20:00,2026-04-13T12:20:00,2026-04-14T12:20:00,2026-04-14T11:20:00,Completed,Met
WO701120,SR701120,5282,CCSS,E,PCCARP,Responsive,1,199.58,209.56,41.91,251.47,245.42,20.54,30.81,173.54,20.54,3.33,2026-04-13T10:06:00,2026-04-13T10:06:00,2026-04-14T10:06:00,2026-04-13T19:06:00,Completed,Met
WO701121,SR701121,5249,PHJONESGAS,Q,PCTILE,Responsive,1,157.73,165.62,33.12,198.74,162.31,16.23,24.35,105.50,16.23,2.63,2026-04-13T14:17:00,2026-04-13T14:17:00,2026-05-11T14:17:00,2026-04-29T12:17:00,Completed,Met
WO701122,SR701122,5203,IHREPAIRS,QEL,PCBRICK,Responsive,1,240.85,252.89,50.58,303.47,247.83,136.31,86.74,0.00,24.78,4.01,2026-04-13T09:33:00,2026-04-13T09:33:00,2026-04-27T09:33:00,2026-04-20T12:33:00,Completed,Met
WO701123,SR701123,5053,IHREPAIRS,Q,PCFENCE,Responsive,1,272.60,286.23,57.25,343.48,280.51,154.28,98.18,0.00,28.05,4.54,2026-04-14T12:57:00,2026-04-14T12:57:00,2026-05-12T12:57:00,2026-05-06T07:57:00,Completed,Met
WO701124,SR701124,5059,IHREPAIRS,Q,PCVINYL,Responsive,1,209.69,220.17,44.03,264.20,215.77,118.67,75.52,0.00,21.58,3.49,2026-04-14T09:53:00,2026-04-14T09:53:00,2026-05-12T09:53:00,2026-04-25T21:53:00,Completed,Met
WO701125,SR701125,5089,CCSS,Q,PCVINYL,Responsive,1,217.91,228.81,45.76,274.57,267.95,22.42,33.63,189.47,22.42,3.63,2026-04-14T09:20:00,2026-04-14T09:20:00,2026-05-12T09:20:00,2026-05-11T07:20:00,Completed,Met
WO701126,SR701126,5084,KPIF,Q,PCPLUMB,Responsive,1,179.59,188.57,37.71,226.28,184.80,101.64,64.68,0.00,18.48,2.99,2026-04-14T12:44:00,2026-04-14T12:44:00,2026-05-12T12:44:00,2026-05-01T07:44:00,Completed,Met
WO701127,SR701127,5082,OPENVIEW,Q,PCELEC,Responsive,1,307.37,322.74,64.55,387.29,316.29,31.63,47.44,205.59,31.63,5.12,2026-04-14T14:11:00,2026-04-14T14:11:00,2026-05-12T14:11:00,2026-04-29T22:11:00,Completed,Met
WO701128,SR701128,5059,KPIF,Q,PCGROUND,Responsive,1,389.03,408.48,81.70,490.18,400.31,220.17,140.11,0.00,40.03,6.48,2026-04-14T12:30:00,2026-04-14T12:30:00,2026-05-12T12:30:00,2026-05-06T06:30:00,Completed,Met
WO701129,SR701129,5060,IHREPAIRS,QEL,PCVINYL,Responsive,1,221.83,232.92,46.58,279.50,228.26,125.54,79.89,0.00,22.83,3.70,2026-04-14T11:52:00,2026-04-14T11:52:00,2026-04-28T11:52:00,2026-04-25T13:52:00,Completed,Met
WO701130,SR701130,5037,KPIF,QEL,PCBRICK,Responsive,1,315.34,331.11,66.22,397.33,324.49,178.47,113.57,0.00,32.45,5.26,2026-04-14T12:02:00,2026-04-14T12:02:00,2026-04-28T12:02:00,2026-04-22T18:02:00,Completed,Met
WO701131,SR701131,5005,CCSS,E,PCPLUMB,Responsive,1,187.09,196.44,39.29,235.73,230.05,19.25,28.88,162.67,19.25,3.12,2026-04-14T12:55:00,2026-04-14T12:55:00,2026-04-15T12:55:00,2026-04-15T05:55:00,Completed,Met
WO701132,SR701132,5074,PHJONESGAS,UEL,PCVINYL,Responsive,1,193.58,203.26,40.65,243.91,199.19,19.92,29.88,129.47,19.92,3.23,2026-04-14T10:08:00,2026-04-14T10:08:00,2026-04-15T10:08:00,,Open,Open
WO701133,SR701133,5074,IHREPAIRS,U1,PCVINYL,Responsive,1,239.82,251.81,50.36,302.17,246.77,135.72,86.37,0.00,24.68,4.00,2026-04-14T09:58:00,2026-04-14T09:58:00,2026-04-16T09:58:00,2026-04-15T06:58:00,Completed,Met
WO701134,SR701134,5030,KPIF,Q,PCCARP,Responsive,1,138.28,145.19,29.04,174.23,142.29,78.26,49.80,0.00,14.23,2.30,2026-04-14T09:30:00,2026-04-14T09:30:00,2026-05-12T09:30:00,2026-04-24T12:30:00,Completed,Met
WO701135,SR701135,5081,KPIF,QEL,PCBRICK,Responsive,1,344.42,361.64,72.33,433.97,354.41,194.93,124.04,0.00,35.44,5.74,2026-04-14T11:15:00,2026-04-14T11:15:00,2026-04-28T11:15:00,2026-04-23T05:15:00,Completed,Met
WO701136,SR701136,5081,CCSS,E,PCPLAST,Responsive,1,196.45,206.27,41.25,247.52,241.56,20.21,30.32,170.81,20.21,3.27,2026-04-14T09:10:00,2026-04-14T09:10:00,2026-04-15T09:10:00,2026-04-14T22:10:00,Completed,Met
WO701137,SR701137,5059,IHREPAIRS,U1,PCFENCE,Responsive,1,339.71,356.70,71.34,428.04,349.57,192.26,122.35,0.00,34.96,5.66,2026-04-14T10:23:00,2026-04-14T10:23:00,2026-04-16T10:23:00,2026-04-15T11:23:00,Completed,Met
WO701138,SR701138,5100,IHREPAIRS,QEL,PCVINYL,Responsive,1,230.99,242.54,48.51,291.05,237.69,130.73,83.19,0.00,23.77,3.85,2026-04-14T10:50:00,2026-04-14T10:50:00,2026-04-28T10:50:00,,Open,Open
WO701139,SR701139,5075,BRADLEY,U1,PCCARP,Responsive,1,196.45,206.27,41.25,247.52,202.14,20.21,30.32,131.39,20.21,3.27,2026-04-14T09:32:00,2026-04-14T09:32:00,2026-04-16T09:32:00,2026-04-15T19:32:00,Completed,Met
WO701140,SR701140,5012,KPIF,Q,PCCARP,Responsive,1,203.86,214.05,42.81,256.86,209.77,115.37,73.42,0.00,20.98,3.40,2026-04-14T10:16:00,2026-04-14T10:16:00,2026-05-12T10:16:00,,Open,Open
WO701141,SR701141,5010,KPIF,QEL,PCELEC,Responsive,1,307.39,322.76,64.55,387.31,316.30,173.97,110.70,0.00,31.63,5.12,2026-04-14T14:21:00,2026-04-14T14:21:00,2026-04-28T14:21:00,2026-04-17T19:21:00,Completed,Met
WO701142,SR701142,5058,KPIF,U1,PCPLAST,Responsive,1,157.12,164.98,33.00,197.98,161.68,88.92,56.59,0.00,16.17,2.62,2026-04-14T10:01:00,2026-04-14T10:01:00,2026-04-16T10:01:00,2026-04-15T07:01:00,Completed,Met
WO701143,SR701143,5016,IHREPAIRS,NG,PCFENCE,Responsive,1,277.03,290.88,58.18,349.06,285.06,156.78,99.77,0.00,28.51,4.62,2026-04-14T13:44:00,2026-04-14T13:44:00,2026-04-28T13:44:00,2026-04-22T17:44:00,Completed,Met
WO701144,SR701144,5033,KPIF,U1,PCCARP,Responsive,1,173.82,182.51,36.50,219.01,178.86,98.37,62.60,0.00,17.89,2.90,2026-04-14T08:41:00,2026-04-14T08:41:00,2026-04-16T08:41:00,2026-04-14T20:41:00,Completed,Met
WO701145,SR701145,5147,KPIF,QEL,PCCARP,Responsive,1,231.32,242.89,48.58,291.47,238.03,130.92,83.31,0.00,23.80,3.86,2026-04-14T09:40:00,2026-04-14T09:40:00,2026-04-28T09:40:00,2026-04-23T15:40:00,Completed,Met
WO701146,SR701146,5135,PHJONESGAS,Q,PCBRICK,Responsive,1,239.20,251.16,50.23,301.39,246.14,24.61,36.92,159.99,24.61,3.99,2026-04-14T11:28:00,2026-04-14T11:28:00,2026-05-12T11:28:00,2026-04-29T03:28:00,Completed,Met
WO701147,SR701147,5164,KPIF,Q,PCVINYL,Responsive,1,246.30,258.62,51.72,310.34,253.45,139.40,88.71,0.00,25.34,4.11,2026-04-14T10:08:00,2026-04-14T10:08:00,2026-05-12T10:08:00,2026-05-01T05:08:00,Completed,Met
WO701148,SR701148,5192,KPIF,QEL,PCBRICK,Responsive,1,414.83,435.57,87.11,522.68,426.86,234.77,149.40,0.00,42.69,6.91,2026-04-14T13:30:00,2026-04-14T13:30:00,2026-04-28T13:30:00,2026-04-21T01:30:00,Completed,Met
WO701149,SR701149,5163,KPIF,QEL,PCVINYL,Responsive,1,169.37,177.84,35.57,213.41,174.28,95.85,61.00,0.00,17.43,2.82,2026-04-14T10:49:00,2026-04-14T10:49:00,2026-04-28T10:49:00,2026-04-24T09:49:00,Completed,Met
WO701150,SR701150,5155,KPIF,Q,PCTILE,Responsive,1,131.48,138.05,27.61,165.66,135.29,74.41,47.35,0.00,13.53,2.19,2026-04-14T13:53:00,2026-04-14T13:53:00,2026-05-12T13:53:00,2026-05-03T22:53:00,Completed,Met
WO701151,SR701151,5166,KPIF,Q,PCBRICK,Responsive,1,298.27,313.18,62.64,375.82,306.92,168.81,107.42,0.00,30.69,4.97,2026-04-14T14:00:00,2026-04-14T14:00:00,2026-05-12T14:00:00,2026-05-07T22:00:00,Completed,Met
WO701152,SR701152,5115,KPIF,QEL,PCPLAST,Responsive,1,210.90,221.45,44.29,265.74,217.02,119.36,75.96,0.00,21.70,3.52,2026-04-14T10:05:00,2026-04-14T10:05:00,2026-04-28T10:05:00,2026-04-22T03:05:00,Completed,Met
WO701153,SR701153,5148,KPIF,QEL,PCPLAST,Responsive,1,147.06,154.41,30.88,185.29,151.32,83.23,52.96,0.00,15.13,2.45,2026-04-14T11:13:00,2026-04-14T11:13:00,2026-04-28T11:13:00,2026-04-21T04:13:00,Completed,Met
WO701154,SR701154,5173,IHREPAIRS,QEL,PCFENCE,Responsive,1,314.03,329.73,65.95,395.68,323.14,177.73,113.10,0.00,32.31,5.23,2026-04-14T11:47:00,2026-04-14T11:47:00,2026-04-28T11:47:00,2026-04-22T10:47:00,Completed,Met
WO701155,SR701155,5172,PHJONESGAS,Q,PCBRICK,Responsive,1,375.13,393.89,78.78,472.67,386.01,38.60,57.90,250.91,38.60,6.25,2026-04-14T14:13:00,2026-04-14T14:13:00,2026-05-12T14:13:00,2026-05-11T22:13:00,Completed,Met
WO701156,SR701156,5197,KPIF,UEL,PCVINYL,Responsive,1,234.19,245.90,49.18,295.08,240.98,132.54,84.34,0.00,24.10,3.90,2026-04-14T10:10:00,2026-04-14T10:10:00,2026-04-15T10:10:00,,Open,Open
WO701157,SR701157,5136,KPIF,U1,PCVINYL,Responsive,1,254.46,267.18,53.44,320.62,261.84,144.01,91.64,0.00,26.18,4.24,2026-04-14T13:37:00,2026-04-14T13:37:00,2026-04-16T13:37:00,2026-04-15T13:37:00,Completed,Met
WO701158,SR701158,5137,OPENVIEW,Q,PCPLUMB,Responsive,1,221.37,232.44,46.49,278.93,227.79,22.78,34.17,148.06,22.78,3.69,2026-04-14T08:32:00,2026-04-14T08:32:00,2026-05-12T08:32:00,2026-05-05T00:32:00,Completed,Met
WO701159,SR701159,5152,BRADLEY,QEL,PCPLUMB,Responsive,1,246.68,259.01,51.80,310.81,253.83,25.38,38.07,164.99,25.38,4.11,2026-04-14T08:50:00,2026-04-14T08:50:00,2026-04-28T08:50:00,2026-04-22T11:50:00,Completed,Met
WO701160,SR701160,5154,CCSS,UEL,PCBRICK,Responsive,1,367.77,386.16,77.23,463.39,452.24,37.84,56.77,319.79,37.84,6.13,2026-04-14T11:54:00,2026-04-14T11:54:00,2026-04-15T11:54:00,2026-04-15T08:54:00,Completed,Met
WO701161,SR701161,5107,PHJONESGAS,UEL,PCVINYL,Responsive,1,135.76,142.55,28.51,171.06,139.70,13.97,20.95,90.80,13.97,2.26,2026-04-14T12:42:00,2026-04-14T12:42:00,2026-04-15T12:42:00,2026-04-15T09:42:00,Completed,Met
WO701162,SR701162,5148,KPIF,E,PCCARP,Responsive,1,258.75,271.69,54.34,326.03,266.26,146.44,93.19,0.00,26.63,4.31,2026-04-14T08:35:00,2026-04-14T08:35:00,2026-04-15T08:35:00,2026-04-15T08:35:00,Completed,Met
WO701163,SR701163,5193,KPIF,UEL,PCVINYL,Responsive,1,175.01,183.76,36.75,220.51,180.08,99.04,63.03,0.00,18.01,2.92,2026-04-14T11:38:00,2026-04-14T11:38:00,2026-04-15T11:38:00,,Open,Open
WO701164,SR701164,5189,CCSS,UEL,PCPLUMB,Responsive,1,250.93,263.48,52.70,316.18,308.56,25.82,38.73,218.19,25.82,4.18,2026-04-14T09:26:00,2026-04-14T09:26:00,2026-04-15T09:26:00,2026-04-15T03:26:00,Completed,Met
WO701165,SR701165,5189,KPIF,UEL,PCVINYL,Responsive,1,209.98,220.48,44.10,264.58,216.07,118.84,75.62,0.00,21.61,3.50,2026-04-14T09:40:00,2026-04-14T09:40:00,2026-04-15T09:40:00,2026-04-14T21:40:00,Completed,Met
WO701166,SR701166,5119,CCSS,Q,PCVINYL,Responsive,1,211.03,221.58,44.32,265.90,259.50,21.72,32.57,183.50,21.71,3.52,2026-04-14T12:57:00,2026-04-14T12:57:00,2026-05-12T12:57:00,2026-04-24T01:57:00,Completed,Met
WO701167,SR701167,5236,IHREPAIRS,QEL,PCFENCE,Responsive,1,322.09,338.19,67.64,405.83,331.43,182.29,116.00,0.00,33.14,5.37,2026-04-14T09:17:00,2026-04-14T09:17:00,2026-04-28T09:17:00,2026-04-22T13:17:00,Completed,Met
WO701168,SR701168,5272,CCSS,Q,PCTILE,Responsive,1,149.29,156.75,31.35,188.10,183.58,15.36,23.04,129.81,15.36,2.49,2026-04-14T10:15:00,2026-04-14T10:15:00,2026-05-12T10:15:00,2026-04-30T11:15:00,Completed,Met
WO701169,SR701169,5228,IHREPAIRS,Q,PCPLUMB,Responsive,1,258.78,271.72,54.34,326.06,266.29,146.46,93.20,0.00,26.63,4.31,2026-04-14T11:47:00,2026-04-14T11:47:00,2026-05-12T11:47:00,2026-05-02T06:47:00,Completed,Met
WO701170,SR701170,5276,KPIF,Q,PCGROUND,Responsive,1,305.93,321.23,64.25,385.48,314.81,173.15,110.18,0.00,31.48,5.10,2026-04-14T11:09:00,2026-04-14T11:09:00,2026-05-12T11:09:00,2026-04-29T03:09:00,Completed,Met
WO701171,SR701171,5214,KPIF,UEL,PCPLAST,Responsive,1,168.10,176.50,35.30,211.80,172.97,95.13,60.54,0.00,17.30,2.80,2026-04-14T12:21:00,2026-04-14T12:21:00,2026-04-15T12:21:00,2026-04-15T06:21:00,Completed,Met
WO701172,SR701172,5225,KPIF,UEL,PCCARP,Responsive,1,167.24,175.60,35.12,210.72,172.09,94.65,60.23,0.00,17.21,2.79,2026-04-14T11:07:00,2026-04-14T11:07:00,2026-04-15T11:07:00,2026-04-15T07:07:00,Completed,Met
WO701173,SR701173,5260,KPIF,Q,PCCARP,Responsive,1,187.20,196.56,39.31,235.87,192.63,105.95,67.42,0.00,19.26,3.12,2026-04-14T12:25:00,2026-04-14T12:25:00,2026-05-12T12:25:00,2026-05-01T19:25:00,Completed,Met
WO701174,SR701174,5258,BRADLEY,UEL,PCFENCE,Responsive,1,307.57,322.95,64.59,387.54,316.49,31.65,47.47,205.72,31.65,5.13,2026-04-14T09:13:00,2026-04-14T09:13:00,2026-04-15T09:13:00,2026-04-14T21:13:00,Completed,Met
WO701175,SR701175,5256,KPIF,UEL,PCGROUND,Responsive,1,471.55,495.13,99.03,594.16,485.23,266.88,169.83,0.00,48.52,7.86,2026-04-14T11:39:00,2026-04-14T11:39:00,2026-04-15T11:39:00,2026-04-15T07:39:00,Completed,Met
WO701176,SR701176,5255,KPIF,UEL,PCTILE,Responsive,1,198.86,208.80,41.76,250.56,204.62,112.54,71.62,0.00,20.46,3.31,2026-04-14T13:34:00,2026-04-14T13:34:00,2026-04-15T13:34:00,2026-04-15T02:34:00,Completed,Met
WO701177,SR701177,5214,PHJONESGAS,Q,PCPLUMB,Responsive,1,300.74,315.78,63.16,378.94,309.46,30.95,46.42,201.15,30.95,5.01,2026-04-14T10:22:00,2026-04-14T10:22:00,2026-05-12T10:22:00,2026-05-10T03:22:00,Completed,Met
WO701178,SR701178,5231,KPIF,Q,PCCARP,Responsive,1,148.65,156.08,31.22,187.30,152.96,84.13,53.54,0.00,15.30,2.48,2026-04-14T13:47:00,2026-04-14T13:47:00,2026-05-12T13:47:00,2026-04-29T13:47:00,Completed,Met
WO701179,SR701179,5229,KPIF,Q,PCBRICK,Responsive,1,358.82,376.76,75.35,452.11,369.22,203.07,129.23,0.00,36.92,5.98,2026-04-14T10:14:00,2026-04-14T10:14:00,2026-05-12T10:14:00,2026-04-28T13:14:00,Completed,Met
WO701180,SR701180,5294,IHREPAIRS,U1,PCPLUMB,Responsive,1,190.84,200.38,40.08,240.46,196.37,108.00,68.73,0.00,19.64,3.18,2026-04-14T14:28:00,2026-04-14T14:28:00,2026-04-16T14:28:00,2026-04-15T07:28:00,Completed,Met
WO701181,SR701181,5289,CCSS,U1,PCTILE,Responsive,1,217.06,227.91,45.58,273.49,266.90,22.34,33.50,188.73,22.33,3.62,2026-04-14T09:55:00,2026-04-14T09:55:00,2026-04-16T09:55:00,2026-04-15T21:55:00,Completed,Met
WO701182,SR701182,5202,KPIF,Q,PCELEC,Responsive,1,240.56,252.59,50.52,303.11,247.54,136.15,86.64,0.00,24.75,4.01,2026-04-14T10:45:00,2026-04-14T10:45:00,2026-05-12T10:45:00,2026-05-03T17:45:00,Completed,Met
WO701183,SR701183,5202,IHREPAIRS,NG,PCFENCE,Responsive,1,239.24,251.20,50.24,301.44,246.18,135.40,86.16,0.00,24.62,3.99,2026-04-14T12:40:00,2026-04-14T12:40:00,2026-04-28T12:40:00,,Open,Open
WO701184,SR701184,5203,IHREPAIRS,QEL,PCBRICK,Responsive,1,220.52,231.55,46.31,277.86,226.92,124.81,79.42,0.00,22.69,3.68,2026-04-14T09:55:00,2026-04-14T09:55:00,2026-04-28T09:55:00,2026-04-22T22:55:00,Completed,Met
WO701185,SR701185,5295,CCSS,Q,PCFENCE,Responsive,1,338.13,355.04,71.01,426.05,415.79,34.79,52.19,294.01,34.79,5.64,2026-04-14T13:09:00,2026-04-14T13:09:00,2026-05-12T13:09:00,2026-05-01T01:09:00,Completed,Met
WO701186,SR701186,5202,KPIF,UEL,PCFENCE,Responsive,1,181.78,190.87,38.17,229.04,187.05,102.88,65.47,0.00,18.70,3.03,2026-04-14T12:55:00,2026-04-14T12:55:00,2026-04-15T12:55:00,2026-04-15T03:55:00,Completed,Met
WO701187,SR701187,5277,CCSS,U1,PCELEC,Responsive,1,276.86,290.70,58.14,348.84,340.44,28.49,42.73,240.73,28.49,4.61,2026-04-14T13:57:00,2026-04-14T13:57:00,2026-04-16T13:57:00,2026-04-16T20:57:00,Completed,Breached
WO701188,SR701188,5285,KPIF,Q,PCPLAST,Responsive,1,103.25,108.41,21.68,130.09,106.24,58.43,37.18,0.00,10.62,1.72,2026-04-14T13:25:00,2026-04-14T13:25:00,2026-05-12T13:25:00,2026-04-30T11:25:00,Completed,Met
WO701189,SR701189,5096,PHJONESGAS,U1,PCCARP,Responsive,1,196.26,206.07,41.21,247.28,201.95,20.20,30.29,131.27,20.19,3.27,2026-04-15T13:57:00,2026-04-15T13:57:00,2026-04-17T13:57:00,2026-04-16T23:57:00,Completed,Met
WO701190,SR701190,5070,BRADLEY,NG,PCELEC,Responsive,1,330.23,346.74,69.35,416.09,339.81,33.98,50.97,220.88,33.98,5.50,2026-04-15T09:59:00,2026-04-15T09:59:00,2026-04-29T09:59:00,2026-04-23T08:59:00,Completed,Met
WO701191,SR701191,5051,KPIF,QEL,PCVINYL,Responsive,1,232.25,243.86,48.77,292.63,238.98,131.44,83.64,0.00,23.90,3.87,2026-04-15T10:07:00,2026-04-15T10:07:00,2026-04-29T10:07:00,2026-04-27T02:07:00,Completed,Met
WO701192,SR701192,5079,KPIF,Q,PCCARP,Responsive,1,263.11,276.27,55.25,331.52,270.74,148.91,94.76,0.00,27.07,4.39,2026-04-15T11:27:00,2026-04-15T11:27:00,2026-05-13T11:27:00,2026-04-28T17:27:00,Completed,Met
WO701193,SR701193,5088,KPIF,Q,PCPLAST,Responsive,1,162.67,170.80,34.16,204.96,167.38,92.06,58.58,0.00,16.74,2.71,2026-04-15T10:58:00,2026-04-15T10:58:00,2026-05-13T10:58:00,2026-04-26T07:58:00,Completed,Met
WO701194,SR701194,5037,KPIF,QEL,PCCARP,Responsive,1,239.27,251.23,50.25,301.48,246.21,135.42,86.17,0.00,24.62,3.99,2026-04-15T08:50:00,2026-04-15T08:50:00,2026-04-29T08:50:00,2026-04-24T19:50:00,Completed,Met
WO701195,SR701195,5063,KPIF,E,PCBRICK,Responsive,1,329.67,346.15,69.23,415.38,339.23,186.58,118.73,0.00,33.92,5.49,2026-04-15T08:30:00,2026-04-15T08:30:00,2026-04-16T08:30:00,2026-04-16T00:30:00,Completed,Met
WO701196,SR701196,5065,KPIF,U1,PCGROUND,Responsive,1,503.67,528.85,105.77,634.62,518.27,285.05,181.39,0.00,51.83,8.39,2026-04-15T10:48:00,2026-04-15T10:48:00,2026-04-17T10:48:00,2026-04-17T00:48:00,Completed,Met
WO701197,SR701197,5011,IHREPAIRS,UEL,PCBRICK,Responsive,1,406.77,427.11,85.42,512.53,418.57,230.21,146.50,0.00,41.86,6.78,2026-04-15T11:31:00,2026-04-15T11:31:00,2026-04-16T11:31:00,2026-04-16T01:31:00,Completed,Met
WO701198,SR701198,5052,BRADLEY,QEL,PCCARP,Responsive,1,218.74,229.68,45.94,275.62,225.09,22.51,33.76,146.31,22.51,3.65,2026-04-15T13:35:00,2026-04-15T13:35:00,2026-04-29T13:35:00,2026-04-22T14:35:00,Completed,Met
WO701199,SR701199,5042,KPIF,Q,PCPLAST,Responsive,1,212.06,222.66,44.53,267.19,218.21,120.02,76.37,0.00,21.82,3.53,2026-04-15T09:39:00,2026-04-15T09:39:00,2026-05-13T09:39:00,2026-04-28T22:39:00,Completed,Met
WO701200,SR701200,5039,KPIF,Q,PCELEC,Responsive,1,292.48,307.10,61.42,368.52,300.96,165.53,105.34,0.00,30.10,4.87,2026-04-15T12:13:00,2026-04-15T12:13:00,2026-05-13T12:13:00,2026-05-07T22:13:00,Completed,Met
WO701201,SR701201,5065,KPIF,Q,PCFENCE,Responsive,1,266.55,279.88,55.98,335.86,274.28,150.85,96.00,0.00,27.43,4.44,2026-04-15T12:05:00,2026-04-15T12:05:00,2026-05-13T12:05:00,2026-05-08T08:05:00,Completed,Met
WO701202,SR701202,5004,KPIF,U1,PCVINYL,Responsive,1,169.19,177.65,35.53,213.18,174.10,95.76,60.93,0.00,17.41,2.82,2026-04-15T11:04:00,2026-04-15T11:04:00,2026-04-17T11:04:00,2026-04-16T18:04:00,Completed,Met
WO701203,SR701203,5080,BRADLEY,QEL,PCGROUND,Responsive,1,336.34,353.16,70.63,423.79,346.10,34.61,51.91,224.97,34.61,5.61,2026-04-15T08:57:00,2026-04-15T08:57:00,2026-04-29T08:57:00,2026-04-23T19:57:00,Completed,Met
WO701204,SR701204,5001,BRADLEY,QEL,PCELEC,Responsive,1,243.33,255.50,51.10,306.60,250.39,25.04,37.56,162.75,25.04,4.06,2026-04-15T12:25:00,2026-04-15T12:25:00,2026-04-29T12:25:00,2026-04-24T12:25:00,Completed,Met
WO701205,SR701205,5084,KPIF,UEL,PCCARP,Responsive,1,160.16,168.17,33.63,201.80,164.81,90.65,57.68,0.00,16.48,2.67,2026-04-15T10:58:00,2026-04-15T10:58:00,2026-04-16T10:58:00,2026-04-15T17:58:00,Completed,Met
WO701206,SR701206,5016,KPIF,Q,PCGROUND,Responsive,1,400.33,420.35,84.07,504.42,411.94,226.57,144.18,0.00,41.19,6.67,2026-04-15T10:14:00,2026-04-15T10:14:00,2026-05-13T10:14:00,2026-04-25T01:14:00,Completed,Met
WO701207,SR701207,5018,IHREPAIRS,QEL,PCTILE,Responsive,1,183.59,192.77,38.55,231.32,188.91,103.90,66.12,0.00,18.89,3.06,2026-04-15T09:49:00,2026-04-15T09:49:00,2026-04-29T09:49:00,2026-04-23T00:49:00,Completed,Met
WO701208,SR701208,5001,KPIF,Q,PCELEC,Responsive,1,260.01,273.01,54.60,327.61,267.55,147.15,93.64,0.00,26.75,4.33,2026-04-15T09:04:00,2026-04-15T09:04:00,2026-05-13T09:04:00,2026-05-09T19:04:00,Completed,Met
WO701209,SR701209,5013,IHREPAIRS,U1,PCTILE,Responsive,1,163.37,171.54,34.31,205.85,168.11,92.46,58.84,0.00,16.81,2.72,2026-04-15T12:48:00,2026-04-15T12:48:00,2026-04-17T12:48:00,2026-04-16T13:48:00,Completed,Met
WO701210,SR701210,5052,OPENVIEW,NG,PCELEC,Responsive,1,324.33,340.55,68.11,408.66,333.74,33.37,50.06,216.93,33.37,5.41,2026-04-15T13:09:00,2026-04-15T13:09:00,2026-04-29T13:09:00,2026-04-23T16:09:00,Completed,Met
WO701211,SR701211,5185,IHREPAIRS,Q,PCCARP,Responsive,1,221.61,232.69,46.54,279.23,228.04,125.42,79.81,0.00,22.80,3.69,2026-04-15T10:04:00,2026-04-15T10:04:00,2026-05-13T10:04:00,2026-05-08T00:04:00,Completed,Met
WO701212,SR701212,5166,IHREPAIRS,U1,PCGROUND,Responsive,1,247.90,260.30,52.06,312.36,255.09,140.30,89.28,0.00,25.51,4.13,2026-04-15T10:58:00,2026-04-15T10:58:00,2026-04-17T10:58:00,2026-04-16T02:58:00,Completed,Met
WO701213,SR701213,5186,CCSS,Q,PCBRICK,Responsive,1,343.70,360.88,72.18,433.06,422.62,35.37,53.05,298.84,35.37,5.73,2026-04-15T09:24:00,2026-04-15T09:24:00,2026-05-13T09:24:00,2026-04-22T04:24:00,Completed,Met
WO701214,SR701214,5137,KPIF,U1,PCELEC,Responsive,1,323.70,339.88,67.98,407.86,333.08,183.19,116.58,0.00,33.31,5.39,2026-04-15T13:27:00,2026-04-15T13:27:00,2026-04-17T13:27:00,2026-04-16T13:27:00,Completed,Met
WO701215,SR701215,5180,BRADLEY,E,PCELEC,Responsive,1,275.02,288.77,57.75,346.52,282.99,28.30,42.45,183.94,28.30,4.58,2026-04-15T09:41:00,2026-04-15T09:41:00,2026-04-16T09:41:00,2026-04-15T15:41:00,Completed,Met
WO701216,SR701216,5121,OPENVIEW,Q,PCFENCE,Responsive,1,344.16,361.37,72.27,433.64,354.14,35.41,53.12,230.19,35.41,5.74,2026-04-15T10:17:00,2026-04-15T10:17:00,2026-05-13T10:17:00,2026-04-27T02:17:00,Completed,Met
WO701217,SR701217,5109,KPIF,Q,PCPLAST,Responsive,1,248.31,260.73,52.15,312.88,255.52,140.54,89.43,0.00,25.55,4.14,2026-04-15T13:18:00,2026-04-15T13:18:00,2026-05-13T13:18:00,2026-04-27T14:18:00,Completed,Met
WO701218,SR701218,5136,KPIF,QEL,PCBRICK,Responsive,1,335.05,351.80,70.36,422.16,344.76,189.62,120.67,0.00,34.48,5.58,2026-04-15T14:00:00,2026-04-15T14:00:00,2026-04-29T14:00:00,2026-04-16T20:00:00,Completed,Met
WO701219,SR701219,5124,IHREPAIRS,QEL,PCGROUND,Responsive,1,316.86,332.70,66.54,399.24,326.05,179.33,114.12,0.00,32.60,5.28,2026-04-15T09:36:00,2026-04-15T09:36:00,2026-04-29T09:36:00,2026-04-22T13:36:00,Completed,Met
WO701220,SR701220,5175,KPIF,E,PCVINYL,Responsive,1,278.20,292.11,58.42,350.53,286.27,157.45,100.19,0.00,28.63,4.64,2026-04-15T09:51:00,2026-04-15T09:51:00,2026-04-16T09:51:00,2026-04-16T00:51:00,Completed,Met
WO701221,SR701221,5187,KPIF,UEL,PCELEC,Responsive,1,319.36,335.33,67.07,402.40,328.62,180.74,115.02,0.00,32.86,5.32,2026-04-15T10:31:00,2026-04-15T10:31:00,2026-04-16T10:31:00,2026-04-16T08:31:00,Completed,Met
WO701222,SR701222,5150,KPIF,QEL,PCVINYL,Responsive,1,270.54,284.07,56.81,340.88,278.39,153.11,97.44,0.00,27.84,4.51,2026-04-15T10:38:00,2026-04-15T10:38:00,2026-04-29T10:38:00,2026-04-27T21:38:00,Completed,Met
WO701223,SR701223,5198,OPENVIEW,Q,PCFENCE,Responsive,1,350.40,367.92,73.58,441.50,360.56,36.06,54.08,234.36,36.06,5.84,2026-04-15T09:59:00,2026-04-15T09:59:00,2026-05-13T09:59:00,2026-04-28T10:59:00,Completed,Met
WO701224,SR701224,5182,KPIF,U1,PCGROUND,Responsive,1,362.43,380.55,76.11,456.66,372.94,205.12,130.53,0.00,37.29,6.04,2026-04-15T12:14:00,2026-04-15T12:14:00,2026-04-17T12:14:00,2026-04-16T13:14:00,Completed,Met
WO701225,SR701225,5156,KPIF,QEL,PCGROUND,Responsive,1,438.39,460.31,92.06,552.37,451.10,248.11,157.88,0.00,45.11,7.31,2026-04-15T13:28:00,2026-04-15T13:28:00,2026-04-29T13:28:00,2026-04-30T23:28:00,Completed,Breached
WO701226,SR701226,5105,KPIF,QEL,PCPLAST,Responsive,1,170.05,178.55,35.71,214.26,174.98,96.24,61.24,0.00,17.50,2.83,2026-04-15T11:58:00,2026-04-15T11:58:00,2026-04-29T11:58:00,2026-04-18T18:58:00,Completed,Met
WO701227,SR701227,5188,OPENVIEW,Q,PCGROUND,Responsive,1,333.13,349.79,69.96,419.75,342.79,34.28,51.42,222.81,34.28,5.55,2026-04-15T13:22:00,2026-04-15T13:22:00,2026-05-13T13:22:00,2026-05-05T10:22:00,Completed,Met
WO701228,SR701228,5172,KPIF,QEL,PCPLAST,Responsive,1,209.69,220.17,44.03,264.20,215.77,118.67,75.52,0.00,21.58,3.49,2026-04-15T13:50:00,2026-04-15T13:50:00,2026-04-29T13:50:00,2026-04-23T04:50:00,Completed,Met
WO701229,SR701229,5167,IHREPAIRS,U1,PCBRICK,Responsive,1,289.26,303.72,60.74,364.46,297.65,163.71,104.18,0.00,29.76,4.82,2026-04-15T08:56:00,2026-04-15T08:56:00,2026-04-17T08:56:00,2026-04-16T05:56:00,Completed,Met
WO701230,SR701230,5138,KPIF,Q,PCBRICK,Responsive,1,315.48,331.25,66.25,397.50,324.62,178.54,113.62,0.00,32.46,5.26,2026-04-15T09:50:00,2026-04-15T09:50:00,2026-05-13T09:50:00,2026-05-04T08:50:00,Completed,Met
WO701231,SR701231,5167,IHREPAIRS,UEL,PCGROUND,Responsive,1,376.15,394.96,78.99,473.95,387.06,212.88,135.47,0.00,38.71,6.27,2026-04-15T13:09:00,2026-04-15T13:09:00,2026-04-16T13:09:00,2026-04-16T02:09:00,Completed,Met
WO701232,SR701232,5134,KPIF,E,PCPLUMB,Responsive,1,303.37,318.54,63.71,382.25,312.17,171.69,109.26,0.00,31.22,5.06,2026-04-15T10:12:00,2026-04-15T10:12:00,2026-04-16T10:12:00,2026-04-15T20:12:00,Completed,Met
WO701233,SR701233,5271,IHREPAIRS,QEL,PCFENCE,Responsive,1,299.53,314.51,62.90,377.41,308.22,169.52,107.88,0.00,30.82,4.99,2026-04-15T09:01:00,2026-04-15T09:01:00,2026-04-29T09:01:00,2026-04-23T20:01:00,Completed,Met
WO701234,SR701234,5279,KPIF,Q,PCPLUMB,Responsive,1,205.60,215.88,43.18,259.06,211.56,116.36,74.05,0.00,21.16,3.43,2026-04-15T12:03:00,2026-04-15T12:03:00,2026-05-13T12:03:00,2026-04-26T00:03:00,Completed,Met
WO701235,SR701235,5271,KPIF,QEL,PCELEC,Responsive,1,293.35,308.02,61.60,369.62,301.86,166.02,105.65,0.00,30.19,4.89,2026-04-15T08:51:00,2026-04-15T08:51:00,2026-04-29T08:51:00,2026-04-26T08:51:00,Completed,Met
WO701236,SR701236,5245,CCSS,Q,PCVINYL,Responsive,1,221.80,232.89,46.58,279.47,272.74,22.82,34.23,192.85,22.82,3.70,2026-04-15T10:26:00,2026-04-15T10:26:00,2026-05-13T10:26:00,2026-05-04T02:26:00,Completed,Met
WO701237,SR701237,5226,KPIF,Q,PCGROUND,Responsive,1,316.68,332.51,66.50,399.01,325.86,179.22,114.05,0.00,32.59,5.28,2026-04-15T14:20:00,2026-04-15T14:20:00,2026-05-13T14:20:00,,Open,Open
WO701238,SR701238,5299,KPIF,Q,PCVINYL,Responsive,1,213.99,224.69,44.94,269.63,220.20,121.11,77.07,0.00,22.02,3.57,2026-04-15T12:08:00,2026-04-15T12:08:00,2026-05-13T12:08:00,2026-04-29T15:08:00,Completed,Met
WO701239,SR701239,5279,KPIF,Q,PCFENCE,Responsive,1,302.08,317.18,63.44,380.62,310.84,170.96,108.79,0.00,31.08,5.03,2026-04-15T08:59:00,2026-04-15T08:59:00,2026-05-13T08:59:00,,Open,Open
WO701240,SR701240,5253,PHJONESGAS,Q,PCGROUND,Responsive,1,369.99,388.49,77.70,466.19,380.72,38.07,57.11,247.47,38.07,6.17,2026-04-15T08:37:00,2026-04-15T08:37:00,2026-05-13T08:37:00,,Open,Open
WO701241,SR701241,5208,KPIF,Q,PCPLAST,Responsive,1,242.57,254.70,50.94,305.64,249.61,137.29,87.36,0.00,24.96,4.04,2026-04-15T11:10:00,2026-04-15T11:10:00,2026-05-13T11:10:00,2026-04-27T11:10:00,Completed,Met
WO701242,SR701242,5238,IHREPAIRS,Q,PCPLAST,Responsive,1,188.05,197.45,39.49,236.94,193.50,106.43,67.72,0.00,19.35,3.13,2026-04-15T09:32:00,2026-04-15T09:32:00,2026-05-13T09:32:00,2026-04-30T22:32:00,Completed,Met
WO701243,SR701243,5227,OPENVIEW,Q,PCELEC,Responsive,1,273.80,287.49,57.50,344.99,281.74,28.17,42.26,183.13,28.17,4.56,2026-04-15T10:22:00,2026-04-15T10:22:00,2026-05-13T10:22:00,2026-04-27T18:22:00,Completed,Met
WO701244,SR701244,5271,KPIF,QEL,PCBRICK,Responsive,1,385.30,404.57,80.91,485.48,396.48,218.06,138.77,0.00,39.65,6.42,2026-04-15T10:46:00,2026-04-15T10:46:00,2026-04-29T10:46:00,2026-04-22T08:46:00,Completed,Met
WO701245,SR701245,5245,IHREPAIRS,Q,PCVINYL,Responsive,1,261.32,274.39,54.88,329.27,268.90,147.90,94.11,0.00,26.89,4.36,2026-04-15T10:53:00,2026-04-15T10:53:00,2026-05-13T10:53:00,2026-05-13T02:53:00,Completed,Met
WO701246,SR701246,5267,IHREPAIRS,UEL,PCTILE,Responsive,1,198.10,208.00,41.60,249.60,203.84,112.11,71.34,0.00,20.38,3.30,2026-04-15T09:32:00,2026-04-15T09:32:00,2026-04-16T09:32:00,2026-04-15T17:32:00,Completed,Met
WO701247,SR701247,5231,KPIF,Q,PCELEC,Responsive,1,271.88,285.47,57.09,342.56,279.76,153.87,97.92,0.00,27.98,4.53,2026-04-15T09:28:00,2026-04-15T09:28:00,2026-05-13T09:28:00,2026-05-12T17:28:00,Completed,Met
WO701248,SR701248,5276,PHJONESGAS,UEL,PCVINYL,Responsive,1,273.42,287.09,57.42,344.51,281.35,28.14,42.20,182.88,28.13,4.56,2026-04-15T09:00:00,2026-04-15T09:00:00,2026-04-16T09:00:00,2026-04-15T22:00:00,Completed,Met
WO701249,SR701249,5249,KPIF,Q,PCVINYL,Responsive,1,258.54,271.47,54.29,325.76,266.04,146.32,93.11,0.00,26.60,4.31,2026-04-15T11:44:00,2026-04-15T11:44:00,2026-05-13T11:44:00,,Open,Open
WO701250,SR701250,5240,KPIF,Q,PCPLUMB,Responsive,1,201.23,211.29,42.26,253.55,207.06,113.88,72.47,0.00,20.71,3.35,2026-04-15T08:43:00,2026-04-15T08:43:00,2026-05-13T08:43:00,2026-05-10T01:43:00,Completed,Met
WO701251,SR701251,5234,KPIF,Q,PCTILE,Responsive,1,172.24,180.85,36.17,217.02,177.23,97.48,62.03,0.00,17.72,2.87,2026-04-15T13:48:00,2026-04-15T13:48:00,2026-05-13T13:48:00,2026-04-26T22:48:00,Completed,Met
WO701252,SR701252,5295,IHREPAIRS,QEL,PCPLUMB,Responsive,1,368.78,387.22,77.44,464.66,379.48,208.71,132.82,0.00,37.95,6.15,2026-04-15T14:17:00,2026-04-15T14:17:00,2026-04-29T14:17:00,2026-04-21T23:17:00,Completed,Met
WO701253,SR701253,5255,PHJONESGAS,UEL,PCGROUND,Responsive,1,242.23,254.34,50.87,305.21,249.25,24.93,37.39,162.01,24.92,4.04,2026-04-15T12:29:00,2026-04-15T12:29:00,2026-04-16T12:29:00,2026-04-16T02:29:00,Completed,Met
WO701254,SR701254,5202,PHJONESGAS,QEL,PCBRICK,Responsive,1,319.26,335.22,67.04,402.26,328.52,32.85,49.28,213.54,32.85,5.32,2026-04-15T09:13:00,2026-04-15T09:13:00,2026-04-29T09:13:00,2026-04-28T14:13:00,Completed,Met
WO701255,SR701255,5074,KPIF,E,PCVINYL,Responsive,1,161.78,169.87,33.97,203.84,166.47,91.56,58.26,0.00,16.65,2.70,2026-04-16T10:47:00,2026-04-16T10:47:00,2026-04-17T10:47:00,2026-04-16T19:47:00,Completed,Met
WO701256,SR701256,5078,IHREPAIRS,U1,PCPLUMB,Responsive,1,168.14,176.55,35.31,211.86,173.02,95.16,60.56,0.00,17.30,2.80,2026-04-16T11:14:00,2026-04-16T11:14:00,2026-04-18T11:14:00,2026-04-18T01:14:00,Completed,Met
WO701257,SR701257,5003,KPIF,E,PCELEC,Responsive,1,271.20,284.76,56.95,341.71,279.06,153.48,97.67,0.00,27.91,4.52,2026-04-16T11:33:00,2026-04-16T11:33:00,2026-04-17T11:33:00,2026-04-16T16:33:00,Completed,Met
WO701258,SR701258,5008,IHREPAIRS,UEL,PCCARP,Responsive,1,169.90,178.40,35.68,214.08,174.83,96.16,61.19,0.00,17.48,2.83,2026-04-16T11:10:00,2026-04-16T11:10:00,2026-04-17T11:10:00,2026-04-17T06:10:00,Completed,Met
WO701259,SR701259,5036,KPIF,QEL,PCBRICK,Responsive,1,423.75,444.94,88.99,533.93,436.04,239.82,152.61,0.00,43.60,7.06,2026-04-16T13:52:00,2026-04-16T13:52:00,2026-04-30T13:52:00,2026-04-27T12:52:00,Completed,Met
WO701260,SR701260,5030,KPIF,Q,PCCARP,Responsive,1,147.22,154.58,30.92,185.50,151.49,83.32,53.02,0.00,15.15,2.45,2026-04-16T12:49:00,2026-04-16T12:49:00,2026-05-14T12:49:00,,Open,Open
WO701261,SR701261,5092,CCSS,E,PCTILE,Responsive,1,159.20,167.16,33.43,200.59,195.76,16.38,24.57,138.42,16.38,2.65,2026-04-16T10:42:00,2026-04-16T10:42:00,2026-04-17T10:42:00,2026-04-17T01:42:00,Completed,Met
WO701262,SR701262,5046,IHREPAIRS,Q,PCGROUND,Responsive,1,465.59,488.87,97.77,586.64,479.09,263.50,167.68,0.00,47.91,7.76,2026-04-16T11:29:00,2026-04-16T11:29:00,2026-05-14T11:29:00,2026-05-08T09:29:00,Completed,Met
WO701263,SR701263,5010,IHREPAIRS,U1,PCTILE,Responsive,1,180.79,189.83,37.97,227.80,186.03,102.32,65.11,0.00,18.60,3.01,2026-04-16T14:18:00,2026-04-16T14:18:00,2026-04-18T14:18:00,2026-04-17T06:18:00,Completed,Met
WO701264,SR701264,5019,CCSS,UEL,PCPLUMB,Responsive,1,225.64,236.92,47.38,284.30,277.46,23.22,34.83,196.20,23.22,3.76,2026-04-16T11:21:00,2026-04-16T11:21:00,2026-04-17T11:21:00,2026-04-17T11:21:00,Completed,Met
WO701265,SR701265,5038,KPIF,U1,PCPLUMB,Responsive,1,234.83,246.57,49.31,295.88,241.64,132.90,84.57,0.00,24.16,3.91,2026-04-16T09:46:00,2026-04-16T09:46:00,2026-04-18T09:46:00,2026-04-17T15:46:00,Completed,Met
WO701266,SR701266,5041,CCSS,Q,PCGROUND,Responsive,1,239.72,251.71,50.34,302.05,294.78,24.67,37.00,208.44,24.67,4.00,2026-04-16T13:27:00,2026-04-16T13:27:00,2026-05-14T13:27:00,2026-04-30T06:27:00,Completed,Met
WO701267,SR701267,5075,KPIF,Q,PCPLUMB,Responsive,1,248.20,260.61,52.12,312.73,255.40,140.47,89.39,0.00,25.54,4.14,2026-04-16T14:02:00,2026-04-16T14:02:00,2026-05-14T14:02:00,2026-05-05T08:02:00,Completed,Met
WO701268,SR701268,5029,IHREPAIRS,NG,PCGROUND,Responsive,1,400.90,420.94,84.19,505.13,412.52,226.89,144.38,0.00,41.25,6.68,2026-04-16T12:04:00,2026-04-16T12:04:00,2026-04-30T12:04:00,2026-04-23T12:04:00,Completed,Met
WO701269,SR701269,5007,IHREPAIRS,Q,PCELEC,Responsive,1,348.35,365.77,73.15,438.92,358.45,197.15,125.46,0.00,35.84,5.81,2026-04-16T11:12:00,2026-04-16T11:12:00,2026-05-14T11:12:00,2026-05-01T23:12:00,Completed,Met
WO701270,SR701270,5032,CCSS,UEL,PCFENCE,Responsive,1,323.51,339.69,67.94,407.63,397.81,33.29,49.93,281.29,33.29,5.39,2026-04-16T11:35:00,2026-04-16T11:35:00,2026-04-17T11:35:00,2026-04-17T01:35:00,Completed,Met
WO701271,SR701271,5089,PHJONESGAS,Q,PCTILE,Responsive,1,180.47,189.49,37.90,227.39,185.70,18.57,27.85,120.70,18.57,3.01,2026-04-16T11:59:00,2026-04-16T11:59:00,2026-05-14T11:59:00,2026-04-29T21:59:00,Completed,Met
WO701272,SR701272,5047,KPIF,Q,PCELEC,Responsive,1,347.08,364.43,72.89,437.32,357.14,196.43,125.00,0.00,35.71,5.78,2026-04-16T12:04:00,2026-04-16T12:04:00,2026-05-14T12:04:00,2026-05-04T15:04:00,Completed,Met
WO701273,SR701273,5069,KPIF,QEL,PCTILE,Responsive,1,126.07,132.37,26.47,158.84,129.72,71.35,45.40,0.00,12.97,2.10,2026-04-16T13:29:00,2026-04-16T13:29:00,2026-04-30T13:29:00,2026-04-23T00:29:00,Completed,Met
WO701274,SR701274,5044,KPIF,U1,PCFENCE,Responsive,1,273.06,286.71,57.34,344.05,280.98,154.54,98.34,0.00,28.10,4.55,2026-04-16T12:48:00,2026-04-16T12:48:00,2026-04-18T12:48:00,2026-04-18T05:48:00,Completed,Met
WO701275,SR701275,5099,BRADLEY,QEL,PCTILE,Responsive,1,185.99,195.29,39.06,234.35,191.38,19.14,28.71,124.40,19.14,3.10,2026-04-16T08:37:00,2026-04-16T08:37:00,2026-04-30T08:37:00,2026-04-26T04:37:00,Completed,Met
WO701276,SR701276,5092,KPIF,Q,PCELEC,Responsive,1,251.10,263.66,52.73,316.39,258.39,142.11,90.44,0.00,25.84,4.18,2026-04-16T08:47:00,2026-04-16T08:47:00,2026-05-14T08:47:00,2026-05-03T18:47:00,Completed,Met
WO701277,SR701277,5110,IHREPAIRS,Q,PCPLAST,Responsive,1,180.94,189.99,38.00,227.99,186.19,102.40,65.17,0.00,18.62,3.02,2026-04-16T11:48:00,2026-04-16T11:48:00,2026-05-14T11:48:00,2026-05-07T13:48:00,Completed,Met
WO701278,SR701278,5172,KPIF,Q,PCTILE,Responsive,1,138.32,145.24,29.05,174.29,142.34,78.29,49.82,0.00,14.23,2.31,2026-04-16T11:22:00,2026-04-16T11:22:00,2026-05-14T11:22:00,2026-04-26T17:22:00,Completed,Met
WO701279,SR701279,5106,KPIF,Q,PCCARP,Responsive,1,155.65,163.43,32.69,196.12,160.16,88.09,56.06,0.00,16.02,2.59,2026-04-16T12:19:00,2026-04-16T12:19:00,2026-05-14T12:19:00,2026-05-09T23:19:00,Completed,Met
WO701280,SR701280,5156,CCSS,Q,PCBRICK,Responsive,1,244.18,256.39,51.28,307.67,300.26,25.13,37.69,212.32,25.13,4.07,2026-04-16T10:03:00,2026-04-16T10:03:00,2026-05-14T10:03:00,2026-05-01T23:03:00,Completed,Met
WO701281,SR701281,5166,KPIF,U1,PCCARP,Responsive,1,214.22,224.93,44.99,269.92,220.43,121.24,77.15,0.00,22.04,3.57,2026-04-16T13:33:00,2026-04-16T13:33:00,2026-04-18T13:33:00,2026-04-17T08:33:00,Completed,Met
WO701282,SR701282,5157,IHREPAIRS,Q,PCPLAST,Responsive,1,241.72,253.81,50.76,304.57,248.73,136.80,87.06,0.00,24.87,4.03,2026-04-16T09:19:00,2026-04-16T09:19:00,2026-05-14T09:19:00,,Open,Open
WO701283,SR701283,5167,OPENVIEW,Q,PCGROUND,Responsive,1,480.88,504.92,100.98,605.90,494.82,49.48,74.22,321.63,49.48,8.01,2026-04-16T12:08:00,2026-04-16T12:08:00,2026-05-14T12:08:00,2026-05-02T02:08:00,Completed,Met
WO701284,SR701284,5119,CCSS,QEL,PCPLUMB,Responsive,1,254.75,267.49,53.50,320.99,313.26,26.21,39.32,221.51,26.21,4.25,2026-04-16T10:17:00,2026-04-16T10:17:00,2026-04-30T10:17:00,2026-04-22T18:17:00,Completed,Met
WO701285,SR701285,5141,KPIF,Q,PCCARP,Responsive,1,214.44,225.16,45.03,270.19,220.66,121.36,77.23,0.00,22.07,3.57,2026-04-16T10:57:00,2026-04-16T10:57:00,2026-05-14T10:57:00,2026-05-02T07:57:00,Completed,Met
WO701286,SR701286,5137,CCSS,NG,PCBRICK,Responsive,1,292.52,307.15,61.43,368.58,359.71,30.10,45.15,254.36,30.10,4.88,2026-04-16T10:28:00,2026-04-16T10:28:00,2026-04-30T10:28:00,2026-04-24T01:28:00,Completed,Met
WO701287,SR701287,5166,BRADLEY,E,PCPLAST,Responsive,1,194.40,204.12,40.82,244.94,200.04,20.00,30.01,130.03,20.00,3.24,2026-04-16T13:06:00,2026-04-16T13:06:00,2026-04-17T13:06:00,2026-04-17T00:06:00,Completed,Met
WO701288,SR701288,5104,PHJONESGAS,U1,PCFENCE,Responsive,1,304.36,319.58,63.92,383.50,313.19,31.32,46.98,203.57,31.32,5.07,2026-04-16T13:22:00,2026-04-16T13:22:00,2026-04-18T13:22:00,2026-04-17T08:22:00,Completed,Met
WO701289,SR701289,5159,CCSS,QEL,PCBRICK,Responsive,1,340.98,358.03,71.61,429.64,419.29,35.09,52.63,296.49,35.09,5.68,2026-04-16T09:31:00,2026-04-16T09:31:00,2026-04-30T09:31:00,2026-04-21T23:31:00,Completed,Met
WO701290,SR701290,5118,KPIF,Q,PCBRICK,Responsive,1,230.23,241.74,48.35,290.09,236.91,130.30,82.92,0.00,23.69,3.84,2026-04-16T11:31:00,2026-04-16T11:31:00,2026-05-14T11:31:00,2026-05-06T07:31:00,Completed,Met
WO701291,SR701291,5110,KPIF,U1,PCFENCE,Responsive,1,235.78,247.57,49.51,297.08,242.62,133.44,84.92,0.00,24.26,3.93,2026-04-16T12:22:00,2026-04-16T12:22:00,2026-04-18T12:22:00,2026-04-17T08:22:00,Completed,Met
WO701292,SR701292,5191,KPIF,QEL,PCFENCE,Responsive,1,243.05,255.20,51.04,306.24,250.10,137.56,87.53,0.00,25.01,4.05,2026-04-16T09:21:00,2026-04-16T09:21:00,2026-04-30T09:21:00,2026-04-29T07:21:00,Completed,Met
WO701293,SR701293,5172,IHREPAIRS,QEL,PCPLUMB,Responsive,1,271.81,285.40,57.08,342.48,279.69,153.83,97.89,0.00,27.97,4.53,2026-04-16T10:35:00,2026-04-16T10:35:00,2026-04-30T10:35:00,2026-04-26T14:35:00,Completed,Met
WO701294,SR701294,5187,KPIF,UEL,PCTILE,Responsive,1,136.65,143.48,28.70,172.18,140.61,77.34,49.21,0.00,14.06,2.28,2026-04-16T10:05:00,2026-04-16T10:05:00,2026-04-17T10:05:00,2026-04-16T23:05:00,Completed,Met
WO701295,SR701295,5112,CCSS,QEL,PCGROUND,Responsive,1,444.38,466.60,93.32,559.92,546.44,45.73,68.59,386.40,45.73,7.41,2026-04-16T08:31:00,2026-04-16T08:31:00,2026-04-30T08:31:00,2026-04-21T18:31:00,Completed,Met
WO701296,SR701296,5191,CCSS,E,PCPLAST,Responsive,1,232.57,244.20,48.84,293.04,285.99,23.93,35.90,202.23,23.93,3.88,2026-04-16T13:44:00,2026-04-16T13:44:00,2026-04-17T13:44:00,2026-04-16T22:44:00,Completed,Met
WO701297,SR701297,5162,KPIF,Q,PCGROUND,Responsive,1,283.27,297.43,59.49,356.92,291.48,160.31,102.02,0.00,29.15,4.72,2026-04-16T11:03:00,2026-04-16T11:03:00,2026-05-14T11:03:00,2026-05-09T10:03:00,Completed,Met
WO701298,SR701298,5163,IHREPAIRS,Q,PCVINYL,Responsive,1,231.02,242.57,48.51,291.08,237.72,130.75,83.20,0.00,23.77,3.85,2026-04-16T11:01:00,2026-04-16T11:01:00,2026-05-14T11:01:00,2026-05-05T12:01:00,Completed,Met
WO701299,SR701299,5297,KPIF,Q,PCBRICK,Responsive,1,295.64,310.42,62.08,372.50,304.21,167.32,106.47,0.00,30.42,4.93,2026-04-16T10:36:00,2026-04-16T10:36:00,2026-05-14T10:36:00,2026-05-01T18:36:00,Completed,Met
WO701300,SR701300,5241,KPIF,Q,PCCARP,Responsive,1,143.15,150.31,30.06,180.37,147.30,81.02,51.55,0.00,14.73,2.39,2026-04-16T09:35:00,2026-04-16T09:35:00,2026-05-14T09:35:00,2026-05-04T03:35:00,Completed,Met
WO701301,SR701301,5263,KPIF,Q,PCVINYL,Responsive,1,216.09,226.89,45.38,272.27,222.35,122.29,77.82,0.00,22.23,3.60,2026-04-16T10:47:00,2026-04-16T10:47:00,2026-05-14T10:47:00,2026-04-21T11:47:00,Completed,Met
WO701302,SR701302,5208,KPIF,QEL,PCGROUND,Responsive,1,481.08,505.13,101.03,606.16,495.03,272.27,173.26,0.00,49.50,8.02,2026-04-16T11:12:00,2026-04-16T11:12:00,2026-04-30T11:12:00,2026-04-20T12:12:00,Completed,Met
WO701303,SR701303,5234,CCSS,UEL,PCPLUMB,Responsive,1,230.03,241.53,48.31,289.84,282.86,23.67,35.50,200.00,23.67,3.83,2026-04-16T11:23:00,2026-04-16T11:23:00,2026-04-17T11:23:00,2026-04-17T00:23:00,Completed,Met
WO701304,SR701304,5229,CCSS,Q,PCPLAST,Responsive,1,184.04,193.24,38.65,231.89,226.31,18.94,28.41,160.03,18.94,3.07,2026-04-16T09:26:00,2026-04-16T09:26:00,2026-05-14T09:26:00,2026-05-10T11:26:00,Completed,Met
WO701305,SR701305,5278,CCSS,E,PCGROUND,Responsive,1,471.92,495.52,99.10,594.62,580.31,48.56,72.84,410.34,48.56,7.87,2026-04-16T11:44:00,2026-04-16T11:44:00,2026-04-17T11:44:00,2026-04-17T07:44:00,Completed,Met
WO701306,SR701306,5299,KPIF,E,PCGROUND,Responsive,1,447.41,469.78,93.96,563.74,460.38,253.21,161.13,0.00,46.04,7.46,2026-04-16T10:17:00,2026-04-16T10:17:00,2026-04-17T10:17:00,2026-04-16T22:17:00,Completed,Met
WO701307,SR701307,5269,KPIF,QEL,PCVINYL,Responsive,1,201.08,211.13,42.23,253.36,206.91,113.80,72.42,0.00,20.69,3.35,2026-04-16T09:52:00,2026-04-16T09:52:00,2026-04-30T09:52:00,2026-04-26T21:52:00,Completed,Met
WO701308,SR701308,5294,KPIF,QEL,PCTILE,Responsive,1,124.80,131.04,26.21,157.25,128.42,70.63,44.95,0.00,12.84,2.08,2026-04-16T08:40:00,2026-04-16T08:40:00,2026-04-30T08:40:00,2026-04-24T20:40:00,Completed,Met
WO701309,SR701309,5263,KPIF,U1,PCPLUMB,Responsive,1,191.49,201.06,40.21,241.27,197.04,108.37,68.96,0.00,19.70,3.19,2026-04-16T10:27:00,2026-04-16T10:27:00,2026-04-18T10:27:00,,Open,Open
WO701310,SR701310,5296,KPIF,QEL,PCCARP,Responsive,1,219.07,230.02,46.00,276.02,225.42,123.98,78.90,0.00,22.54,3.65,2026-04-16T11:55:00,2026-04-16T11:55:00,2026-04-30T11:55:00,2026-04-27T23:55:00,Completed,Met
WO701311,SR701311,5211,CCSS,U1,PCCARP,Responsive,1,186.74,196.08,39.22,235.30,229.63,19.22,28.82,162.37,19.22,3.11,2026-04-16T12:02:00,2026-04-16T12:02:00,2026-04-18T12:02:00,2026-04-18T08:02:00,Completed,Met
WO701312,SR701312,5220,CCSS,Q,PCCARP,Responsive,1,124.06,130.26,26.05,156.31,152.54,12.77,19.15,107.86,12.76,2.07,2026-04-16T10:09:00,2026-04-16T10:09:00,2026-05-14T10:09:00,2026-05-08T15:09:00,Completed,Met
WO701313,SR701313,5255,KPIF,Q,PCGROUND,Responsive,1,465.28,488.54,97.71,586.25,478.77,263.32,167.57,0.00,47.88,7.75,2026-04-16T12:24:00,2026-04-16T12:24:00,2026-05-14T12:24:00,2026-05-04T14:24:00,Completed,Met
WO701314,SR701314,5261,KPIF,UEL,PCVINYL,Responsive,1,202.98,213.13,42.63,255.76,208.87,114.88,73.10,0.00,20.89,3.38,2026-04-16T11:58:00,2026-04-16T11:58:00,2026-04-17T11:58:00,2026-04-16T20:58:00,Completed,Met
WO701315,SR701315,5269,KPIF,UEL,PCGROUND,Responsive,1,230.27,241.78,48.36,290.14,236.94,130.32,82.93,0.00,23.69,3.84,2026-04-16T12:44:00,2026-04-16T12:44:00,2026-04-17T12:44:00,2026-04-17T00:44:00,Completed,Met
WO701316,SR701316,5292,IHREPAIRS,Q,PCCARP,Responsive,1,194.16,203.87,40.77,244.64,199.79,109.88,69.93,0.00,19.98,3.24,2026-04-16T08:42:00,2026-04-16T08:42:00,2026-05-14T08:42:00,2026-04-29T21:42:00,Completed,Met
WO701317,SR701317,5273,KPIF,Q,PCCARP,Responsive,1,177.80,186.69,37.34,224.03,182.96,100.63,64.04,0.00,18.30,2.96,2026-04-16T13:52:00,2026-04-16T13:52:00,2026-05-14T13:52:00,2026-05-05T19:52:00,Completed,Met
WO701318,SR701318,5263,KPIF,U1,PCTILE,Responsive,1,151.93,159.53,31.91,191.44,156.34,85.99,54.72,0.00,15.63,2.53,2026-04-16T12:32:00,2026-04-16T12:32:00,2026-04-18T12:32:00,2026-04-16T22:32:00,Completed,Met
WO701319,SR701319,5208,KPIF,UEL,PCELEC,Responsive,1,248.99,261.44,52.29,313.73,256.21,140.92,89.67,0.00,25.62,4.15,2026-04-16T11:22:00,2026-04-16T11:22:00,2026-04-17T11:22:00,2026-04-17T02:22:00,Completed,Met
WO701320,SR701320,5277,KPIF,QEL,PCVINYL,Responsive,1,149.57,157.05,31.41,188.46,153.91,84.65,53.87,0.00,15.39,2.49,2026-04-16T10:17:00,2026-04-16T10:17:00,2026-04-30T10:17:00,2026-04-24T23:17:00,Completed,Met
WO701321,SR701321,5041,CCSS,UEL,PCTILE,Responsive,1,144.05,151.25,30.25,181.50,177.12,14.82,22.23,125.24,14.82,2.40,2026-04-17T12:53:00,2026-04-17T12:53:00,2026-04-18T12:53:00,2026-04-17T18:53:00,Completed,Met
WO701322,SR701322,5014,KPIF,Q,PCVINYL,Responsive,1,275.98,289.78,57.96,347.74,283.98,156.19,99.39,0.00,28.40,4.60,2026-04-17T08:36:00,2026-04-17T08:36:00,2026-05-15T08:36:00,2026-05-09T00:36:00,Completed,Met
WO701323,SR701323,5057,KPIF,E,PCCARP,Responsive,1,151.86,159.45,31.89,191.34,156.26,85.94,54.69,0.00,15.63,2.53,2026-04-17T09:57:00,2026-04-17T09:57:00,2026-04-18T09:57:00,2026-04-17T19:57:00,Completed,Met
WO701324,SR701324,5071,KPIF,Q,PCVINYL,Responsive,1,218.31,229.23,45.85,275.08,224.65,123.56,78.63,0.00,22.46,3.64,2026-04-17T12:12:00,2026-04-17T12:12:00,2026-05-15T12:12:00,2026-05-13T05:12:00,Completed,Met
WO701325,SR701325,5035,BRADLEY,UEL,PCGROUND,Responsive,1,376.98,395.83,79.17,475.00,387.91,38.79,58.19,252.14,38.79,6.28,2026-04-17T13:18:00,2026-04-17T13:18:00,2026-04-18T13:18:00,2026-04-18T01:18:00,Completed,Met
WO701326,SR701326,5027,KPIF,Q,PCFENCE,Responsive,1,323.75,339.94,67.99,407.93,333.14,183.23,116.60,0.00,33.31,5.40,2026-04-17T12:26:00,2026-04-17T12:26:00,2026-05-15T12:26:00,2026-05-05T12:26:00,Completed,Met
WO701327,SR701327,5018,OPENVIEW,Q,PCPLAST,Responsive,1,220.61,231.64,46.33,277.97,227.01,22.70,34.05,147.56,22.70,3.68,2026-04-17T08:35:00,2026-04-17T08:35:00,2026-05-15T08:35:00,2026-05-02T16:35:00,Completed,Met
WO701328,SR701328,5001,KPIF,Q,PCBRICK,Responsive,1,307.87,323.26,64.65,387.91,316.79,174.23,110.88,0.00,31.68,5.13,2026-04-17T09:18:00,2026-04-17T09:18:00,2026-05-15T09:18:00,,Open,Open
WO701329,SR701329,5060,IHREPAIRS,E,PCPLAST,Responsive,1,205.02,215.27,43.05,258.32,210.96,116.03,73.84,0.00,21.10,3.42,2026-04-17T10:25:00,2026-04-17T10:25:00,2026-04-18T10:25:00,2026-04-17T23:25:00,Completed,Met
WO701330,SR701330,5037,KPIF,Q,PCVINYL,Responsive,1,128.12,134.53,26.91,161.44,131.84,72.51,46.14,0.00,13.18,2.14,2026-04-17T13:49:00,2026-04-17T13:49:00,2026-05-15T13:49:00,2026-05-05T17:49:00,Completed,Met
WO701331,SR701331,5083,KPIF,U1,PCTILE,Responsive,1,182.10,191.21,38.24,229.45,187.39,103.06,65.59,0.00,18.74,3.03,2026-04-17T10:20:00,2026-04-17T10:20:00,2026-04-19T10:20:00,2026-04-18T13:20:00,Completed,Met
WO701332,SR701332,5067,CCSS,UEL,PCVINYL,Responsive,1,156.82,164.66,32.93,197.59,192.84,16.14,24.21,136.36,16.14,2.61,2026-04-17T13:33:00,2026-04-17T13:33:00,2026-04-18T13:33:00,2026-04-17T17:33:00,Completed,Met
WO701333,SR701333,5079,KPIF,UEL,PCELEC,Responsive,1,258.60,271.53,54.31,325.84,266.10,146.36,93.14,0.00,26.61,4.31,2026-04-17T10:28:00,2026-04-17T10:28:00,2026-04-18T10:28:00,2026-04-18T02:28:00,Completed,Met
WO701334,SR701334,5019,BRADLEY,U1,PCPLAST,Responsive,1,244.73,256.97,51.39,308.36,251.83,25.18,37.77,163.69,25.18,4.08,2026-04-17T11:15:00,2026-04-17T11:15:00,2026-04-19T11:15:00,2026-04-19T14:15:00,Completed,Breached
WO701335,SR701335,5057,KPIF,Q,PCVINYL,Responsive,1,190.67,200.20,40.04,240.24,196.20,107.91,68.67,0.00,19.62,3.18,2026-04-17T12:46:00,2026-04-17T12:46:00,2026-05-15T12:46:00,2026-05-04T13:46:00,Completed,Met
WO701336,SR701336,5100,KPIF,Q,PCVINYL,Responsive,1,234.59,246.32,49.26,295.58,241.39,132.76,84.49,0.00,24.14,3.91,2026-04-17T12:57:00,2026-04-17T12:57:00,2026-05-15T12:57:00,2026-05-03T09:57:00,Completed,Met
WO701337,SR701337,5028,OPENVIEW,QEL,PCPLAST,Responsive,1,161.01,169.06,33.81,202.87,165.68,16.57,24.85,107.69,16.57,2.68,2026-04-17T09:43:00,2026-04-17T09:43:00,2026-05-01T09:43:00,2026-04-27T16:43:00,Completed,Met
WO701338,SR701338,5033,KPIF,Q,PCCARP,Responsive,1,238.44,250.36,50.07,300.43,245.35,134.94,85.87,0.00,24.53,3.97,2026-04-17T11:28:00,2026-04-17T11:28:00,2026-05-15T11:28:00,2026-05-09T03:28:00,Completed,Met
WO701339,SR701339,5099,KPIF,Q,PCFENCE,Responsive,1,200.44,210.46,42.09,252.55,206.25,113.44,72.19,0.00,20.62,3.34,2026-04-17T13:16:00,2026-04-17T13:16:00,2026-05-15T13:16:00,2026-05-13T07:16:00,Completed,Met
WO701340,SR701340,5048,PHJONESGAS,QEL,PCPLAST,Responsive,1,215.66,226.44,45.29,271.73,221.91,22.19,33.29,144.24,22.19,3.59,2026-04-17T10:10:00,2026-04-17T10:10:00,2026-05-01T10:10:00,,Open,Open
WO701341,SR701341,5040,KPIF,U1,PCFENCE,Responsive,1,279.86,293.85,58.77,352.62,287.97,158.38,100.79,0.00,28.80,4.66,2026-04-17T10:39:00,2026-04-17T10:39:00,2026-04-19T10:39:00,2026-04-18T13:39:00,Completed,Met
WO701342,SR701342,5083,KPIF,Q,PCBRICK,Responsive,1,275.78,289.57,57.91,347.48,283.78,156.08,99.32,0.00,28.38,4.60,2026-04-17T14:26:00,2026-04-17T14:26:00,2026-05-15T14:26:00,,Open,Open
WO701343,SR701343,5174,BRADLEY,QEL,PCPLUMB,Responsive,1,202.96,213.11,42.62,255.73,208.85,20.89,31.33,135.75,20.88,3.38,2026-04-17T13:41:00,2026-04-17T13:41:00,2026-05-01T13:41:00,2026-04-23T17:41:00,Completed,Met
WO701344,SR701344,5183,KPIF,QEL,PCGROUND,Responsive,1,334.00,350.70,70.14,420.84,343.69,189.03,120.29,0.00,34.37,5.57,2026-04-17T08:44:00,2026-04-17T08:44:00,2026-05-01T08:44:00,2026-04-22T09:44:00,Completed,Met
WO701345,SR701345,5123,OPENVIEW,U1,PCPLAST,Responsive,1,217.69,228.57,45.71,274.28,224.00,22.40,33.60,145.60,22.40,3.63,2026-04-17T09:31:00,2026-04-17T09:31:00,2026-04-19T09:31:00,,Open,Open
WO701346,SR701346,5113,OPENVIEW,UEL,PCGROUND,Responsive,1,401.11,421.17,84.23,505.40,412.75,41.28,61.91,268.29,41.27,6.69,2026-04-17T14:05:00,2026-04-17T14:05:00,2026-04-18T14:05:00,2026-04-18T03:05:00,Completed,Met
WO701347,SR701347,5141,IHREPAIRS,QEL,PCPLAST,Responsive,1,191.23,200.79,40.16,240.95,196.77,108.22,68.87,0.00,19.68,3.19,2026-04-17T11:37:00,2026-04-17T11:37:00,2026-05-01T11:37:00,2026-04-19T05:37:00,Completed,Met
WO701348,SR701348,5186,OPENVIEW,E,PCPLUMB,Responsive,1,267.21,280.57,56.11,336.68,274.96,27.50,41.24,178.72,27.50,4.45,2026-04-17T12:46:00,2026-04-17T12:46:00,2026-04-18T12:46:00,2026-04-18T04:46:00,Completed,Met
WO701349,SR701349,5106,CCSS,Q,PCBRICK,Responsive,1,404.51,424.74,84.95,509.69,497.42,41.62,62.44,351.73,41.62,6.74,2026-04-17T11:59:00,2026-04-17T11:59:00,2026-05-15T11:59:00,2026-05-08T13:59:00,Completed,Met
WO701350,SR701350,5101,KPIF,UEL,PCBRICK,Responsive,1,343.06,360.21,72.04,432.25,353.01,194.16,123.55,0.00,35.30,5.72,2026-04-17T11:24:00,2026-04-17T11:24:00,2026-04-18T11:24:00,2026-04-17T16:24:00,Completed,Met
WO701351,SR701351,5160,KPIF,U1,PCCARP,Responsive,1,219.84,230.83,46.17,277.00,226.21,124.42,79.17,0.00,22.62,3.66,2026-04-17T09:14:00,2026-04-17T09:14:00,2026-04-19T09:14:00,2026-04-18T18:14:00,Completed,Met
WO701352,SR701352,5199,KPIF,QEL,PCPLAST,Responsive,1,218.18,229.09,45.82,274.91,224.51,123.48,78.58,0.00,22.45,3.64,2026-04-17T11:41:00,2026-04-17T11:41:00,2026-05-01T11:41:00,2026-04-20T07:41:00,Completed,Met
WO701353,SR701353,5140,CCSS,Q,PCTILE,Responsive,1,174.82,183.56,36.71,220.27,214.97,17.99,26.98,152.01,17.99,2.91,2026-04-17T11:08:00,2026-04-17T11:08:00,2026-05-15T11:08:00,2026-05-12T12:08:00,Completed,Met
WO701354,SR701354,5118,OPENVIEW,Q,PCFENCE,Responsive,1,258.98,271.93,54.39,326.32,266.49,26.65,39.97,173.22,26.65,4.32,2026-04-17T10:49:00,2026-04-17T10:49:00,2026-05-15T10:49:00,2026-05-06T19:49:00,Completed,Met
WO701355,SR701355,5190,IHREPAIRS,UEL,PCELEC,Responsive,1,320.86,336.90,67.38,404.28,330.16,181.59,115.56,0.00,33.02,5.35,2026-04-17T13:26:00,2026-04-17T13:26:00,2026-04-18T13:26:00,2026-04-17T21:26:00,Completed,Met
WO701356,SR701356,5181,OPENVIEW,E,PCPLAST,Responsive,1,238.73,250.67,50.13,300.80,245.66,24.57,36.85,159.68,24.57,3.98,2026-04-17T11:47:00,2026-04-17T11:47:00,2026-04-18T11:47:00,2026-04-18T04:47:00,Completed,Met
WO701357,SR701357,5156,CCSS,Q,PCFENCE,Responsive,1,355.39,373.16,74.63,447.79,437.01,36.57,54.85,309.02,36.57,5.92,2026-04-17T10:57:00,2026-04-17T10:57:00,2026-05-15T10:57:00,2026-05-06T12:57:00,Completed,Met
WO701358,SR701358,5196,CCSS,U1,PCBRICK,Responsive,1,363.90,382.09,76.42,458.51,447.47,37.45,56.17,316.41,37.44,6.06,2026-04-17T10:42:00,2026-04-17T10:42:00,2026-04-19T10:42:00,2026-04-18T16:42:00,Completed,Met
WO701359,SR701359,5167,IHREPAIRS,Q,PCPLAST,Responsive,1,225.22,236.48,47.30,283.78,231.75,127.46,81.11,0.00,23.17,3.75,2026-04-17T11:15:00,2026-04-17T11:15:00,2026-05-15T11:15:00,2026-04-30T11:15:00,Completed,Met
WO701360,SR701360,5105,IHREPAIRS,Q,PCFENCE,Responsive,1,328.10,344.51,68.90,413.41,337.62,185.69,118.17,0.00,33.76,5.47,2026-04-17T08:34:00,2026-04-17T08:34:00,2026-05-15T08:34:00,2026-05-07T14:34:00,Completed,Met
WO701361,SR701361,5113,KPIF,QEL,PCPLAST,Responsive,1,182.58,191.71,38.34,230.05,187.88,103.33,65.76,0.00,18.79,3.04,2026-04-17T12:29:00,2026-04-17T12:29:00,2026-05-01T12:29:00,2026-04-21T10:29:00,Completed,Met
WO701362,SR701362,5179,CCSS,Q,PCELEC,Responsive,1,265.78,279.07,55.81,334.88,326.82,27.35,41.02,231.10,27.35,4.43,2026-04-17T11:54:00,2026-04-17T11:54:00,2026-05-15T11:54:00,2026-04-30T03:54:00,Completed,Met
WO701363,SR701363,5177,KPIF,Q,PCFENCE,Responsive,1,261.14,274.20,54.84,329.04,268.72,147.80,94.05,0.00,26.87,4.35,2026-04-17T08:50:00,2026-04-17T08:50:00,2026-05-15T08:50:00,2026-05-15T09:50:00,Completed,Breached
WO701364,SR701364,5165,CCSS,Q,PCCARP,Responsive,1,184.55,193.78,38.76,232.54,226.93,18.99,28.48,160.47,18.99,3.08,2026-04-17T13:25:00,2026-04-17T13:25:00,2026-05-15T13:25:00,2026-05-03T05:25:00,Completed,Met
WO701365,SR701365,5239,PHJONESGAS,U1,PCGROUND,Responsive,1,458.40,481.32,96.26,577.58,471.69,47.17,70.75,306.60,47.17,7.64,2026-04-17T09:41:00,2026-04-17T09:41:00,2026-04-19T09:41:00,2026-04-18T19:41:00,Completed,Met
WO701366,SR701366,5212,KPIF,QEL,PCBRICK,Responsive,1,328.88,345.32,69.06,414.38,338.41,186.13,118.44,0.00,33.84,5.48,2026-04-17T11:27:00,2026-04-17T11:27:00,2026-05-01T11:27:00,,Open,Open
WO701367,SR701367,5219,KPIF,QEL,PCTILE,Responsive,1,212.14,222.75,44.55,267.30,218.29,120.06,76.40,0.00,21.83,3.54,2026-04-17T09:11:00,2026-04-17T09:11:00,2026-05-01T09:11:00,2026-04-27T23:11:00,Completed,Met
WO701368,SR701368,5293,IHREPAIRS,U1,PCTILE,Responsive,1,160.53,168.56,33.71,202.27,165.19,90.85,57.82,0.00,16.52,2.68,2026-04-17T11:41:00,2026-04-17T11:41:00,2026-04-19T11:41:00,2026-04-18T21:41:00,Completed,Met
WO701369,SR701369,5271,BRADLEY,Q,PCVINYL,Responsive,1,250.99,263.54,52.71,316.25,258.27,25.83,38.74,167.88,25.83,4.18,2026-04-17T14:12:00,2026-04-17T14:12:00,2026-05-15T14:12:00,2026-04-29T22:12:00,Completed,Met
WO701370,SR701370,5213,CCSS,U1,PCVINYL,Responsive,1,240.74,252.78,50.56,303.34,296.03,24.77,37.16,209.33,24.77,4.01,2026-04-17T09:38:00,2026-04-17T09:38:00,2026-04-19T09:38:00,2026-04-18T06:38:00,Completed,Met
WO701371,SR701371,5287,IHREPAIRS,Q,PCVINYL,Responsive,1,224.77,236.01,47.20,283.21,231.29,127.21,80.95,0.00,23.13,3.75,2026-04-17T11:27:00,2026-04-17T11:27:00,2026-05-15T11:27:00,2026-04-25T02:27:00,Completed,Met
WO701372,SR701372,5229,KPIF,QEL,PCPLAST,Responsive,1,199.98,209.98,42.00,251.98,205.78,113.18,72.02,0.00,20.58,3.33,2026-04-17T11:24:00,2026-04-17T11:24:00,2026-05-01T11:24:00,2026-04-25T16:24:00,Completed,Met
WO701373,SR701373,5251,KPIF,Q,PCCARP,Responsive,1,187.54,196.92,39.38,236.30,192.98,106.14,67.54,0.00,19.30,3.13,2026-04-17T10:06:00,2026-04-17T10:06:00,2026-05-15T10:06:00,2026-05-08T18:06:00,Completed,Met
WO701374,SR701374,5250,KPIF,Q,PCPLAST,Responsive,1,163.25,171.41,34.28,205.69,167.98,92.39,58.79,0.00,16.80,2.72,2026-04-17T11:48:00,2026-04-17T11:48:00,2026-05-15T11:48:00,2026-05-01T08:48:00,Completed,Met
WO701375,SR701375,5254,CCSS,U1,PCPLAST,Responsive,1,203.27,213.43,42.69,256.12,249.94,20.92,31.37,176.73,20.92,3.39,2026-04-17T09:24:00,2026-04-17T09:24:00,2026-04-19T09:24:00,2026-04-18T09:24:00,Completed,Met
WO701376,SR701376,5213,KPIF,QEL,PCVINYL,Responsive,1,254.07,266.77,53.35,320.12,261.43,143.79,91.50,0.00,26.14,4.23,2026-04-17T11:13:00,2026-04-17T11:13:00,2026-05-01T11:13:00,2026-04-28T03:13:00,Completed,Met
WO701377,SR701377,5202,CCSS,Q,PCELEC,Responsive,1,220.60,231.63,46.33,277.96,271.26,22.70,34.05,191.82,22.70,3.68,2026-04-17T12:06:00,2026-04-17T12:06:00,2026-05-15T12:06:00,2026-05-04T22:06:00,Completed,Met
WO701378,SR701378,5282,OPENVIEW,Q,PCCARP,Responsive,1,179.27,188.23,37.65,225.88,184.47,18.45,27.67,119.91,18.45,2.99,2026-04-17T12:20:00,2026-04-17T12:20:00,2026-05-15T12:20:00,2026-04-24T12:20:00,Completed,Met
WO701379,SR701379,5269,KPIF,U1,PCFENCE,Responsive,1,270.19,283.70,56.74,340.44,278.03,152.92,97.31,0.00,27.80,4.50,2026-04-17T12:07:00,2026-04-17T12:07:00,2026-04-19T12:07:00,2026-04-18T07:07:00,Completed,Met
WO701380,SR701380,5220,PHJONESGAS,UEL,PCPLUMB,Responsive,1,291.90,306.50,61.30,367.80,300.37,30.04,45.06,195.24,30.04,4.86,2026-04-17T13:32:00,2026-04-17T13:32:00,2026-04-18T13:32:00,2026-04-18T03:32:00,Completed,Met
WO701381,SR701381,5259,KPIF,E,PCVINYL,Responsive,1,187.55,196.93,39.39,236.32,192.99,106.14,67.55,0.00,19.30,3.13,2026-04-17T09:32:00,2026-04-17T09:32:00,2026-04-18T09:32:00,,Open,Open
WO701382,SR701382,5277,KPIF,UEL,PCFENCE,Responsive,1,269.06,282.51,56.50,339.01,276.86,152.27,96.90,0.00,27.69,4.48,2026-04-17T11:01:00,2026-04-17T11:01:00,2026-04-18T11:01:00,2026-04-18T01:01:00,Completed,Met
WO701383,SR701383,5238,KPIF,Q,PCFENCE,Responsive,1,228.84,240.28,48.06,288.34,235.47,129.51,82.41,0.00,23.55,3.81,2026-04-17T11:02:00,2026-04-17T11:02:00,2026-05-15T11:02:00,2026-04-29T07:02:00,Completed,Met
WO701384,SR701384,5205,KPIF,Q,PCGROUND,Responsive,1,401.65,421.73,84.35,506.08,413.30,227.32,144.66,0.00,41.33,6.69,2026-04-17T09:13:00,2026-04-17T09:13:00,2026-05-15T09:13:00,2026-05-01T08:13:00,Completed,Met
WO701385,SR701385,5264,KPIF,QEL,PCVINYL,Responsive,1,192.52,202.15,40.43,242.58,198.11,108.96,69.34,0.00,19.81,3.21,2026-04-17T12:24:00,2026-04-17T12:24:00,2026-05-01T12:24:00,2026-04-25T02:24:00,Completed,Met
WO701386,SR701386,5294,KPIF,Q,PCGROUND,Responsive,1,439.80,461.79,92.36,554.15,452.55,248.90,158.39,0.00,45.25,7.33,2026-04-17T11:17:00,2026-04-17T11:17:00,2026-05-15T11:17:00,2026-05-02T01:17:00,Completed,Met
WO701387,SR701387,5082,PHJONESGAS,Q,PCCARP,Responsive,1,219.27,230.23,46.05,276.28,225.63,22.56,33.84,146.66,22.56,3.65,2026-04-20T09:10:00,2026-04-20T09:10:00,2026-05-18T09:10:00,2026-05-02T23:10:00,Completed,Met
WO701388,SR701388,5052,CCSS,U1,PCPLUMB,Responsive,1,222.46,233.58,46.72,280.30,273.55,22.89,34.34,193.43,22.89,3.71,2026-04-20T14:04:00,2026-04-20T14:04:00,2026-04-22T14:04:00,2026-04-21T18:04:00,Completed,Met
WO701389,SR701389,5015,PHJONESGAS,Q,PCTILE,Responsive,1,155.02,162.77,32.55,195.32,159.51,15.95,23.93,103.68,15.95,2.58,2026-04-20T13:45:00,2026-04-20T13:45:00,2026-05-18T13:45:00,2026-04-26T09:45:00,Completed,Met
WO701390,SR701390,5007,KPIF,Q,PCFENCE,Responsive,1,356.08,373.88,74.78,448.66,366.40,201.52,128.24,0.00,36.64,5.93,2026-04-20T12:13:00,2026-04-20T12:13:00,2026-05-18T12:13:00,2026-05-05T23:13:00,Completed,Met
WO701391,SR701391,5065,BRADLEY,Q,PCPLUMB,Responsive,1,244.24,256.45,51.29,307.74,251.32,25.13,37.70,163.36,25.13,4.07,2026-04-20T14:17:00,2026-04-20T14:17:00,2026-05-18T14:17:00,2026-05-07T06:17:00,Completed,Met
WO701392,SR701392,5054,KPIF,UEL,PCPLAST,Responsive,1,223.16,234.32,46.86,281.18,229.63,126.30,80.37,0.00,22.96,3.72,2026-04-20T13:55:00,2026-04-20T13:55:00,2026-04-21T13:55:00,,Open,Open
WO701393,SR701393,5042,KPIF,E,PCTILE,Responsive,1,126.05,132.35,26.47,158.82,129.70,71.33,45.39,0.00,12.97,2.10,2026-04-20T13:41:00,2026-04-20T13:41:00,2026-04-21T13:41:00,2026-04-21T06:41:00,Completed,Met
WO701394,SR701394,5043,BRADLEY,Q,PCGROUND,Responsive,1,464.03,487.23,97.45,584.68,477.49,47.75,71.62,310.37,47.75,7.73,2026-04-20T08:36:00,2026-04-20T08:36:00,2026-05-18T08:36:00,2026-05-04T10:36:00,Completed,Met
WO701395,SR701395,5020,IHREPAIRS,QEL,PCELEC,Responsive,1,193.77,203.46,40.69,244.15,199.39,109.66,69.79,0.00,19.94,3.23,2026-04-20T13:02:00,2026-04-20T13:02:00,2026-05-04T13:02:00,2026-04-27T14:02:00,Completed,Met
WO701396,SR701396,5005,IHREPAIRS,Q,PCCARP,Responsive,1,206.83,217.17,43.43,260.60,212.83,117.06,74.49,0.00,21.28,3.45,2026-04-20T11:26:00,2026-04-20T11:26:00,2026-05-18T11:26:00,2026-05-15T07:26:00,Completed,Met
WO701397,SR701397,5039,KPIF,Q,PCBRICK,Responsive,1,334.90,351.64,70.33,421.97,344.61,189.54,120.61,0.00,34.46,5.58,2026-04-20T12:29:00,2026-04-20T12:29:00,2026-05-18T12:29:00,2026-05-15T00:29:00,Completed,Met
WO701398,SR701398,5046,CCSS,Q,PCVINYL,Responsive,1,204.03,214.23,42.85,257.08,250.89,21.00,31.49,177.41,20.99,3.40,2026-04-20T10:55:00,2026-04-20T10:55:00,2026-05-18T10:55:00,2026-05-01T02:55:00,Completed,Met
WO701399,SR701399,5069,PHJONESGAS,Q,PCPLAST,Responsive,1,214.46,225.18,45.04,270.22,220.68,22.07,33.10,143.44,22.07,3.57,2026-04-20T09:33:00,2026-04-20T09:33:00,2026-05-18T09:33:00,2026-05-10T09:33:00,Completed,Met
WO701400,SR701400,5074,KPIF,U1,PCBRICK,Responsive,1,303.40,318.57,63.71,382.28,312.20,171.71,109.27,0.00,31.22,5.06,2026-04-20T11:55:00,2026-04-20T11:55:00,2026-04-22T11:55:00,2026-04-21T07:55:00,Completed,Met
WO701401,SR701401,5077,KPIF,UEL,PCBRICK,Responsive,1,244.67,256.90,51.38,308.28,251.76,138.47,88.12,0.00,25.18,4.08,2026-04-20T09:24:00,2026-04-20T09:24:00,2026-04-21T09:24:00,2026-04-20T19:24:00,Completed,Met
WO701402,SR701402,5082,IHREPAIRS,Q,PCFENCE,Responsive,1,234.40,246.12,49.22,295.34,241.20,132.66,84.42,0.00,24.12,3.91,2026-04-20T10:25:00,2026-04-20T10:25:00,2026-05-18T10:25:00,2026-05-11T08:25:00,Completed,Met
WO701403,SR701403,5058,KPIF,QEL,PCPLAST,Responsive,1,201.42,211.49,42.30,253.79,207.26,113.99,72.54,0.00,20.73,3.36,2026-04-20T10:57:00,2026-04-20T10:57:00,2026-05-04T10:57:00,2026-05-04T02:57:00,Completed,Met
WO701404,SR701404,5084,KPIF,Q,PCPLAST,Responsive,1,120.11,126.12,25.22,151.34,123.60,67.98,43.26,0.00,12.36,2.00,2026-04-20T13:27:00,2026-04-20T13:27:00,2026-05-18T13:27:00,2026-04-28T16:27:00,Completed,Met
WO701405,SR701405,5082,KPIF,Q,PCPLUMB,Responsive,1,239.63,251.61,50.32,301.93,246.58,135.62,86.30,0.00,24.66,3.99,2026-04-20T13:47:00,2026-04-20T13:47:00,2026-05-18T13:47:00,2026-05-05T01:47:00,Completed,Met
WO701406,SR701406,5053,KPIF,UEL,PCPLUMB,Responsive,1,193.47,203.14,40.63,243.77,199.08,109.49,69.68,0.00,19.91,3.22,2026-04-20T13:21:00,2026-04-20T13:21:00,2026-04-21T13:21:00,2026-04-20T22:21:00,Completed,Met
WO701407,SR701407,5003,OPENVIEW,Q,PCVINYL,Responsive,1,236.64,248.47,49.69,298.16,243.50,24.35,36.52,158.28,24.35,3.94,2026-04-20T09:52:00,2026-04-20T09:52:00,2026-05-18T09:52:00,2026-04-28T12:52:00,Completed,Met
WO701408,SR701408,5061,KPIF,UEL,PCTILE,Responsive,1,190.87,200.41,40.08,240.49,196.40,108.02,68.74,0.00,19.64,3.18,2026-04-20T08:45:00,2026-04-20T08:45:00,2026-04-21T08:45:00,2026-04-20T23:45:00,Completed,Met
WO701409,SR701409,5178,CCSS,NG,PCELEC,Responsive,1,259.97,272.97,54.59,327.56,319.67,26.75,40.13,226.04,26.75,4.33,2026-04-20T12:26:00,2026-04-20T12:26:00,2026-05-04T12:26:00,2026-04-27T12:26:00,Completed,Met
WO701410,SR701410,5143,CCSS,UEL,PCPLAST,Responsive,1,200.40,210.42,42.08,252.50,246.42,20.62,30.93,174.25,20.62,3.34,2026-04-20T09:05:00,2026-04-20T09:05:00,2026-04-21T09:05:00,2026-04-21T00:05:00,Completed,Met
WO701411,SR701411,5167,KPIF,QEL,PCELEC,Responsive,1,234.44,246.16,49.23,295.39,241.24,132.68,84.43,0.00,24.12,3.91,2026-04-20T12:03:00,2026-04-20T12:03:00,2026-05-04T12:03:00,2026-05-04T11:03:00,Completed,Met
WO701412,SR701412,5192,KPIF,Q,PCGROUND,Responsive,1,481.71,505.80,101.16,606.96,495.68,272.62,173.49,0.00,49.57,8.03,2026-04-20T09:00:00,2026-04-20T09:00:00,2026-05-18T09:00:00,2026-05-05T16:00:00,Completed,Met
WO701413,SR701413,5199,CCSS,Q,PCPLUMB,Responsive,1,206.23,216.54,43.31,259.85,253.59,21.22,31.83,179.32,21.22,3.44,2026-04-20T12:51:00,2026-04-20T12:51:00,2026-05-18T12:51:00,2026-05-03T03:51:00,Completed,Met
WO701414,SR701414,5114,CCSS,QEL,PCPLAST,Responsive,1,182.48,191.60,38.32,229.92,224.38,18.78,28.17,158.66,18.78,3.04,2026-04-20T13:26:00,2026-04-20T13:26:00,2026-05-04T13:26:00,2026-04-28T23:26:00,Completed,Met
WO701415,SR701415,5153,KPIF,U1,PCFENCE,Responsive,1,302.07,317.17,63.43,380.60,310.83,170.96,108.79,0.00,31.08,5.03,2026-04-20T12:37:00,2026-04-20T12:37:00,2026-04-22T12:37:00,2026-04-21T17:37:00,Completed,Met
WO701416,SR701416,5110,IHREPAIRS,QEL,PCELEC,Responsive,1,217.19,228.05,45.61,273.66,223.49,122.92,78.22,0.00,22.35,3.62,2026-04-20T10:35:00,2026-04-20T10:35:00,2026-05-04T10:35:00,2026-04-28T22:35:00,Completed,Met
WO701417,SR701417,5143,IHREPAIRS,Q,PCELEC,Responsive,1,265.72,279.01,55.80,334.81,273.43,150.39,95.70,0.00,27.34,4.43,2026-04-20T13:34:00,2026-04-20T13:34:00,2026-05-18T13:34:00,2026-05-10T08:34:00,Completed,Met
WO701418,SR701418,5104,IHREPAIRS,QEL,PCTILE,Responsive,1,202.82,212.96,42.59,255.55,208.70,114.78,73.04,0.00,20.87,3.38,2026-04-20T10:59:00,2026-04-20T10:59:00,2026-05-04T10:59:00,2026-04-27T06:59:00,Completed,Met
WO701419,SR701419,5140,CCSS,Q,PCELEC,Responsive,1,187.93,197.33,39.47,236.80,231.09,19.34,29.01,163.41,19.34,3.13,2026-04-20T09:49:00,2026-04-20T09:49:00,2026-05-18T09:49:00,2026-05-06T20:49:00,Completed,Met
WO701420,SR701420,5138,KPIF,UEL,PCVINYL,Responsive,1,208.79,219.23,43.85,263.08,214.85,118.17,75.20,0.00,21.48,3.48,2026-04-20T10:18:00,2026-04-20T10:18:00,2026-04-21T10:18:00,,Open,Open
WO701421,SR701421,5147,PHJONESGAS,Q,PCGROUND,Responsive,1,432.83,454.47,90.89,545.36,445.38,44.54,66.81,289.50,44.54,7.21,2026-04-20T11:57:00,2026-04-20T11:57:00,2026-05-18T11:57:00,2026-04-25T08:57:00,Completed,Met
WO701422,SR701422,5183,IHREPAIRS,Q,PCPLAST,Responsive,1,251.19,263.75,52.75,316.50,258.48,142.16,90.47,0.00,25.85,4.19,2026-04-20T12:57:00,2026-04-20T12:57:00,2026-05-18T12:57:00,2026-04-29T09:57:00,Completed,Met
WO701423,SR701423,5122,IHREPAIRS,Q,PCGROUND,Responsive,1,425.97,447.27,89.45,536.72,438.32,241.08,153.41,0.00,43.83,7.10,2026-04-20T11:44:00,2026-04-20T11:44:00,2026-05-18T11:44:00,2026-05-20T18:44:00,Completed,Breached
WO701424,SR701424,5140,KPIF,UEL,PCTILE,Responsive,1,138.12,145.03,29.01,174.04,142.13,78.17,49.75,0.00,14.21,2.30,2026-04-20T09:31:00,2026-04-20T09:31:00,2026-04-21T09:31:00,2026-04-20T20:31:00,Completed,Met
WO701425,SR701425,5182,OPENVIEW,QEL,PCPLUMB,Responsive,1,197.57,207.45,41.49,248.94,203.30,20.33,30.50,132.15,20.33,3.29,2026-04-20T12:58:00,2026-04-20T12:58:00,2026-05-04T12:58:00,2026-05-02T14:58:00,Completed,Met
WO701426,SR701426,5105,PHJONESGAS,Q,PCVINYL,Responsive,1,240.60,252.63,50.53,303.16,247.58,24.76,37.14,160.93,24.76,4.01,2026-04-20T12:49:00,2026-04-20T12:49:00,2026-05-18T12:49:00,2026-05-13T18:49:00,Completed,Met
WO701427,SR701427,5195,PHJONESGAS,QEL,PCGROUND,Responsive,1,439.55,461.53,92.31,553.84,452.30,45.23,67.84,294.00,45.23,7.33,2026-04-20T08:58:00,2026-04-20T08:58:00,2026-05-04T08:58:00,2026-04-25T12:58:00,Completed,Met
WO701428,SR701428,5195,IHREPAIRS,Q,PCPLAST,Responsive,1,256.70,269.54,53.91,323.45,264.15,145.28,92.45,0.00,26.41,4.28,2026-04-20T10:35:00,2026-04-20T10:35:00,2026-05-18T10:35:00,2026-05-08T10:35:00,Completed,Met
WO701429,SR701429,5178,KPIF,Q,PCBRICK,Responsive,1,192.05,201.65,40.33,241.98,197.62,108.69,69.17,0.00,19.76,3.20,2026-04-20T10:07:00,2026-04-20T10:07:00,2026-05-18T10:07:00,2026-05-05T21:07:00,Completed,Met
WO701430,SR701430,5117,KPIF,UEL,PCGROUND,Responsive,1,360.07,378.07,75.61,453.68,370.51,203.78,129.68,0.00,37.05,6.00,2026-04-20T10:34:00,2026-04-20T10:34:00,2026-04-21T10:34:00,2026-04-20T18:34:00,Completed,Met
WO701431,SR701431,5269,IHREPAIRS,UEL,PCPLUMB,Responsive,1,246.34,258.66,51.73,310.39,253.49,139.42,88.72,0.00,25.35,4.11,2026-04-20T10:10:00,2026-04-20T10:10:00,2026-04-21T10:10:00,2026-04-20T19:10:00,Completed,Met
WO701432,SR701432,5213,IHREPAIRS,Q,PCGROUND,Responsive,1,368.88,387.32,77.46,464.78,379.57,208.76,132.85,0.00,37.96,6.15,2026-04-20T11:03:00,2026-04-20T11:03:00,2026-05-18T11:03:00,2026-04-30T13:03:00,Completed,Met
WO701433,SR701433,5215,KPIF,QEL,PCELEC,Responsive,1,225.98,237.28,47.46,284.74,232.53,127.89,81.39,0.00,23.25,3.77,2026-04-20T13:55:00,2026-04-20T13:55:00,2026-05-04T13:55:00,,Open,Open
WO701434,SR701434,5297,IHREPAIRS,Q,PCVINYL,Responsive,1,260.06,273.06,54.61,327.67,267.60,147.18,93.66,0.00,26.76,4.33,2026-04-20T10:00:00,2026-04-20T10:00:00,2026-05-18T10:00:00,2026-05-04T03:00:00,Completed,Met
WO701435,SR701435,5283,IHREPAIRS,UEL,PCBRICK,Responsive,1,393.01,412.66,82.53,495.19,404.41,222.43,141.54,0.00,40.44,6.55,2026-04-20T11:24:00,2026-04-20T11:24:00,2026-04-21T11:24:00,2026-04-21T00:24:00,Completed,Met
WO701436,SR701436,5257,PHJONESGAS,NG,PCCARP,Responsive,1,182.81,191.95,38.39,230.34,188.11,18.81,28.22,122.27,18.81,3.05,2026-04-20T12:39:00,2026-04-20T12:39:00,2026-05-04T12:39:00,2026-05-04T19:39:00,Completed,Breached
WO701437,SR701437,5264,CCSS,U1,PCPLAST,Responsive,1,277.22,291.08,58.22,349.30,340.89,28.53,42.79,241.05,28.53,4.62,2026-04-20T14:14:00,2026-04-20T14:14:00,2026-04-22T14:14:00,2026-04-21T11:14:00,Completed,Met
WO701438,SR701438,5282,KPIF,QEL,PCGROUND,Responsive,1,359.06,377.01,75.40,452.41,369.47,203.21,129.31,0.00,36.95,5.98,2026-04-20T09:25:00,2026-04-20T09:25:00,2026-05-04T09:25:00,2026-04-28T22:25:00,Completed,Met
WO701439,SR701439,5241,CCSS,Q,PCGROUND,Responsive,1,516.77,542.61,108.52,651.13,635.45,53.18,79.76,449.33,53.18,8.61,2026-04-20T13:42:00,2026-04-20T13:42:00,2026-05-18T13:42:00,2026-05-09T09:42:00,Completed,Met
WO701440,SR701440,5225,OPENVIEW,QEL,PCVINYL,Responsive,1,190.01,199.51,39.90,239.41,195.52,19.55,29.33,127.09,19.55,3.17,2026-04-20T13:42:00,2026-04-20T13:42:00,2026-05-04T13:42:00,2026-04-27T15:42:00,Completed,Met
WO701441,SR701441,5261,KPIF,QEL,PCVINYL,Responsive,1,233.66,245.34,49.07,294.41,240.43,132.24,84.15,0.00,24.04,3.89,2026-04-20T10:44:00,2026-04-20T10:44:00,2026-05-04T10:44:00,2026-04-23T09:44:00,Completed,Met
WO701442,SR701442,5219,KPIF,UEL,PCBRICK,Responsive,1,338.84,355.78,71.16,426.94,348.66,191.76,122.03,0.00,34.87,5.65,2026-04-20T11:11:00,2026-04-20T11:11:00,2026-04-21T11:11:00,2026-04-20T20:11:00,Completed,Met
WO701443,SR701443,5254,KPIF,QEL,PCPLUMB,Responsive,1,302.17,317.28,63.46,380.74,310.93,171.01,108.83,0.00,31.09,5.04,2026-04-20T11:59:00,2026-04-20T11:59:00,2026-05-04T11:59:00,2026-04-25T18:59:00,Completed,Met
WO701444,SR701444,5299,CCSS,E,PCBRICK,Responsive,1,282.30,296.42,59.28,355.70,347.14,29.05,43.57,245.47,29.05,4.71,2026-04-20T10:16:00,2026-04-20T10:16:00,2026-04-21T10:16:00,2026-04-20T22:16:00,Completed,Met
WO701445,SR701445,5204,KPIF,Q,PCFENCE,Responsive,1,267.63,281.01,56.20,337.21,275.39,151.46,96.39,0.00,27.54,4.46,2026-04-20T13:15:00,2026-04-20T13:15:00,2026-05-18T13:15:00,2026-05-03T20:15:00,Completed,Met
WO701446,SR701446,5265,KPIF,QEL,PCELEC,Responsive,1,323.41,339.58,67.92,407.50,332.79,183.03,116.48,0.00,33.28,5.39,2026-04-20T10:34:00,2026-04-20T10:34:00,2026-05-04T10:34:00,2026-05-01T05:34:00,Completed,Met
WO701447,SR701447,5276,PHJONESGAS,QEL,PCELEC,Responsive,1,335.58,352.36,70.47,422.83,345.31,34.53,51.80,224.45,34.53,5.59,2026-04-20T14:07:00,2026-04-20T14:07:00,2026-05-04T14:07:00,2026-04-23T12:07:00,Completed,Met
WO701448,SR701448,5232,IHREPAIRS,NG,PCBRICK,Responsive,1,368.97,387.42,77.48,464.90,379.67,208.82,132.88,0.00,37.97,6.15,2026-04-20T09:00:00,2026-04-20T09:00:00,2026-05-04T09:00:00,2026-05-01T23:00:00,Completed,Met
WO701449,SR701449,5248,KPIF,QEL,PCELEC,Responsive,1,247.51,259.89,51.98,311.87,254.69,140.08,89.14,0.00,25.47,4.13,2026-04-20T09:38:00,2026-04-20T09:38:00,2026-05-04T09:38:00,2026-04-29T13:38:00,Completed,Met
WO701450,SR701450,5294,BRADLEY,QEL,PCVINYL,Responsive,1,245.22,257.48,51.50,308.98,252.33,25.23,37.85,164.01,25.23,4.09,2026-04-20T13:31:00,2026-04-20T13:31:00,2026-05-04T13:31:00,2026-04-28T09:31:00,Completed,Met
WO701451,SR701451,5232,CCSS,Q,PCFENCE,Responsive,1,247.60,259.98,52.00,311.98,304.46,25.48,38.22,215.29,25.48,4.13,2026-04-20T10:43:00,2026-04-20T10:43:00,2026-05-18T10:43:00,2026-04-27T12:43:00,Completed,Met
WO701452,SR701452,5218,CCSS,QEL,PCCARP,Responsive,1,171.85,180.44,36.09,216.53,211.31,17.68,26.52,149.42,17.68,2.86,2026-04-20T11:10:00,2026-04-20T11:10:00,2026-05-04T11:10:00,2026-05-01T09:10:00,Completed,Met
WO701453,SR701453,5096,IHREPAIRS,U1,PCTILE,Responsive,1,174.61,183.34,36.67,220.01,179.67,98.82,62.88,0.00,17.97,2.91,2026-04-21T12:25:00,2026-04-21T12:25:00,2026-04-23T12:25:00,2026-04-22T12:25:00,Completed,Met
WO701454,SR701454,5034,BRADLEY,Q,PCBRICK,Responsive,1,360.34,378.36,75.67,454.03,370.79,37.08,55.62,241.01,37.08,6.01,2026-04-21T09:41:00,2026-04-21T09:41:00,2026-05-19T09:41:00,2026-05-12T09:41:00,Completed,Met
WO701455,SR701455,5063,KPIF,QEL,PCPLUMB,Responsive,1,279.83,293.82,58.76,352.58,287.94,158.37,100.78,0.00,28.79,4.66,2026-04-21T12:52:00,2026-04-21T12:52:00,2026-05-05T12:52:00,2026-04-27T08:52:00,Completed,Met
WO701456,SR701456,5065,IHREPAIRS,QEL,PCFENCE,Responsive,1,296.24,311.05,62.21,373.26,304.83,167.66,106.69,0.00,30.48,4.94,2026-04-21T13:24:00,2026-04-21T13:24:00,2026-05-05T13:24:00,2026-04-29T10:24:00,Completed,Met
WO701457,SR701457,5012,IHREPAIRS,QEL,PCGROUND,Responsive,1,383.99,403.19,80.64,483.83,395.13,217.32,138.30,0.00,39.51,6.40,2026-04-21T12:52:00,2026-04-21T12:52:00,2026-05-05T12:52:00,2026-04-30T13:52:00,Completed,Met
WO701458,SR701458,5079,CCSS,Q,PCTILE,Responsive,1,130.63,137.16,27.43,164.59,134.42,13.44,20.16,87.37,13.44,2.18,2026-04-21T12:10:00,2026-04-21T12:10:00,2026-05-19T12:10:00,2026-05-10T21:10:00,Completed,Met
WO701459,SR701459,5095,KPIF,Q,PCPLAST,Responsive,1,181.97,191.07,38.21,229.28,187.25,102.99,65.54,0.00,18.72,3.03,2026-04-21T14:01:00,2026-04-21T14:01:00,2026-05-19T14:01:00,2026-05-02T21:01:00,Completed,Met
WO701460,SR701460,5095,KPIF,QEL,PCVINYL,Responsive,1,222.97,234.12,46.82,280.94,229.44,126.19,80.30,0.00,22.94,3.72,2026-04-21T11:00:00,2026-04-21T11:00:00,2026-05-05T11:00:00,,Open,Open
WO701461,SR701461,5029,KPIF,Q,PCFENCE,Responsive,1,236.45,248.27,49.65,297.92,243.30,133.82,85.16,0.00,24.33,3.94,2026-04-21T10:24:00,2026-04-21T10:24:00,2026-05-19T10:24:00,2026-04-29T23:24:00,Completed,Met
WO701462,SR701462,5084,IHREPAIRS,QEL,PCTILE,Responsive,1,131.64,138.22,27.64,165.86,135.46,74.50,47.41,0.00,13.55,2.19,2026-04-21T11:31:00,2026-04-21T11:31:00,2026-05-05T11:31:00,2026-05-03T07:31:00,Completed,Met
WO701463,SR701463,5025,KPIF,U1,PCPLAST,Responsive,1,181.95,191.05,38.21,229.26,187.23,102.98,65.53,0.00,18.72,3.03,2026-04-21T08:43:00,2026-04-21T08:43:00,2026-04-23T08:43:00,,Open,Open
WO701464,SR701464,5017,KPIF,Q,PCGROUND,Responsive,1,363.02,381.17,76.23,457.40,373.55,205.45,130.74,0.00,37.35,6.05,2026-04-21T11:11:00,2026-04-21T11:11:00,2026-05-19T11:11:00,2026-05-15T15:11:00,Completed,Met
WO701465,SR701465,5021,KPIF,NG,PCVINYL,Responsive,1,210.77,221.31,44.26,265.57,216.88,119.28,75.91,0.00,21.69,3.51,2026-04-21T10:21:00,2026-04-21T10:21:00,2026-05-05T10:21:00,2026-04-29T21:21:00,Completed,Met
WO701466,SR701466,5057,KPIF,QEL,PCCARP,Responsive,1,132.98,139.63,27.93,167.56,136.84,75.26,47.89,0.00,13.68,2.22,2026-04-21T12:17:00,2026-04-21T12:17:00,2026-05-05T12:17:00,2026-05-03T14:17:00,Completed,Met
WO701467,SR701467,5007,KPIF,Q,PCELEC,Responsive,1,247.03,259.38,51.88,311.26,254.19,139.80,88.97,0.00,25.42,4.12,2026-04-21T11:44:00,2026-04-21T11:44:00,2026-05-19T11:44:00,2026-05-05T19:44:00,Completed,Met
WO701468,SR701468,5065,CCSS,U1,PCGROUND,Responsive,1,365.86,384.15,76.83,460.98,376.47,37.65,56.47,244.71,37.65,6.10,2026-04-21T09:31:00,2026-04-21T09:31:00,2026-04-23T09:31:00,2026-04-23T04:31:00,Completed,Met
WO701469,SR701469,5041,PHJONESGAS,U1,PCVINYL,Responsive,1,243.44,255.61,51.12,306.73,250.50,25.05,37.57,162.83,25.05,4.06,2026-04-21T12:49:00,2026-04-21T12:49:00,2026-04-23T12:49:00,2026-04-22T12:49:00,Completed,Met
WO701470,SR701470,5059,OPENVIEW,E,PCPLUMB,Responsive,1,235.26,247.02,49.40,296.42,242.08,24.21,36.31,157.35,24.21,3.92,2026-04-21T11:54:00,2026-04-21T11:54:00,2026-04-22T11:54:00,2026-04-22T03:54:00,Completed,Met
WO701471,SR701471,5040,OPENVIEW,Q,PCCARP,Responsive,1,229.94,241.44,48.29,289.73,236.61,23.66,35.49,153.80,23.66,3.83,2026-04-21T11:03:00,2026-04-21T11:03:00,2026-05-19T11:03:00,2026-05-09T09:03:00,Completed,Met
WO701472,SR701472,5050,PHJONESGAS,E,PCELEC,Responsive,1,251.43,264.00,52.80,316.80,258.72,25.87,38.81,168.17,25.87,4.19,2026-04-21T14:01:00,2026-04-21T14:01:00,2026-04-22T14:01:00,2026-04-22T05:01:00,Completed,Met
WO701473,SR701473,5023,KPIF,U1,PCPLUMB,Responsive,1,242.30,254.42,50.88,305.30,249.33,137.13,87.27,0.00,24.93,4.04,2026-04-21T14:25:00,2026-04-21T14:25:00,2026-04-23T14:25:00,2026-04-22T16:25:00,Completed,Met
WO701474,SR701474,5027,KPIF,Q,PCBRICK,Responsive,1,337.34,354.21,70.84,425.05,347.13,190.92,121.50,0.00,34.71,5.62,2026-04-21T09:50:00,2026-04-21T09:50:00,2026-05-19T09:50:00,2026-05-05T03:50:00,Completed,Met
WO701475,SR701475,5120,BRADLEY,Q,PCPLAST,Responsive,1,204.55,214.78,42.96,257.74,210.48,21.05,31.57,136.81,21.05,3.41,2026-04-21T09:53:00,2026-04-21T09:53:00,2026-05-19T09:53:00,2026-05-11T21:53:00,Completed,Met
WO701476,SR701476,5148,KPIF,Q,PCBRICK,Responsive,1,425.21,446.47,89.29,535.76,437.54,240.65,153.14,0.00,43.75,7.09,2026-04-21T08:43:00,2026-04-21T08:43:00,2026-05-19T08:43:00,,Open,Open
WO701477,SR701477,5119,KPIF,E,PCVINYL,Responsive,1,196.21,206.02,41.20,247.22,201.90,111.05,70.66,0.00,20.19,3.27,2026-04-21T13:36:00,2026-04-21T13:36:00,2026-04-22T13:36:00,2026-04-22T02:36:00,Completed,Met
WO701478,SR701478,5145,PHJONESGAS,U1,PCTILE,Responsive,1,153.72,161.41,32.28,193.69,158.18,15.82,23.73,102.82,15.82,2.56,2026-04-21T09:27:00,2026-04-21T09:27:00,2026-04-23T09:27:00,2026-04-23T00:27:00,Completed,Met
WO701479,SR701479,5169,IHREPAIRS,U1,PCELEC,Responsive,1,260.24,273.25,54.65,327.90,267.78,147.28,93.72,0.00,26.78,4.34,2026-04-21T13:56:00,2026-04-21T13:56:00,2026-04-23T13:56:00,2026-04-23T04:56:00,Completed,Met
WO701480,SR701480,5133,IHREPAIRS,UEL,PCPLAST,Responsive,1,185.87,195.16,39.03,234.19,191.26,105.19,66.94,0.00,19.13,3.10,2026-04-21T13:44:00,2026-04-21T13:44:00,2026-04-22T13:44:00,2026-04-22T02:44:00,Completed,Met
WO701481,SR701481,5174,IHREPAIRS,U1,PCTILE,Responsive,1,171.79,180.38,36.08,216.46,176.77,97.22,61.87,0.00,17.68,2.86,2026-04-21T09:43:00,2026-04-21T09:43:00,2026-04-23T09:43:00,2026-04-22T14:43:00,Completed,Met
WO701482,SR701482,5152,KPIF,QEL,PCBRICK,Responsive,1,413.21,433.87,86.77,520.64,425.19,233.85,148.82,0.00,42.52,6.89,2026-04-21T10:25:00,2026-04-21T10:25:00,2026-05-05T10:25:00,2026-04-29T19:25:00,Completed,Met
WO701483,SR701483,5191,IHREPAIRS,Q,PCELEC,Responsive,1,257.14,270.00,54.00,324.00,264.60,145.53,92.61,0.00,26.46,4.29,2026-04-21T13:25:00,2026-04-21T13:25:00,2026-05-19T13:25:00,2026-05-12T17:25:00,Completed,Met
WO701484,SR701484,5142,KPIF,Q,PCVINYL,Responsive,1,148.98,156.43,31.29,187.72,153.30,84.32,53.66,0.00,15.33,2.48,2026-04-21T08:47:00,2026-04-21T08:47:00,2026-05-19T08:47:00,2026-05-08T00:47:00,Completed,Met
WO701485,SR701485,5126,IHREPAIRS,E,PCPLAST,Responsive,1,227.02,238.37,47.67,286.04,233.60,128.48,81.76,0.00,23.36,3.78,2026-04-21T10:31:00,2026-04-21T10:31:00,2026-04-22T10:31:00,2026-04-22T02:31:00,Completed,Met
WO701486,SR701486,5162,BRADLEY,U1,PCFENCE,Responsive,1,368.32,386.74,77.35,464.09,379.01,37.90,56.85,246.36,37.90,6.14,2026-04-21T13:25:00,2026-04-21T13:25:00,2026-04-23T13:25:00,2026-04-21T16:25:00,Completed,Met
WO701487,SR701487,5134,CCSS,Q,PCGROUND,Responsive,1,243.64,255.82,51.16,306.98,250.70,25.07,37.60,162.95,25.07,4.06,2026-04-21T14:05:00,2026-04-21T14:05:00,2026-05-19T14:05:00,2026-05-09T20:05:00,Completed,Met
WO701488,SR701488,5124,BRADLEY,UEL,PCBRICK,Responsive,1,327.03,343.38,68.68,412.06,336.51,33.65,50.48,218.73,33.65,5.45,2026-04-21T13:11:00,2026-04-21T13:11:00,2026-04-22T13:11:00,2026-04-22T01:11:00,Completed,Met
WO701489,SR701489,5198,CCSS,UEL,PCGROUND,Responsive,1,261.18,274.24,54.85,329.09,268.76,26.88,40.31,174.69,26.88,4.35,2026-04-21T12:08:00,2026-04-21T12:08:00,2026-04-22T12:08:00,2026-04-21T18:08:00,Completed,Met
WO701490,SR701490,5130,KPIF,QEL,PCELEC,Responsive,1,290.84,305.38,61.08,366.46,299.27,164.60,104.74,0.00,29.93,4.85,2026-04-21T11:01:00,2026-04-21T11:01:00,2026-05-05T11:01:00,2026-05-01T16:01:00,Completed,Met
WO701491,SR701491,5171,PHJONESGAS,NG,PCCARP,Responsive,1,226.30,237.62,47.52,285.14,232.87,23.29,34.93,151.37,23.29,3.77,2026-04-21T10:03:00,2026-04-21T10:03:00,2026-05-05T10:03:00,2026-04-24T11:03:00,Completed,Met
WO701492,SR701492,5125,KPIF,QEL,PCPLAST,Responsive,1,256.41,269.23,53.85,323.08,263.85,145.12,92.35,0.00,26.38,4.27,2026-04-21T08:38:00,2026-04-21T08:38:00,2026-05-05T08:38:00,2026-05-01T04:38:00,Completed,Met
WO701493,SR701493,5200,IHREPAIRS,Q,PCPLAST,Responsive,1,167.52,175.90,35.18,211.08,172.38,94.81,60.33,0.00,17.24,2.79,2026-04-21T08:54:00,2026-04-21T08:54:00,2026-05-19T08:54:00,2026-05-09T18:54:00,Completed,Met
WO701494,SR701494,5168,KPIF,Q,PCPLAST,Responsive,1,146.58,153.91,30.78,184.69,150.83,82.96,52.79,0.00,15.08,2.44,2026-04-21T09:54:00,2026-04-21T09:54:00,2026-05-19T09:54:00,2026-04-30T20:54:00,Completed,Met
WO701495,SR701495,5197,PHJONESGAS,Q,PCPLAST,Responsive,1,177.39,186.26,37.25,223.51,182.53,18.25,27.38,118.64,18.25,2.96,2026-04-21T12:07:00,2026-04-21T12:07:00,2026-05-19T12:07:00,2026-05-11T03:07:00,Completed,Met
WO701496,SR701496,5152,IHREPAIRS,Q,PCBRICK,Responsive,1,279.93,293.93,58.79,352.72,288.05,158.43,100.82,0.00,28.80,4.67,2026-04-21T12:05:00,2026-04-21T12:05:00,2026-05-19T12:05:00,2026-05-13T05:05:00,Completed,Met
WO701497,SR701497,5239,CCSS,U1,PCPLUMB,Responsive,1,330.60,347.13,69.43,416.56,340.19,34.02,51.03,221.12,34.02,5.51,2026-04-21T14:12:00,2026-04-21T14:12:00,2026-04-23T14:12:00,2026-04-22T10:12:00,Completed,Met
WO701498,SR701498,5209,KPIF,Q,PCPLUMB,Responsive,1,174.00,182.70,36.54,219.24,179.05,98.48,62.67,0.00,17.90,2.90,2026-04-21T12:36:00,2026-04-21T12:36:00,2026-05-19T12:36:00,2026-05-12T11:36:00,Completed,Met
WO701499,SR701499,5232,IHREPAIRS,QEL,PCVINYL,Responsive,1,203.73,213.92,42.78,256.70,209.64,115.30,73.37,0.00,20.96,3.40,2026-04-21T11:50:00,2026-04-21T11:50:00,2026-05-05T11:50:00,2026-04-28T01:50:00,Completed,Met
WO701500,SR701500,5229,KPIF,U1,PCBRICK,Responsive,1,308.67,324.10,64.82,388.92,317.62,174.69,111.17,0.00,31.76,5.14,2026-04-21T13:29:00,2026-04-21T13:29:00,2026-04-23T13:29:00,2026-04-22T22:29:00,Completed,Met
WO701501,SR701501,5287,KPIF,QEL,PCBRICK,Responsive,1,310.93,326.48,65.30,391.78,319.95,175.97,111.98,0.00,31.99,5.18,2026-04-21T09:30:00,2026-04-21T09:30:00,2026-05-05T09:30:00,2026-04-26T09:30:00,Completed,Met
WO701502,SR701502,5277,KPIF,UEL,PCELEC,Responsive,1,243.54,255.72,51.14,306.86,250.61,137.84,87.71,0.00,25.06,4.06,2026-04-21T09:33:00,2026-04-21T09:33:00,2026-04-22T09:33:00,2026-04-21T17:33:00,Completed,Met
WO701503,SR701503,5297,PHJONESGAS,QEL,PCFENCE,Responsive,1,351.92,369.52,73.90,443.42,362.13,36.21,54.32,235.38,36.21,5.87,2026-04-21T08:50:00,2026-04-21T08:50:00,2026-05-05T08:50:00,2026-04-25T09:50:00,Completed,Met
WO701504,SR701504,5260,BRADLEY,Q,PCVINYL,Responsive,1,185.76,195.05,39.01,234.06,191.15,19.12,28.67,124.25,19.11,3.10,2026-04-21T14:24:00,2026-04-21T14:24:00,2026-05-19T14:24:00,2026-05-12T16:24:00,Completed,Met
WO701505,SR701505,5267,CCSS,U1,PCCARP,Responsive,1,161.95,170.05,34.01,204.06,166.65,16.67,25.00,108.32,16.66,2.70,2026-04-21T13:36:00,2026-04-21T13:36:00,2026-04-23T13:36:00,2026-04-22T22:36:00,Completed,Met
WO701506,SR701506,5264,IHREPAIRS,Q,PCVINYL,Responsive,1,166.22,174.53,34.91,209.44,171.04,94.07,59.86,0.00,17.10,2.77,2026-04-21T10:53:00,2026-04-21T10:53:00,2026-05-19T10:53:00,2026-05-13T04:53:00,Completed,Met
WO701507,SR701507,5282,CCSS,UEL,PCGROUND,Responsive,1,406.74,427.08,85.42,512.50,418.54,41.85,62.78,272.05,41.85,6.78,2026-04-21T10:38:00,2026-04-21T10:38:00,2026-04-22T10:38:00,2026-04-22T02:38:00,Completed,Met
WO701508,SR701508,5263,KPIF,Q,PCTILE,Responsive,1,148.36,155.78,31.16,186.94,152.66,83.96,53.43,0.00,15.27,2.47,2026-04-21T12:12:00,2026-04-21T12:12:00,2026-05-19T12:12:00,2026-05-06T23:12:00,Completed,Met
WO701509,SR701509,5291,OPENVIEW,Q,PCELEC,Responsive,1,201.25,211.31,42.26,253.57,207.08,20.71,31.06,134.60,20.71,3.35,2026-04-21T11:42:00,2026-04-21T11:42:00,2026-05-19T11:42:00,2026-04-29T09:42:00,Completed,Met
WO701510,SR701510,5206,CCSS,Q,PCCARP,Responsive,1,172.59,181.22,36.24,217.46,177.60,17.76,26.64,115.44,17.76,2.88,2026-04-21T09:20:00,2026-04-21T09:20:00,2026-05-19T09:20:00,2026-05-05T16:20:00,Completed,Met
WO701511,SR701511,5247,CCSS,QEL,PCVINYL,Responsive,1,277.13,290.99,58.20,349.19,285.17,28.52,42.78,185.36,28.52,4.62,2026-04-21T08:50:00,2026-04-21T08:50:00,2026-05-05T08:50:00,2026-04-26T21:50:00,Completed,Met
WO701512,SR701512,5274,KPIF,E,PCGROUND,Responsive,1,331.58,348.16,69.63,417.79,341.20,187.66,119.42,0.00,34.12,5.53,2026-04-21T13:51:00,2026-04-21T13:51:00,2026-04-22T13:51:00,2026-04-22T03:51:00,Completed,Met
WO701513,SR701513,5228,PHJONESGAS,E,PCPLAST,Responsive,1,235.81,247.60,49.52,297.12,242.65,24.27,36.40,157.72,24.26,3.93,2026-04-21T09:20:00,2026-04-21T09:20:00,2026-04-22T09:20:00,,Open,Open
WO701514,SR701514,5259,CCSS,Q,PCBRICK,Responsive,1,312.80,328.44,65.69,394.13,321.87,32.19,48.28,209.22,32.19,5.21,2026-04-21T11:30:00,2026-04-21T11:30:00,2026-05-19T11:30:00,2026-05-12T10:30:00,Completed,Met
WO701515,SR701515,5207,PHJONESGAS,Q,PCFENCE,Responsive,1,250.38,262.90,52.58,315.48,257.64,25.76,38.65,167.47,25.76,4.17,2026-04-21T10:44:00,2026-04-21T10:44:00,2026-05-19T10:44:00,2026-05-08T14:44:00,Completed,Met
WO701516,SR701516,5271,CCSS,Q,PCFENCE,Responsive,1,197.74,207.63,41.53,249.16,203.48,20.35,30.52,132.26,20.35,3.30,2026-04-21T09:58:00,2026-04-21T09:58:00,2026-05-19T09:58:00,2026-05-14T08:58:00,Completed,Met
WO701517,SR701517,5279,OPENVIEW,Q,PCGROUND,Responsive,1,467.63,491.01,98.20,589.21,481.19,48.12,72.18,312.77,48.12,7.79,2026-04-21T10:26:00,2026-04-21T10:26:00,2026-05-19T10:26:00,2026-05-06T06:26:00,Completed,Met
WO701518,SR701518,5212,IHREPAIRS,UEL,PCVINYL,Responsive,1,193.41,203.08,40.62,243.70,199.02,109.46,69.66,0.00,19.90,3.22,2026-04-21T10:05:00,2026-04-21T10:05:00,2026-04-22T10:05:00,2026-04-22T00:05:00,Completed,Met
WO701519,SR701519,5063,KPIF,UEL,PCFENCE,Responsive,1,152.52,160.15,32.03,192.18,156.95,86.32,54.93,0.00,15.69,2.54,2026-04-22T11:35:00,2026-04-22T11:35:00,2026-04-23T11:35:00,2026-04-23T01:35:00,Completed,Met
WO701520,SR701520,5015,BRADLEY,Q,PCTILE,Responsive,1,141.18,148.24,29.65,177.89,145.28,14.53,21.79,94.43,14.53,2.35,2026-04-22T14:28:00,2026-04-22T14:28:00,2026-05-20T14:28:00,2026-05-06T10:28:00,Completed,Met
WO701521,SR701521,5023,KPIF,Q,PCVINYL,Responsive,1,248.80,261.24,52.25,313.49,256.02,140.81,89.61,0.00,25.60,4.15,2026-04-22T09:17:00,2026-04-22T09:17:00,2026-05-20T09:17:00,2026-05-15T13:17:00,Completed,Met
WO701522,SR701522,5052,KPIF,U1,PCBRICK,Responsive,1,398.46,418.38,83.68,502.06,410.01,225.51,143.50,0.00,41.00,6.64,2026-04-22T11:31:00,2026-04-22T11:31:00,2026-04-24T11:31:00,2026-04-22T22:31:00,Completed,Met
WO701523,SR701523,5095,PHJONESGAS,Q,PCBRICK,Responsive,1,319.78,335.77,67.15,402.92,329.05,32.91,49.36,213.88,32.90,5.33,2026-04-22T11:15:00,2026-04-22T11:15:00,2026-05-20T11:15:00,,Open,Open
WO701524,SR701524,5071,KPIF,Q,PCPLAST,Responsive,1,254.77,267.51,53.50,321.01,262.16,144.19,91.76,0.00,26.22,4.25,2026-04-22T12:43:00,2026-04-22T12:43:00,2026-05-20T12:43:00,2026-05-10T16:43:00,Completed,Met
WO701525,SR701525,5029,KPIF,Q,PCELEC,Responsive,1,375.78,394.57,78.91,473.48,386.68,212.67,135.34,0.00,38.67,6.26,2026-04-22T08:36:00,2026-04-22T08:36:00,2026-05-20T08:36:00,2026-05-04T22:36:00,Completed,Met
WO701526,SR701526,5062,IHREPAIRS,Q,PCELEC,Responsive,1,288.07,302.47,60.49,362.96,296.42,163.03,103.75,0.00,29.64,4.80,2026-04-22T13:20:00,2026-04-22T13:20:00,2026-05-20T13:20:00,2026-05-10T14:20:00,Completed,Met
WO701527,SR701527,5052,CCSS,Q,PCVINYL,Responsive,1,190.75,200.29,40.06,240.35,196.28,19.63,29.44,127.58,19.63,3.18,2026-04-22T11:36:00,2026-04-22T11:36:00,2026-05-20T11:36:00,2026-05-10T16:36:00,Completed,Met
WO701528,SR701528,5031,KPIF,Q,PCFENCE,Responsive,1,354.75,372.49,74.50,446.99,365.04,200.77,127.76,0.00,36.50,5.91,2026-04-22T14:24:00,2026-04-22T14:24:00,2026-05-20T14:24:00,2026-05-16T18:24:00,Completed,Met
WO701529,SR701529,5032,KPIF,Q,PCGROUND,Responsive,1,321.74,337.83,67.57,405.40,331.07,182.09,115.87,0.00,33.11,5.36,2026-04-22T12:49:00,2026-04-22T12:49:00,2026-05-20T12:49:00,2026-05-07T12:49:00,Completed,Met
WO701530,SR701530,5078,CCSS,Q,PCTILE,Responsive,1,152.14,159.75,31.95,191.70,156.56,15.66,23.48,101.76,15.66,2.54,2026-04-22T14:00:00,2026-04-22T14:00:00,2026-05-20T14:00:00,2026-05-19T15:00:00,Completed,Met
WO701531,SR701531,5035,KPIF,Q,PCPLUMB,Responsive,1,281.72,295.81,59.16,354.97,289.89,159.44,101.46,0.00,28.99,4.70,2026-04-22T13:32:00,2026-04-22T13:32:00,2026-05-20T13:32:00,2026-04-26T14:32:00,Completed,Met
WO701532,SR701532,5072,KPIF,Q,PCELEC,Responsive,1,270.72,284.26,56.85,341.11,278.57,153.21,97.50,0.00,27.86,4.51,2026-04-22T11:27:00,2026-04-22T11:27:00,2026-05-20T11:27:00,,Open,Open
WO701533,SR701533,5046,KPIF,QEL,PCCARP,Responsive,1,163.02,171.17,34.23,205.40,167.75,92.26,58.71,0.00,16.77,2.72,2026-04-22T10:39:00,2026-04-22T10:39:00,2026-05-06T10:39:00,2026-05-05T02:39:00,Completed,Met
WO701534,SR701534,5063,PHJONESGAS,Q,PCVINYL,Responsive,1,262.41,275.53,55.11,330.64,270.02,27.00,40.50,175.51,27.00,4.37,2026-04-22T11:52:00,2026-04-22T11:52:00,2026-05-20T11:52:00,2026-05-10T14:52:00,Completed,Met
WO701535,SR701535,5087,IHREPAIRS,UEL,PCBRICK,Responsive,1,309.35,324.82,64.96,389.78,318.32,175.08,111.41,0.00,31.83,5.16,2026-04-22T12:50:00,2026-04-22T12:50:00,2026-04-23T12:50:00,2026-04-23T04:50:00,Completed,Met
WO701536,SR701536,5088,PHJONESGAS,QEL,PCFENCE,Responsive,1,233.86,245.55,49.11,294.66,240.64,24.06,36.10,156.42,24.06,3.90,2026-04-22T08:57:00,2026-04-22T08:57:00,2026-05-06T08:57:00,2026-04-30T02:57:00,Completed,Met
WO701537,SR701537,5010,CCSS,Q,PCCARP,Responsive,1,223.95,235.15,47.03,282.18,230.45,23.05,34.57,149.79,23.04,3.73,2026-04-22T10:09:00,2026-04-22T10:09:00,2026-05-20T10:09:00,2026-05-09T06:09:00,Completed,Met
WO701538,SR701538,5023,BRADLEY,E,PCPLAST,Responsive,1,213.94,224.64,44.93,269.57,220.15,22.02,33.02,143.10,22.01,3.57,2026-04-22T09:31:00,2026-04-22T09:31:00,2026-04-23T09:31:00,2026-04-22T22:31:00,Completed,Met
WO701539,SR701539,5090,KPIF,QEL,PCVINYL,Responsive,1,247.76,260.15,52.03,312.18,254.95,140.22,89.23,0.00,25.49,4.13,2026-04-22T12:32:00,2026-04-22T12:32:00,2026-05-06T12:32:00,2026-05-02T13:32:00,Completed,Met
WO701540,SR701540,5046,BRADLEY,Q,PCPLAST,Responsive,1,215.10,225.85,45.17,271.02,221.33,22.13,33.20,143.86,22.13,3.58,2026-04-22T12:45:00,2026-04-22T12:45:00,2026-05-20T12:45:00,2026-05-12T23:45:00,Completed,Met
WO701541,SR701541,5145,CCSS,UEL,PCCARP,Responsive,1,246.55,258.88,51.78,310.66,253.70,25.37,38.05,164.91,25.37,4.11,2026-04-22T12:58:00,2026-04-22T12:58:00,2026-04-23T12:58:00,,Open,Open
WO701542,SR701542,5172,KPIF,Q,PCPLUMB,Responsive,1,227.98,239.38,47.88,287.26,234.59,129.02,82.11,0.00,23.46,3.80,2026-04-22T08:30:00,2026-04-22T08:30:00,2026-05-20T08:30:00,,Open,Open
WO701543,SR701543,5150,BRADLEY,E,PCBRICK,Responsive,1,335.46,352.23,70.45,422.68,345.19,34.52,51.78,224.37,34.52,5.59,2026-04-22T13:18:00,2026-04-22T13:18:00,2026-04-23T13:18:00,2026-04-23T02:18:00,Completed,Met
WO701544,SR701544,5182,KPIF,U1,PCELEC,Responsive,1,300.61,315.64,63.13,378.77,309.33,170.13,108.27,0.00,30.93,5.01,2026-04-22T11:26:00,2026-04-22T11:26:00,2026-04-24T11:26:00,2026-04-24T03:26:00,Completed,Met
WO701545,SR701545,5148,CCSS,QEL,PCPLAST,Responsive,1,196.96,206.81,41.36,248.17,202.67,20.27,30.40,131.74,20.27,3.28,2026-04-22T10:00:00,2026-04-22T10:00:00,2026-05-06T10:00:00,2026-04-25T16:00:00,Completed,Met
WO701546,SR701546,5180,BRADLEY,QEL,PCPLUMB,Responsive,1,205.05,215.30,43.06,258.36,210.99,21.10,31.65,137.14,21.10,3.42,2026-04-22T09:31:00,2026-04-22T09:31:00,2026-05-06T09:31:00,2026-05-01T15:31:00,Completed,Met
WO701547,SR701547,5145,KPIF,Q,PCPLAST,Responsive,1,200.72,210.76,42.15,252.91,206.54,113.60,72.29,0.00,20.65,3.35,2026-04-22T09:21:00,2026-04-22T09:21:00,2026-05-20T09:21:00,2026-05-01T13:21:00,Completed,Met
WO701548,SR701548,5144,IHREPAIRS,QEL,PCELEC,Responsive,1,150.19,157.70,31.54,189.24,154.55,85.00,54.09,0.00,15.45,2.50,2026-04-22T11:49:00,2026-04-22T11:49:00,2026-05-06T11:49:00,2026-05-02T06:49:00,Completed,Met
WO701549,SR701549,5109,KPIF,UEL,PCFENCE,Responsive,1,327.50,343.88,68.78,412.66,337.00,185.35,117.95,0.00,33.70,5.46,2026-04-22T12:41:00,2026-04-22T12:41:00,2026-04-23T12:41:00,2026-04-23T04:41:00,Completed,Met
WO701550,SR701550,5162,KPIF,QEL,PCCARP,Responsive,1,215.83,226.62,45.32,271.94,222.09,122.15,77.73,0.00,22.21,3.60,2026-04-22T14:05:00,2026-04-22T14:05:00,2026-05-06T14:05:00,2026-04-29T12:05:00,Completed,Met
WO701551,SR701551,5169,IHREPAIRS,Q,PCGROUND,Responsive,1,448.99,471.44,94.29,565.73,462.01,254.11,161.70,0.00,46.20,7.48,2026-04-22T10:12:00,2026-04-22T10:12:00,2026-05-20T10:12:00,2026-05-08T14:12:00,Completed,Met
WO701552,SR701552,5138,KPIF,Q,PCVINYL,Responsive,1,222.77,233.91,46.78,280.69,229.23,126.08,80.23,0.00,22.92,3.71,2026-04-22T12:41:00,2026-04-22T12:41:00,2026-05-20T12:41:00,2026-05-11T21:41:00,Completed,Met
WO701553,SR701553,5179,PHJONESGAS,UEL,PCVINYL,Responsive,1,159.17,167.13,33.43,200.56,163.79,16.38,24.57,106.46,16.38,2.65,2026-04-22T10:57:00,2026-04-22T10:57:00,2026-04-23T10:57:00,2026-04-23T01:57:00,Completed,Met
WO701554,SR701554,5106,KPIF,QEL,PCTILE,Responsive,1,122.52,128.65,25.73,154.38,126.08,69.34,44.13,0.00,12.61,2.04,2026-04-22T13:30:00,2026-04-22T13:30:00,2026-05-06T13:30:00,2026-04-30T21:30:00,Completed,Met
WO701555,SR701555,5141,KPIF,Q,PCPLUMB,Responsive,1,266.62,279.95,55.99,335.94,274.35,150.89,96.02,0.00,27.43,4.44,2026-04-22T11:05:00,2026-04-22T11:05:00,2026-05-20T11:05:00,2026-05-05T08:05:00,Completed,Met
WO701556,SR701556,5188,IHREPAIRS,Q,PCVINYL,Responsive,1,216.71,227.55,45.51,273.06,223.00,122.65,78.05,0.00,22.30,3.61,2026-04-22T10:01:00,2026-04-22T10:01:00,2026-05-20T10:01:00,,Open,Open
WO701557,SR701557,5128,KPIF,Q,PCCARP,Responsive,1,167.74,176.13,35.23,211.36,172.61,94.94,60.41,0.00,17.26,2.80,2026-04-22T10:23:00,2026-04-22T10:23:00,2026-05-20T10:23:00,2026-05-08T16:23:00,Completed,Met
WO701558,SR701558,5127,KPIF,E,PCPLUMB,Responsive,1,263.89,277.08,55.42,332.50,271.54,149.35,95.04,0.00,27.15,4.40,2026-04-22T14:22:00,2026-04-22T14:22:00,2026-04-23T14:22:00,2026-04-23T07:22:00,Completed,Met
WO701559,SR701559,5185,PHJONESGAS,NG,PCFENCE,Responsive,1,349.33,366.80,73.36,440.16,359.46,35.95,53.92,233.65,35.95,5.82,2026-04-22T10:26:00,2026-04-22T10:26:00,2026-05-06T10:26:00,,Open,Open
WO701560,SR701560,5119,KPIF,Q,PCTILE,Responsive,1,118.94,124.89,24.98,149.87,122.39,67.31,42.84,0.00,12.24,1.98,2026-04-22T12:06:00,2026-04-22T12:06:00,2026-05-20T12:06:00,2026-05-05T13:06:00,Completed,Met
WO701561,SR701561,5140,IHREPAIRS,QEL,PCTILE,Responsive,1,162.23,170.34,34.07,204.41,166.93,91.81,58.43,0.00,16.69,2.70,2026-04-22T10:49:00,2026-04-22T10:49:00,2026-05-06T10:49:00,2026-04-30T11:49:00,Completed,Met
WO701562,SR701562,5149,KPIF,QEL,PCBRICK,Responsive,1,328.34,344.76,68.95,413.71,337.86,185.82,118.25,0.00,33.79,5.47,2026-04-22T12:39:00,2026-04-22T12:39:00,2026-05-06T12:39:00,2026-04-30T21:39:00,Completed,Met
WO701563,SR701563,5206,CCSS,U1,PCELEC,Responsive,1,242.38,254.50,50.90,305.40,249.41,24.94,37.41,162.12,24.94,4.04,2026-04-22T09:06:00,2026-04-22T09:06:00,2026-04-24T09:06:00,2026-04-23T10:06:00,Completed,Met
WO701564,SR701564,5263,KPIF,U1,PCCARP,Responsive,1,165.78,174.07,34.81,208.88,170.59,93.82,59.71,0.00,17.06,2.76,2026-04-22T10:41:00,2026-04-22T10:41:00,2026-04-24T10:41:00,2026-04-24T05:41:00,Completed,Met
WO701565,SR701565,5237,OPENVIEW,UEL,PCGROUND,Responsive,1,433.45,455.12,91.02,546.14,446.02,44.60,66.90,289.91,44.60,7.22,2026-04-22T10:43:00,2026-04-22T10:43:00,2026-04-23T10:43:00,2026-04-23T02:43:00,Completed,Met
WO701566,SR701566,5226,IHREPAIRS,Q,PCCARP,Responsive,1,179.00,187.95,37.59,225.54,184.19,101.30,64.47,0.00,18.42,2.98,2026-04-22T09:35:00,2026-04-22T09:35:00,2026-05-20T09:35:00,2026-05-07T16:35:00,Completed,Met
WO701567,SR701567,5215,KPIF,E,PCTILE,Responsive,1,107.97,113.37,22.67,136.04,111.10,61.11,38.88,0.00,11.11,1.80,2026-04-22T09:12:00,2026-04-22T09:12:00,2026-04-23T09:12:00,2026-04-23T00:12:00,Completed,Met
WO701568,SR701568,5279,KPIF,Q,PCFENCE,Responsive,1,206.21,216.52,43.30,259.82,212.19,116.70,74.27,0.00,21.22,3.44,2026-04-22T13:35:00,2026-04-22T13:35:00,2026-05-20T13:35:00,2026-05-10T07:35:00,Completed,Met
WO701569,SR701569,5225,KPIF,Q,PCTILE,Responsive,1,151.65,159.23,31.85,191.08,156.05,85.83,54.62,0.00,15.60,2.53,2026-04-22T08:37:00,2026-04-22T08:37:00,2026-05-20T08:37:00,2026-05-13T23:37:00,Completed,Met
WO701570,SR701570,5223,BRADLEY,Q,PCFENCE,Responsive,1,298.34,313.26,62.65,375.91,306.99,30.70,46.05,199.54,30.70,4.97,2026-04-22T08:58:00,2026-04-22T08:58:00,2026-05-20T08:58:00,2026-05-06T15:58:00,Completed,Met
WO701571,SR701571,5209,KPIF,U1,PCTILE,Responsive,1,153.59,161.27,32.25,193.52,158.04,86.92,55.31,0.00,15.80,2.56,2026-04-22T14:06:00,2026-04-22T14:06:00,2026-04-24T14:06:00,2026-04-23T18:06:00,Completed,Met
WO701572,SR701572,5232,KPIF,UEL,PCGROUND,Responsive,1,404.37,424.59,84.92,509.51,416.10,228.86,145.63,0.00,41.61,6.74,2026-04-22T13:10:00,2026-04-22T13:10:00,2026-04-23T13:10:00,2026-04-23T04:10:00,Completed,Met
WO701573,SR701573,5253,IHREPAIRS,Q,PCGROUND,Responsive,1,345.84,363.13,72.63,435.76,355.87,195.73,124.55,0.00,35.59,5.76,2026-04-22T09:56:00,2026-04-22T09:56:00,2026-05-20T09:56:00,,Open,Open
WO701574,SR701574,5214,KPIF,E,PCTILE,Responsive,1,114.61,120.34,24.07,144.41,117.93,64.86,41.28,0.00,11.79,1.91,2026-04-22T08:59:00,2026-04-22T08:59:00,2026-04-23T08:59:00,2026-04-23T01:59:00,Completed,Met
WO701575,SR701575,5229,KPIF,Q,PCPLUMB,Responsive,1,196.07,205.87,41.17,247.04,201.75,110.96,70.61,0.00,20.17,3.27,2026-04-22T14:02:00,2026-04-22T14:02:00,2026-05-20T14:02:00,2026-05-12T05:02:00,Completed,Met
WO701576,SR701576,5250,KPIF,Q,PCBRICK,Responsive,1,247.62,260.00,52.00,312.00,254.80,140.14,89.18,0.00,25.48,4.13,2026-04-22T10:31:00,2026-04-22T10:31:00,2026-05-20T10:31:00,2026-05-06T01:31:00,Completed,Met
WO701577,SR701577,5282,BRADLEY,Q,PCELEC,Responsive,1,249.96,262.46,52.49,314.95,257.21,25.72,38.58,167.19,25.72,4.17,2026-04-22T12:22:00,2026-04-22T12:22:00,2026-05-20T12:22:00,2026-05-04T03:22:00,Completed,Met
WO701578,SR701578,5282,KPIF,QEL,PCPLAST,Responsive,1,176.70,185.53,37.11,222.64,181.82,100.00,63.64,0.00,18.18,2.94,2026-04-22T10:41:00,2026-04-22T10:41:00,2026-05-06T10:41:00,,Open,Open
WO701579,SR701579,5239,KPIF,E,PCPLAST,Responsive,1,114.45,120.17,24.03,144.20,117.77,64.77,41.22,0.00,11.78,1.91,2026-04-22T13:07:00,2026-04-22T13:07:00,2026-04-23T13:07:00,2026-04-23T11:07:00,Completed,Met
WO701580,SR701580,5281,KPIF,UEL,PCFENCE,Responsive,1,293.56,308.24,61.65,369.89,302.08,166.14,105.73,0.00,30.21,4.89,2026-04-22T12:03:00,2026-04-22T12:03:00,2026-04-23T12:03:00,2026-04-22T21:03:00,Completed,Met
WO701581,SR701581,5260,IHREPAIRS,UEL,PCFENCE,Responsive,1,246.26,258.57,51.71,310.28,253.40,139.37,88.69,0.00,25.34,4.10,2026-04-22T09:38:00,2026-04-22T09:38:00,2026-04-23T09:38:00,2026-04-22T22:38:00,Completed,Met
WO701582,SR701582,5225,CCSS,QEL,PCTILE,Responsive,1,184.31,193.53,38.71,232.24,189.66,18.97,28.45,123.28,18.97,3.07,2026-04-22T13:46:00,2026-04-22T13:46:00,2026-05-06T13:46:00,2026-04-28T21:46:00,Completed,Met
WO701583,SR701583,5253,KPIF,Q,PCFENCE,Responsive,1,291.73,306.32,61.26,367.58,300.19,165.10,105.07,0.00,30.02,4.86,2026-04-22T09:42:00,2026-04-22T09:42:00,2026-05-20T09:42:00,2026-05-02T06:42:00,Completed,Met
WO701584,SR701584,5300,KPIF,E,PCVINYL,Responsive,1,182.92,192.07,38.41,230.48,188.23,103.53,65.88,0.00,18.82,3.05,2026-04-22T13:12:00,2026-04-22T13:12:00,2026-04-23T13:12:00,2026-04-23T08:12:00,Completed,Met
WO701585,SR701585,5056,KPIF,QEL,PCPLAST,Responsive,1,235.06,246.81,49.36,296.17,241.87,133.03,84.65,0.00,24.19,3.92,2026-04-23T10:15:00,2026-04-23T10:15:00,2026-05-07T10:15:00,2026-04-28T16:15:00,Completed,Met
WO701586,SR701586,5096,IHREPAIRS,Q,PCPLAST,Responsive,1,225.49,236.76,47.35,284.11,232.02,127.61,81.21,0.00,23.20,3.76,2026-04-23T10:11:00,2026-04-23T10:11:00,2026-05-21T10:11:00,2026-05-13T01:11:00,Completed,Met
WO701587,SR701587,5095,IHREPAIRS,QEL,PCPLAST,Responsive,1,179.75,188.74,37.75,226.49,184.97,101.73,64.74,0.00,18.50,3.00,2026-04-23T13:42:00,2026-04-23T13:42:00,2026-05-07T13:42:00,2026-05-05T11:42:00,Completed,Met
WO701588,SR701588,5005,KPIF,QEL,PCCARP,Responsive,1,148.56,155.99,31.20,187.19,152.87,84.08,53.50,0.00,15.29,2.48,2026-04-23T08:34:00,2026-04-23T08:34:00,2026-05-07T08:34:00,2026-05-06T16:34:00,Completed,Met
WO701589,SR701589,5012,KPIF,QEL,PCFENCE,Responsive,1,268.72,282.16,56.43,338.59,276.52,152.09,96.78,0.00,27.65,4.48,2026-04-23T09:47:00,2026-04-23T09:47:00,2026-05-07T09:47:00,,Open,Open
WO701590,SR701590,5080,OPENVIEW,Q,PCFENCE,Responsive,1,306.56,321.89,64.38,386.27,315.45,31.55,47.32,205.04,31.54,5.11,2026-04-23T12:33:00,2026-04-23T12:33:00,2026-05-21T12:33:00,2026-05-08T11:33:00,Completed,Met
WO701591,SR701591,5072,KPIF,QEL,PCPLAST,Responsive,1,253.54,266.22,53.24,319.46,260.90,143.50,91.31,0.00,26.09,4.23,2026-04-23T12:02:00,2026-04-23T12:02:00,2026-05-07T12:02:00,2026-05-06T10:02:00,Completed,Met
WO701592,SR701592,5072,CCSS,Q,PCGROUND,Responsive,1,261.58,274.66,54.93,329.59,269.17,26.92,40.38,174.96,26.92,4.36,2026-04-23T10:53:00,2026-04-23T10:53:00,2026-05-21T10:53:00,2026-05-05T18:53:00,Completed,Met
WO701593,SR701593,5085,KPIF,QEL,PCPLAST,Responsive,1,226.53,237.86,47.57,285.43,233.10,128.21,81.58,0.00,23.31,3.78,2026-04-23T08:50:00,2026-04-23T08:50:00,2026-05-07T08:50:00,2026-05-03T12:50:00,Completed,Met
WO701594,SR701594,5022,PHJONESGAS,Q,PCPLUMB,Responsive,1,215.92,226.72,45.34,272.06,222.19,22.22,33.33,144.42,22.22,3.60,2026-04-23T11:35:00,2026-04-23T11:35:00,2026-05-21T11:35:00,2026-05-16T23:35:00,Completed,Met
WO701595,SR701595,5003,IHREPAIRS,QEL,PCELEC,Responsive,1,252.53,265.16,53.03,318.19,259.86,142.92,90.95,0.00,25.99,4.21,2026-04-23T11:23:00,2026-04-23T11:23:00,2026-05-07T11:23:00,,Open,Open
WO701596,SR701596,5018,BRADLEY,Q,PCBRICK,Responsive,1,315.45,331.22,66.24,397.46,324.60,32.46,48.69,210.99,32.46,5.26,2026-04-23T09:26:00,2026-04-23T09:26:00,2026-05-21T09:26:00,2026-05-20T01:26:00,Completed,Met
WO701597,SR701597,5082,CCSS,UEL,PCFENCE,Responsive,1,394.32,414.04,82.81,496.85,405.76,40.58,60.86,263.74,40.58,6.57,2026-04-23T09:12:00,2026-04-23T09:12:00,2026-04-24T09:12:00,2026-04-23T14:12:00,Completed,Met
WO701598,SR701598,5080,KPIF,NG,PCVINYL,Responsive,1,250.01,262.51,52.50,315.01,257.26,141.49,90.04,0.00,25.73,4.17,2026-04-23T10:39:00,2026-04-23T10:39:00,2026-05-07T10:39:00,2026-05-02T15:39:00,Completed,Met
WO701599,SR701599,5004,KPIF,UEL,PCELEC,Responsive,1,299.95,314.95,62.99,377.94,308.65,169.76,108.03,0.00,30.86,5.00,2026-04-23T14:02:00,2026-04-23T14:02:00,2026-04-24T14:02:00,2026-04-24T04:02:00,Completed,Met
WO701600,SR701600,5056,CCSS,E,PCFENCE,Responsive,1,285.37,299.64,59.93,359.57,293.65,29.36,44.05,190.87,29.36,4.76,2026-04-23T14:06:00,2026-04-23T14:06:00,2026-04-24T14:06:00,2026-04-24T02:06:00,Completed,Met
WO701601,SR701601,5017,KPIF,Q,PCPLUMB,Responsive,1,286.27,300.58,60.12,360.70,294.57,162.01,103.10,0.00,29.46,4.77,2026-04-23T11:44:00,2026-04-23T11:44:00,2026-05-21T11:44:00,2026-05-12T05:44:00,Completed,Met
WO701602,SR701602,5089,KPIF,Q,PCBRICK,Responsive,1,239.78,251.77,50.35,302.12,246.73,135.70,86.36,0.00,24.67,4.00,2026-04-23T12:52:00,2026-04-23T12:52:00,2026-05-21T12:52:00,2026-05-16T05:52:00,Completed,Met
WO701603,SR701603,5044,CCSS,QEL,PCPLAST,Responsive,1,227.42,238.79,47.76,286.55,234.01,23.40,35.10,152.11,23.40,3.79,2026-04-23T13:12:00,2026-04-23T13:12:00,2026-05-07T13:12:00,2026-05-02T17:12:00,Completed,Met
WO701604,SR701604,5058,BRADLEY,QEL,PCCARP,Responsive,1,175.74,184.53,36.91,221.44,180.84,18.08,27.13,117.55,18.08,2.93,2026-04-23T12:50:00,2026-04-23T12:50:00,2026-05-07T12:50:00,2026-05-02T09:50:00,Completed,Met
WO701605,SR701605,5098,KPIF,UEL,PCCARP,Responsive,1,227.98,239.38,47.88,287.26,234.59,129.02,82.11,0.00,23.46,3.80,2026-04-23T09:03:00,2026-04-23T09:03:00,2026-04-24T09:03:00,2026-04-24T04:03:00,Completed,Met
WO701606,SR701606,5010,CCSS,Q,PCPLUMB,Responsive,1,196.38,206.20,41.24,247.44,202.08,20.21,30.31,131.35,20.21,3.27,2026-04-23T11:24:00,2026-04-23T11:24:00,2026-05-21T11:24:00,2026-05-15T13:24:00,Completed,Met
WO701607,SR701607,5181,KPIF,Q,PCELEC,Responsive,1,274.73,288.47,57.69,346.16,282.70,155.49,98.94,0.00,28.27,4.58,2026-04-23T14:10:00,2026-04-23T14:10:00,2026-05-21T14:10:00,2026-05-12T15:10:00,Completed,Met
WO701608,SR701608,5126,CCSS,U1,PCCARP,Responsive,1,181.38,190.45,38.09,228.54,186.64,18.66,28.00,121.32,18.66,3.02,2026-04-23T09:16:00,2026-04-23T09:16:00,2026-04-25T09:16:00,2026-04-25T06:16:00,Completed,Met
WO701609,SR701609,5107,IHREPAIRS,Q,PCCARP,Responsive,1,183.22,192.38,38.48,230.86,188.53,103.69,65.99,0.00,18.85,3.05,2026-04-23T10:08:00,2026-04-23T10:08:00,2026-05-21T10:08:00,2026-05-06T13:08:00,Completed,Met
WO701610,SR701610,5178,CCSS,Q,PCPLAST,Responsive,1,190.40,199.92,39.98,239.90,195.92,19.59,29.39,127.35,19.59,3.17,2026-04-23T13:33:00,2026-04-23T13:33:00,2026-05-21T13:33:00,2026-05-11T15:33:00,Completed,Met
WO701611,SR701611,5101,KPIF,U1,PCCARP,Responsive,1,150.62,158.15,31.63,189.78,154.99,85.24,54.25,0.00,15.50,2.51,2026-04-23T09:43:00,2026-04-23T09:43:00,2026-04-25T09:43:00,2026-04-24T22:43:00,Completed,Met
WO701612,SR701612,5116,OPENVIEW,U1,PCCARP,Responsive,1,219.23,230.19,46.04,276.23,225.59,22.56,33.84,146.63,22.56,3.65,2026-04-23T10:26:00,2026-04-23T10:26:00,2026-04-25T10:26:00,2026-04-24T21:26:00,Completed,Met
WO701613,SR701613,5177,KPIF,Q,PCVINYL,Responsive,1,256.41,269.23,53.85,323.08,263.85,145.12,92.35,0.00,26.38,4.27,2026-04-23T12:08:00,2026-04-23T12:08:00,2026-05-21T12:08:00,2026-05-10T06:08:00,Completed,Met
WO701614,SR701614,5101,KPIF,UEL,PCBRICK,Responsive,1,340.34,357.36,71.47,428.83,350.21,192.62,122.57,0.00,35.02,5.67,2026-04-23T09:01:00,2026-04-23T09:01:00,2026-04-24T09:01:00,2026-04-24T03:01:00,Completed,Met
WO701615,SR701615,5180,CCSS,U1,PCVINYL,Responsive,1,224.93,236.18,47.24,283.42,231.46,23.15,34.72,150.45,23.15,3.75,2026-04-23T12:18:00,2026-04-23T12:18:00,2026-04-25T12:18:00,2026-04-25T08:18:00,Completed,Met
WO701616,SR701616,5176,IHREPAIRS,Q,PCFENCE,Responsive,1,245.78,258.07,51.61,309.68,252.91,139.10,88.52,0.00,25.29,4.10,2026-04-23T09:03:00,2026-04-23T09:03:00,2026-05-21T09:03:00,2026-05-01T23:03:00,Completed,Met
WO701617,SR701617,5146,KPIF,Q,PCELEC,Responsive,1,421.48,442.55,88.51,531.06,433.70,238.54,151.79,0.00,43.37,7.02,2026-04-23T12:40:00,2026-04-23T12:40:00,2026-05-21T12:40:00,2026-05-02T03:40:00,Completed,Met
WO701618,SR701618,5176,KPIF,E,PCPLAST,Responsive,1,178.17,187.08,37.42,224.50,183.34,100.84,64.17,0.00,18.33,2.97,2026-04-23T12:28:00,2026-04-23T12:28:00,2026-04-24T12:28:00,2026-04-24T05:28:00,Completed,Met
WO701619,SR701619,5152,KPIF,QEL,PCELEC,Responsive,1,320.74,336.78,67.36,404.14,330.04,181.52,115.51,0.00,33.00,5.35,2026-04-23T09:48:00,2026-04-23T09:48:00,2026-05-07T09:48:00,2026-05-04T16:48:00,Completed,Met
WO701620,SR701620,5104,KPIF,QEL,PCPLAST,Responsive,1,227.71,239.10,47.82,286.92,234.32,128.88,82.01,0.00,23.43,3.80,2026-04-23T13:53:00,2026-04-23T13:53:00,2026-05-07T13:53:00,2026-05-03T12:53:00,Completed,Met
WO701621,SR701621,5185,PHJONESGAS,U1,PCPLAST,Responsive,1,220.13,231.14,46.23,277.37,226.52,22.65,33.98,147.24,22.65,3.67,2026-04-23T10:21:00,2026-04-23T10:21:00,2026-04-25T10:21:00,2026-04-24T22:21:00,Completed,Met
WO701622,SR701622,5144,KPIF,E,PCTILE,Responsive,1,110.47,115.99,23.20,139.19,113.67,62.52,39.78,0.00,11.37,1.84,2026-04-23T11:05:00,2026-04-23T11:05:00,2026-04-24T11:05:00,2026-04-24T05:05:00,Completed,Met
WO701623,SR701623,5125,IHREPAIRS,Q,PCELEC,Responsive,1,251.03,263.58,52.72,316.30,258.31,142.07,90.41,0.00,25.83,4.18,2026-04-23T12:12:00,2026-04-23T12:12:00,2026-05-21T12:12:00,2026-05-13T10:12:00,Completed,Met
WO701624,SR701624,5108,KPIF,QEL,PCFENCE,Responsive,1,213.66,224.34,44.87,269.21,219.85,120.92,76.95,0.00,21.98,3.56,2026-04-23T11:15:00,2026-04-23T11:15:00,2026-05-07T11:15:00,2026-04-30T19:15:00,Completed,Met
WO701625,SR701625,5167,KPIF,QEL,PCELEC,Responsive,1,242.29,254.40,50.88,305.28,249.31,137.12,87.26,0.00,24.93,4.04,2026-04-23T08:36:00,2026-04-23T08:36:00,2026-05-07T08:36:00,2026-05-05T13:36:00,Completed,Met
WO701626,SR701626,5140,IHREPAIRS,Q,PCVINYL,Responsive,1,282.34,296.46,59.29,355.75,290.53,159.79,101.69,0.00,29.05,4.71,2026-04-23T13:01:00,2026-04-23T13:01:00,2026-05-21T13:01:00,2026-05-08T13:01:00,Completed,Met
WO701627,SR701627,5117,IHREPAIRS,Q,PCFENCE,Responsive,1,297.09,311.94,62.39,374.33,305.70,168.14,106.99,0.00,30.57,4.95,2026-04-23T08:39:00,2026-04-23T08:39:00,2026-05-21T08:39:00,2026-05-04T15:39:00,Completed,Met
WO701628,SR701628,5142,BRADLEY,QEL,PCTILE,Responsive,1,121.00,127.05,25.41,152.46,124.51,12.45,18.68,80.93,12.45,2.02,2026-04-23T13:54:00,2026-04-23T13:54:00,2026-05-07T13:54:00,2026-05-08T10:54:00,Completed,Breached
WO701629,SR701629,5272,KPIF,Q,PCFENCE,Responsive,1,204.37,214.59,42.92,257.51,210.30,115.67,73.61,0.00,21.03,3.41,2026-04-23T10:09:00,2026-04-23T10:09:00,2026-05-21T10:09:00,2026-05-22T01:09:00,Completed,Breached
WO701630,SR701630,5274,IHREPAIRS,Q,PCTILE,Responsive,1,162.32,170.44,34.09,204.53,167.03,91.87,58.46,0.00,16.70,2.71,2026-04-23T10:37:00,2026-04-23T10:37:00,2026-05-21T10:37:00,,Open,Open
WO701631,SR701631,5266,KPIF,Q,PCCARP,Responsive,1,198.41,208.33,41.67,250.00,204.16,112.29,71.46,0.00,20.42,3.31,2026-04-23T11:14:00,2026-04-23T11:14:00,2026-05-21T11:14:00,2026-05-15T22:14:00,Completed,Met
WO701632,SR701632,5294,KPIF,E,PCBRICK,Responsive,1,275.24,289.00,57.80,346.80,283.22,155.77,99.13,0.00,28.32,4.59,2026-04-23T10:08:00,2026-04-23T10:08:00,2026-04-24T10:08:00,2026-04-24T01:08:00,Completed,Met
WO701633,SR701633,5300,KPIF,Q,PCPLUMB,Responsive,1,311.33,326.90,65.38,392.28,320.36,176.20,112.13,0.00,32.04,5.19,2026-04-23T08:31:00,2026-04-23T08:31:00,2026-05-21T08:31:00,2026-05-05T06:31:00,Completed,Met
WO701634,SR701634,5219,IHREPAIRS,QEL,PCBRICK,Responsive,1,276.31,290.13,58.03,348.16,284.33,156.38,99.52,0.00,28.43,4.61,2026-04-23T11:10:00,2026-04-23T11:10:00,2026-05-07T11:10:00,2026-04-29T02:10:00,Completed,Met
WO701635,SR701635,5283,IHREPAIRS,QEL,PCTILE,Responsive,1,169.76,178.25,35.65,213.90,174.69,96.08,61.14,0.00,17.47,2.83,2026-04-23T09:31:00,2026-04-23T09:31:00,2026-05-07T09:31:00,2026-05-01T11:31:00,Completed,Met
WO701636,SR701636,5268,CCSS,UEL,PCGROUND,Responsive,1,272.45,286.07,57.21,343.28,280.35,28.04,42.05,182.23,28.03,4.54,2026-04-23T12:06:00,2026-04-23T12:06:00,2026-04-24T12:06:00,2026-04-23T23:06:00,Completed,Met
WO701637,SR701637,5227,KPIF,UEL,PCPLAST,Responsive,1,185.47,194.74,38.95,233.69,190.85,104.97,66.80,0.00,19.08,3.09,2026-04-23T13:59:00,2026-04-23T13:59:00,2026-04-24T13:59:00,2026-04-24T03:59:00,Completed,Met
WO701638,SR701638,5219,IHREPAIRS,Q,PCELEC,Responsive,1,273.97,287.67,57.53,345.20,281.92,155.06,98.67,0.00,28.19,4.57,2026-04-23T13:34:00,2026-04-23T13:34:00,2026-05-21T13:34:00,2026-05-05T18:34:00,Completed,Met
WO701639,SR701639,5259,IHREPAIRS,U1,PCBRICK,Responsive,1,345.80,363.09,72.62,435.71,355.83,195.71,124.54,0.00,35.58,5.76,2026-04-23T10:55:00,2026-04-23T10:55:00,2026-04-25T10:55:00,2026-04-24T17:55:00,Completed,Met
WO701640,SR701640,5216,IHREPAIRS,QEL,PCPLUMB,Responsive,1,303.42,318.59,63.72,382.31,312.22,171.72,109.28,0.00,31.22,5.06,2026-04-23T11:38:00,2026-04-23T11:38:00,2026-05-07T11:38:00,2026-05-05T04:38:00,Completed,Met
WO701641,SR701641,5204,KPIF,Q,PCVINYL,Responsive,1,176.33,185.15,37.03,222.18,181.45,99.80,63.51,0.00,18.14,2.94,2026-04-23T11:17:00,2026-04-23T11:17:00,2026-05-21T11:17:00,2026-05-03T01:17:00,Completed,Met
WO701642,SR701642,5242,KPIF,QEL,PCPLUMB,Responsive,1,242.06,254.16,50.83,304.99,249.08,136.99,87.18,0.00,24.91,4.03,2026-04-23T09:37:00,2026-04-23T09:37:00,2026-05-07T09:37:00,2026-04-25T08:37:00,Completed,Met
WO701643,SR701643,5214,CCSS,U1,PCGROUND,Responsive,1,212.42,223.04,44.61,267.65,218.58,21.86,32.79,142.08,21.86,3.54,2026-04-23T09:17:00,2026-04-23T09:17:00,2026-04-25T09:17:00,2026-04-24T14:17:00,Completed,Met
WO701644,SR701644,5253,IHREPAIRS,Q,PCFENCE,Responsive,1,299.91,314.91,62.98,377.89,308.61,169.74,108.01,0.00,30.86,5.00,2026-04-23T13:09:00,2026-04-23T13:09:00,2026-05-21T13:09:00,2026-05-15T17:09:00,Completed,Met
WO701645,SR701645,5289,KPIF,Q,PCPLAST,Responsive,1,205.66,215.94,43.19,259.13,211.62,116.39,74.07,0.00,21.16,3.43,2026-04-23T10:16:00,2026-04-23T10:16:00,2026-05-21T10:16:00,2026-05-07T14:16:00,Completed,Met
WO701646,SR701646,5234,IHREPAIRS,UEL,PCTILE,Responsive,1,166.27,174.58,34.92,209.50,171.09,94.10,59.88,0.00,17.11,2.77,2026-04-23T13:15:00,2026-04-23T13:15:00,2026-04-24T13:15:00,2026-04-24T10:15:00,Completed,Met
WO701647,SR701647,5262,CCSS,E,PCPLUMB,Responsive,1,233.36,245.03,49.01,294.04,240.13,24.01,36.02,156.08,24.01,3.89,2026-04-23T09:48:00,2026-04-23T09:48:00,2026-04-24T09:48:00,2026-04-24T01:48:00,Completed,Met
WO701648,SR701648,5250,CCSS,E,PCVINYL,Responsive,1,229.23,240.69,48.14,288.83,235.88,23.59,35.38,153.32,23.59,3.82,2026-04-23T12:42:00,2026-04-23T12:42:00,2026-04-24T12:42:00,2026-04-24T09:42:00,Completed,Met
WO701649,SR701649,5209,KPIF,U1,PCPLUMB,Responsive,1,237.43,249.30,49.86,299.16,244.31,134.37,85.51,0.00,24.43,3.96,2026-04-23T10:27:00,2026-04-23T10:27:00,2026-04-25T10:27:00,2026-04-24T13:27:00,Completed,Met
WO701650,SR701650,5275,OPENVIEW,Q,PCFENCE,Responsive,1,340.78,357.82,71.56,429.38,350.66,35.07,52.60,227.93,35.07,5.68,2026-04-23T11:53:00,2026-04-23T11:53:00,2026-05-21T11:53:00,2026-05-11T20:53:00,Completed,Met
WO701651,SR701651,5096,KPIF,UEL,PCBRICK,Responsive,1,352.62,370.25,74.05,444.30,362.84,199.56,126.99,0.00,36.28,5.88,2026-04-24T11:48:00,2026-04-24T11:48:00,2026-04-25T11:48:00,2026-04-25T03:48:00,Completed,Met
WO701652,SR701652,5043,KPIF,UEL,PCTILE,Responsive,1,134.40,141.12,28.22,169.34,138.30,76.07,48.41,0.00,13.83,2.24,2026-04-24T09:31:00,2026-04-24T09:31:00,2026-04-25T09:31:00,2026-04-24T20:31:00,Completed,Met
WO701653,SR701653,5084,KPIF,QEL,PCGROUND,Responsive,1,444.51,466.74,93.35,560.09,457.41,251.58,160.09,0.00,45.74,7.41,2026-04-24T09:27:00,2026-04-24T09:27:00,2026-05-08T09:27:00,2026-05-07T15:27:00,Completed,Met
WO701654,SR701654,5027,CCSS,QEL,PCTILE,Responsive,1,122.59,128.72,25.74,154.46,126.15,12.62,18.92,82.00,12.61,2.04,2026-04-24T11:02:00,2026-04-24T11:02:00,2026-05-08T11:02:00,2026-05-04T22:02:00,Completed,Met
WO701655,SR701655,5039,IHREPAIRS,Q,PCFENCE,Responsive,1,237.31,249.18,49.84,299.02,244.20,134.31,85.47,0.00,24.42,3.96,2026-04-24T10:27:00,2026-04-24T10:27:00,2026-05-22T10:27:00,2026-04-30T14:27:00,Completed,Met
WO701656,SR701656,5066,KPIF,UEL,PCPLUMB,Responsive,1,217.41,228.28,45.66,273.94,223.71,123.04,78.30,0.00,22.37,3.62,2026-04-24T10:02:00,2026-04-24T10:02:00,2026-04-25T10:02:00,2026-04-25T02:02:00,Completed,Met
WO701657,SR701657,5050,KPIF,Q,PCFENCE,Responsive,1,252.49,265.11,53.02,318.13,259.81,142.90,90.93,0.00,25.98,4.21,2026-04-24T09:54:00,2026-04-24T09:54:00,2026-05-22T09:54:00,2026-05-16T19:54:00,Completed,Met
WO701658,SR701658,5086,KPIF,U1,PCTILE,Responsive,1,128.02,134.42,26.88,161.30,131.73,72.45,46.11,0.00,13.17,2.13,2026-04-24T08:30:00,2026-04-24T08:30:00,2026-04-26T08:30:00,2026-04-25T20:30:00,Completed,Met
WO701659,SR701659,5036,KPIF,UEL,PCPLUMB,Responsive,1,235.28,247.04,49.41,296.45,242.10,133.16,84.73,0.00,24.21,3.92,2026-04-24T13:20:00,2026-04-24T13:20:00,2026-04-25T13:20:00,2026-04-25T05:20:00,Completed,Met
WO701660,SR701660,5083,CCSS,NG,PCTILE,Responsive,1,173.78,182.47,36.49,218.96,178.82,17.88,26.82,116.23,17.88,2.90,2026-04-24T11:40:00,2026-04-24T11:40:00,2026-05-08T11:40:00,,Open,Open
WO701661,SR701661,5099,KPIF,QEL,PCPLUMB,Responsive,1,266.80,280.14,56.03,336.17,274.54,151.00,96.09,0.00,27.45,4.45,2026-04-24T10:44:00,2026-04-24T10:44:00,2026-05-08T10:44:00,2026-04-26T13:44:00,Completed,Met
WO701662,SR701662,5027,CCSS,QEL,PCCARP,Responsive,1,115.64,121.42,24.28,145.70,118.99,11.90,17.85,77.34,11.90,1.93,2026-04-24T14:19:00,2026-04-24T14:19:00,2026-05-08T14:19:00,2026-05-04T12:19:00,Completed,Met
WO701663,SR701663,5023,CCSS,U1,PCPLUMB,Responsive,1,198.48,208.40,41.68,250.08,204.23,20.42,30.63,132.75,20.42,3.31,2026-04-24T12:23:00,2026-04-24T12:23:00,2026-04-26T12:23:00,2026-04-26T01:23:00,Completed,Met
WO701664,SR701664,5035,IHREPAIRS,Q,PCPLUMB,Responsive,1,253.02,265.67,53.13,318.80,260.36,143.20,91.13,0.00,26.04,4.22,2026-04-24T14:24:00,2026-04-24T14:24:00,2026-05-22T14:24:00,2026-05-12T13:24:00,Completed,Met
WO701665,SR701665,5004,OPENVIEW,Q,PCPLUMB,Responsive,1,246.29,258.60,51.72,310.32,253.43,25.34,38.01,164.73,25.34,4.10,2026-04-24T12:01:00,2026-04-24T12:01:00,2026-05-22T12:01:00,2026-05-11T17:01:00,Completed,Met
WO701666,SR701666,5085,BRADLEY,QEL,PCCARP,Responsive,1,158.61,166.54,33.31,199.85,163.21,16.32,24.48,106.09,16.32,2.64,2026-04-24T10:54:00,2026-04-24T10:54:00,2026-05-08T10:54:00,2026-05-02T10:54:00,Completed,Met
WO701667,SR701667,5086,KPIF,QEL,PCBRICK,Responsive,1,321.15,337.21,67.44,404.65,330.47,181.76,115.66,0.00,33.05,5.35,2026-04-24T14:23:00,2026-04-24T14:23:00,2026-05-08T14:23:00,2026-05-02T19:23:00,Completed,Met
WO701668,SR701668,5073,CCSS,Q,PCVINYL,Responsive,1,156.29,164.10,32.82,196.92,160.82,16.08,24.12,104.53,16.08,2.60,2026-04-24T10:28:00,2026-04-24T10:28:00,2026-05-22T10:28:00,2026-05-09T05:28:00,Completed,Met
WO701669,SR701669,5012,IHREPAIRS,Q,PCFENCE,Responsive,1,357.61,375.49,75.10,450.59,367.98,202.39,128.79,0.00,36.80,5.96,2026-04-24T09:53:00,2026-04-24T09:53:00,2026-05-22T09:53:00,2026-05-02T17:53:00,Completed,Met
WO701670,SR701670,5070,IHREPAIRS,UEL,PCPLAST,Responsive,1,232.41,244.03,48.81,292.84,239.15,131.53,83.70,0.00,23.91,3.87,2026-04-24T11:58:00,2026-04-24T11:58:00,2026-04-25T11:58:00,2026-04-25T03:58:00,Completed,Met
WO701671,SR701671,5045,CCSS,U1,PCBRICK,Responsive,1,267.34,280.71,56.14,336.85,275.10,27.51,41.27,178.82,27.51,4.46,2026-04-24T12:43:00,2026-04-24T12:43:00,2026-04-26T12:43:00,2026-04-25T12:43:00,Completed,Met
WO701672,SR701672,5012,KPIF,QEL,PCBRICK,Responsive,1,270.06,283.56,56.71,340.27,277.89,152.84,97.26,0.00,27.79,4.50,2026-04-24T11:33:00,2026-04-24T11:33:00,2026-05-08T11:33:00,2026-04-30T23:33:00,Completed,Met
WO701673,SR701673,5188,KPIF,QEL,PCPLAST,Responsive,1,226.02,237.32,47.46,284.78,232.57,127.91,81.40,0.00,23.26,3.77,2026-04-24T13:50:00,2026-04-24T13:50:00,2026-05-08T13:50:00,2026-05-04T12:50:00,Completed,Met
WO701674,SR701674,5196,IHREPAIRS,QEL,PCPLAST,Responsive,1,167.74,176.13,35.23,211.36,172.61,94.94,60.41,0.00,17.26,2.80,2026-04-24T10:15:00,2026-04-24T10:15:00,2026-05-08T10:15:00,2026-05-04T02:15:00,Completed,Met
WO701675,SR701675,5115,IHREPAIRS,Q,PCGROUND,Responsive,1,414.37,435.09,87.02,522.11,426.39,234.51,149.24,0.00,42.64,6.91,2026-04-24T13:24:00,2026-04-24T13:24:00,2026-05-22T13:24:00,2026-05-24T09:24:00,Completed,Breached
WO701676,SR701676,5122,CCSS,Q,PCTILE,Responsive,1,191.32,200.89,40.18,241.07,196.87,19.69,29.53,127.97,19.69,3.19,2026-04-24T12:40:00,2026-04-24T12:40:00,2026-05-22T12:40:00,2026-05-18T01:40:00,Completed,Met
WO701677,SR701677,5171,OPENVIEW,Q,PCVINYL,Responsive,1,189.33,198.80,39.76,238.56,194.82,19.48,29.22,126.63,19.48,3.16,2026-04-24T10:22:00,2026-04-24T10:22:00,2026-05-22T10:22:00,2026-05-02T23:22:00,Completed,Met
WO701678,SR701678,5114,KPIF,Q,PCTILE,Responsive,1,148.62,156.05,31.21,187.26,152.93,84.11,53.53,0.00,15.29,2.48,2026-04-24T14:25:00,2026-04-24T14:25:00,2026-05-22T14:25:00,,Open,Open
WO701679,SR701679,5165,BRADLEY,Q,PCCARP,Responsive,1,172.57,181.20,36.24,217.44,177.58,17.76,26.64,115.43,17.76,2.88,2026-04-24T14:25:00,2026-04-24T14:25:00,2026-05-22T14:25:00,2026-05-15T08:25:00,Completed,Met
WO701680,SR701680,5127,PHJONESGAS,Q,PCGROUND,Responsive,1,412.73,433.37,86.67,520.04,424.70,42.47,63.70,276.06,42.47,6.88,2026-04-24T10:07:00,2026-04-24T10:07:00,2026-05-22T10:07:00,2026-05-12T14:07:00,Completed,Met
WO701681,SR701681,5124,KPIF,E,PCCARP,Responsive,1,194.36,204.08,40.82,244.90,200.00,110.00,70.00,0.00,20.00,3.24,2026-04-24T09:30:00,2026-04-24T09:30:00,2026-04-25T09:30:00,2026-04-24T19:30:00,Completed,Met
WO701682,SR701682,5190,KPIF,UEL,PCBRICK,Responsive,1,353.38,371.05,74.21,445.26,363.63,200.00,127.27,0.00,36.36,5.89,2026-04-24T11:05:00,2026-04-24T11:05:00,2026-04-25T11:05:00,2026-04-24T19:05:00,Completed,Met
WO701683,SR701683,5179,PHJONESGAS,Q,PCPLUMB,Responsive,1,249.83,262.32,52.46,314.78,257.07,25.71,38.56,167.10,25.71,4.16,2026-04-24T12:45:00,2026-04-24T12:45:00,2026-05-22T12:45:00,2026-05-10T16:45:00,Completed,Met
WO701684,SR701684,5150,KPIF,QEL,PCGROUND,Responsive,1,362.95,381.10,76.22,457.32,373.48,205.41,130.72,0.00,37.35,6.05,2026-04-24T13:30:00,2026-04-24T13:30:00,2026-05-08T13:30:00,2026-05-01T01:30:00,Completed,Met
WO701685,SR701685,5163,PHJONESGAS,Q,PCPLUMB,Responsive,1,248.51,260.94,52.19,313.13,255.72,25.57,38.36,166.22,25.57,4.14,2026-04-24T09:14:00,2026-04-24T09:14:00,2026-05-22T09:14:00,2026-05-04T05:14:00,Completed,Met
WO701686,SR701686,5193,CCSS,Q,PCCARP,Responsive,1,157.90,165.80,33.16,198.96,162.48,16.25,24.37,105.61,16.25,2.63,2026-04-24T10:33:00,2026-04-24T10:33:00,2026-05-22T10:33:00,2026-05-06T04:33:00,Completed,Met
WO701687,SR701687,5171,KPIF,UEL,PCELEC,Responsive,1,202.56,212.69,42.54,255.23,208.44,114.64,72.95,0.00,20.84,3.38,2026-04-24T08:35:00,2026-04-24T08:35:00,2026-04-25T08:35:00,2026-04-24T19:35:00,Completed,Met
WO701688,SR701688,5104,IHREPAIRS,Q,PCGROUND,Responsive,1,504.08,529.28,105.86,635.14,518.69,285.28,181.54,0.00,51.87,8.40,2026-04-24T12:27:00,2026-04-24T12:27:00,2026-05-22T12:27:00,2026-05-10T04:27:00,Completed,Met
WO701689,SR701689,5169,KPIF,UEL,PCPLUMB,Responsive,1,245.21,257.47,51.49,308.96,252.32,138.78,88.31,0.00,25.23,4.09,2026-04-24T12:54:00,2026-04-24T12:54:00,2026-04-25T12:54:00,2026-04-24T16:54:00,Completed,Met
WO701690,SR701690,5121,KPIF,UEL,PCPLUMB,Responsive,1,135.20,141.96,28.39,170.35,139.12,76.52,48.69,0.00,13.91,2.25,2026-04-24T09:26:00,2026-04-24T09:26:00,2026-04-25T09:26:00,2026-04-24T18:26:00,Completed,Met
WO701691,SR701691,5162,KPIF,UEL,PCELEC,Responsive,1,214.91,225.66,45.13,270.79,221.15,121.63,77.40,0.00,22.11,3.58,2026-04-24T14:04:00,2026-04-24T14:04:00,2026-04-25T14:04:00,,Open,Open
WO701692,SR701692,5124,CCSS,UEL,PCTILE,Responsive,1,190.96,200.51,40.10,240.61,196.50,19.65,29.47,127.73,19.65,3.18,2026-04-24T12:42:00,2026-04-24T12:42:00,2026-04-25T12:42:00,2026-04-25T03:42:00,Completed,Met
WO701693,SR701693,5115,KPIF,U1,PCCARP,Responsive,1,166.63,174.96,34.99,209.95,171.46,94.30,60.01,0.00,17.15,2.78,2026-04-24T13:39:00,2026-04-24T13:39:00,2026-04-26T13:39:00,2026-04-25T08:39:00,Completed,Met
WO701694,SR701694,5190,IHREPAIRS,E,PCVINYL,Responsive,1,256.51,269.34,53.87,323.21,263.95,145.17,92.38,0.00,26.39,4.28,2026-04-24T14:25:00,2026-04-24T14:25:00,2026-04-25T14:25:00,2026-04-25T00:25:00,Completed,Met
WO701695,SR701695,5205,CCSS,Q,PCBRICK,Responsive,1,337.91,354.81,70.96,425.77,347.71,34.77,52.16,226.01,34.77,5.63,2026-04-24T09:04:00,2026-04-24T09:04:00,2026-05-22T09:04:00,2026-05-15T04:04:00,Completed,Met
WO701696,SR701696,5246,BRADLEY,Q,PCELEC,Responsive,1,279.18,293.14,58.63,351.77,287.28,28.73,43.09,186.73,28.73,4.65,2026-04-24T09:40:00,2026-04-24T09:40:00,2026-05-22T09:40:00,2026-05-13T14:40:00,Completed,Met
WO701697,SR701697,5286,PHJONESGAS,Q,PCTILE,Responsive,1,148.42,155.84,31.17,187.01,152.72,15.27,22.91,99.27,15.27,2.47,2026-04-24T11:41:00,2026-04-24T11:41:00,2026-05-22T11:41:00,2026-05-05T06:41:00,Completed,Met
WO701698,SR701698,5285,KPIF,Q,PCPLAST,Responsive,1,220.20,231.21,46.24,277.45,226.59,124.62,79.31,0.00,22.66,3.67,2026-04-24T08:50:00,2026-04-24T08:50:00,2026-05-22T08:50:00,2026-05-11T11:50:00,Completed,Met
WO701699,SR701699,5290,KPIF,E,PCVINYL,Responsive,1,258.15,271.06,54.21,325.27,265.64,146.10,92.97,0.00,26.56,4.30,2026-04-24T08:36:00,2026-04-24T08:36:00,2026-04-25T08:36:00,2026-04-25T03:36:00,Completed,Met
WO701700,SR701700,5202,KPIF,QEL,PCBRICK,Responsive,1,240.47,252.49,50.50,302.99,247.44,136.09,86.60,0.00,24.74,4.01,2026-04-24T10:34:00,2026-04-24T10:34:00,2026-05-08T10:34:00,2026-05-06T00:34:00,Completed,Met
WO701701,SR701701,5261,KPIF,Q,PCELEC,Responsive,1,238.50,250.43,50.09,300.52,245.42,134.98,85.90,0.00,24.54,3.98,2026-04-24T11:48:00,2026-04-24T11:48:00,2026-05-22T11:48:00,2026-05-03T19:48:00,Completed,Met
WO701702,SR701702,5210,OPENVIEW,Q,PCPLAST,Responsive,1,189.65,199.13,39.83,238.96,195.15,19.52,29.27,126.85,19.51,3.16,2026-04-24T09:44:00,2026-04-24T09:44:00,2026-05-22T09:44:00,2026-05-12T12:44:00,Completed,Met
WO701703,SR701703,5210,CCSS,UEL,PCPLAST,Responsive,1,219.64,230.62,46.12,276.74,226.01,22.60,33.90,146.91,22.60,3.66,2026-04-24T13:50:00,2026-04-24T13:50:00,2026-04-25T13:50:00,2026-04-25T01:50:00,Completed,Met
WO701704,SR701704,5208,KPIF,E,PCVINYL,Responsive,1,230.22,241.73,48.35,290.08,236.90,130.30,82.91,0.00,23.69,3.84,2026-04-24T11:52:00,2026-04-24T11:52:00,2026-04-25T11:52:00,2026-04-25T08:52:00,Completed,Met
WO701705,SR701705,5251,BRADLEY,Q,PCELEC,Responsive,1,274.78,288.52,57.70,346.22,282.75,28.28,42.41,183.79,28.27,4.58,2026-04-24T09:35:00,2026-04-24T09:35:00,2026-05-22T09:35:00,2026-04-27T14:35:00,Completed,Met
WO701706,SR701706,5253,IHREPAIRS,UEL,PCPLAST,Responsive,1,162.07,170.17,34.03,204.20,166.77,91.72,58.37,0.00,16.68,2.70,2026-04-24T12:44:00,2026-04-24T12:44:00,2026-04-25T12:44:00,,Open,Open
WO701707,SR701707,5209,BRADLEY,U1,PCGROUND,Responsive,1,389.14,408.60,81.72,490.32,400.43,40.04,60.06,260.28,40.04,6.49,2026-04-24T09:44:00,2026-04-24T09:44:00,2026-04-26T09:44:00,2026-04-25T14:44:00,Completed,Met
WO701708,SR701708,5236,PHJONESGAS,Q,PCELEC,Responsive,1,314.70,330.44,66.09,396.53,323.83,32.38,48.57,210.49,32.38,5.25,2026-04-24T11:24:00,2026-04-24T11:24:00,2026-05-22T11:24:00,2026-05-08T23:24:00,Completed,Met
WO701709,SR701709,5240,KPIF,Q,PCELEC,Responsive,1,228.00,239.40,47.88,287.28,234.61,129.04,82.11,0.00,23.46,3.80,2026-04-24T14:22:00,2026-04-24T14:22:00,2026-05-22T14:22:00,2026-05-05T07:22:00,Completed,Met
WO701710,SR701710,5277,KPIF,Q,PCPLAST,Responsive,1,193.12,202.78,40.56,243.34,198.72,109.30,69.55,0.00,19.87,3.22,2026-04-24T12:40:00,2026-04-24T12:40:00,2026-05-22T12:40:00,2026-05-18T02:40:00,Completed,Met
WO701711,SR701711,5209,PHJONESGAS,Q,PCBRICK,Responsive,1,296.84,311.68,62.34,374.02,305.45,30.55,45.82,198.54,30.54,4.95,2026-04-24T10:57:00,2026-04-24T10:57:00,2026-05-22T10:57:00,2026-05-07T21:57:00,Completed,Met
WO701712,SR701712,5242,KPIF,Q,PCTILE,Responsive,1,184.30,193.52,38.70,232.22,189.65,104.31,66.38,0.00,18.96,3.07,2026-04-24T11:06:00,2026-04-24T11:06:00,2026-05-22T11:06:00,2026-05-13T01:06:00,Completed,Met
WO701713,SR701713,5236,CCSS,Q,PCBRICK,Responsive,1,199.64,209.62,41.92,251.54,205.43,20.54,30.81,133.53,20.54,3.33,2026-04-24T10:06:00,2026-04-24T10:06:00,2026-05-22T10:06:00,2026-05-12T13:06:00,Completed,Met
WO701714,SR701714,5299,CCSS,U1,PCBRICK,Responsive,1,307.29,322.65,64.53,387.18,316.20,31.62,47.43,205.53,31.62,5.12,2026-04-24T13:07:00,2026-04-24T13:07:00,2026-04-26T13:07:00,2026-04-25T11:07:00,Completed,Met
WO701715,SR701715,5267,CCSS,U1,PCPLAST,Responsive,1,181.31,190.38,38.08,228.46,186.57,18.66,27.99,121.27,18.66,3.02,2026-04-24T10:59:00,2026-04-24T10:59:00,2026-04-26T10:59:00,2026-04-25T10:59:00,Completed,Met
WO701716,SR701716,5244,OPENVIEW,QEL,PCPLAST,Responsive,1,241.42,253.49,50.70,304.19,248.42,24.84,37.26,161.47,24.84,4.02,2026-04-24T11:41:00,2026-04-24T11:41:00,2026-05-08T11:41:00,2026-05-02T22:41:00,Completed,Met
WO701717,SR701717,5073,KPIF,Q,PCELEC,Responsive,1,270.55,284.08,56.82,340.90,278.40,153.12,97.44,0.00,27.84,4.51,2026-04-27T13:40:00,2026-04-27T13:40:00,2026-05-25T13:40:00,2026-05-16T22:40:00,Completed,Met
WO701718,SR701718,5071,KPIF,E,PCVINYL,Responsive,1,200.89,210.93,42.19,253.12,206.71,113.69,72.35,0.00,20.67,3.35,2026-04-27T10:40:00,2026-04-27T10:40:00,2026-04-28T10:40:00,2026-04-28T05:40:00,Completed,Met
WO701719,SR701719,5075,KPIF,Q,PCBRICK,Responsive,1,339.17,356.13,71.23,427.36,349.01,191.96,122.15,0.00,34.90,5.65,2026-04-27T10:46:00,2026-04-27T10:46:00,2026-05-25T10:46:00,2026-05-19T19:46:00,Completed,Met
WO701720,SR701720,5077,KPIF,Q,PCCARP,Responsive,1,192.77,202.41,40.48,242.89,198.36,109.10,69.43,0.00,19.84,3.21,2026-04-27T09:31:00,2026-04-27T09:31:00,2026-05-25T09:31:00,2026-05-16T00:31:00,Completed,Met
WO701721,SR701721,5007,KPIF,QEL,PCPLUMB,Responsive,1,235.05,246.80,49.36,296.16,241.86,133.02,84.65,0.00,24.19,3.92,2026-04-27T13:10:00,2026-04-27T13:10:00,2026-05-11T13:10:00,2026-05-04T12:10:00,Completed,Met
WO701722,SR701722,5096,BRADLEY,U1,PCVINYL,Responsive,1,227.07,238.42,47.68,286.10,233.65,23.37,35.05,151.87,23.36,3.78,2026-04-27T13:20:00,2026-04-27T13:20:00,2026-04-29T13:20:00,2026-04-28T22:20:00,Completed,Met
WO701723,SR701723,5093,KPIF,UEL,PCBRICK,Responsive,1,269.31,282.78,56.56,339.34,277.12,152.42,96.99,0.00,27.71,4.49,2026-04-27T10:22:00,2026-04-27T10:22:00,2026-04-28T10:22:00,2026-04-27T19:22:00,Completed,Met
WO701724,SR701724,5071,KPIF,QEL,PCFENCE,Responsive,1,236.91,248.76,49.75,298.51,243.78,134.08,85.32,0.00,24.38,3.95,2026-04-27T13:13:00,2026-04-27T13:13:00,2026-05-11T13:13:00,2026-05-01T20:13:00,Completed,Met
WO701725,SR701725,5050,KPIF,Q,PCTILE,Responsive,1,185.64,194.92,38.98,233.90,191.02,105.06,66.86,0.00,19.10,3.09,2026-04-27T09:52:00,2026-04-27T09:52:00,2026-05-25T09:52:00,2026-05-21T21:52:00,Completed,Met
WO701726,SR701726,5035,KPIF,U1,PCELEC,Responsive,1,311.05,326.60,65.32,391.92,320.07,176.04,112.02,0.00,32.01,5.18,2026-04-27T11:58:00,2026-04-27T11:58:00,2026-04-29T11:58:00,2026-04-28T17:58:00,Completed,Met
WO701727,SR701727,5023,KPIF,UEL,PCTILE,Responsive,1,195.38,205.15,41.03,246.18,201.05,110.58,70.37,0.00,20.10,3.26,2026-04-27T14:13:00,2026-04-27T14:13:00,2026-04-28T14:13:00,2026-04-28T02:13:00,Completed,Met
WO701728,SR701728,5050,KPIF,UEL,PCELEC,Responsive,1,287.57,301.95,60.39,362.34,295.91,162.75,103.57,0.00,29.59,4.79,2026-04-27T09:11:00,2026-04-27T09:11:00,2026-04-28T09:11:00,2026-04-27T19:11:00,Completed,Met
WO701729,SR701729,5050,CCSS,E,PCVINYL,Responsive,1,188.86,198.30,39.66,237.96,194.33,19.43,29.15,126.31,19.43,3.15,2026-04-27T10:15:00,2026-04-27T10:15:00,2026-04-28T10:15:00,2026-04-28T04:15:00,Completed,Met
WO701730,SR701730,5068,IHREPAIRS,UEL,PCFENCE,Responsive,1,315.26,331.02,66.20,397.22,324.40,178.42,113.54,0.00,32.44,5.25,2026-04-27T13:45:00,2026-04-27T13:45:00,2026-04-28T13:45:00,2026-04-27T23:45:00,Completed,Met
WO701731,SR701731,5019,CCSS,Q,PCCARP,Responsive,1,208.72,219.16,43.83,262.99,214.78,21.48,32.22,139.61,21.48,3.48,2026-04-27T11:43:00,2026-04-27T11:43:00,2026-05-25T11:43:00,2026-05-17T01:43:00,Completed,Met
WO701732,SR701732,5046,CCSS,UEL,PCVINYL,Responsive,1,275.78,289.57,57.91,347.48,283.78,28.38,42.57,184.46,28.38,4.60,2026-04-27T10:28:00,2026-04-27T10:28:00,2026-04-28T10:28:00,2026-04-27T17:28:00,Completed,Met
WO701733,SR701733,5088,KPIF,Q,PCTILE,Responsive,1,177.04,185.89,37.18,223.07,182.17,100.19,63.76,0.00,18.22,2.95,2026-04-27T08:41:00,2026-04-27T08:41:00,2026-05-25T08:41:00,2026-05-10T04:41:00,Completed,Met
WO701734,SR701734,5063,BRADLEY,Q,PCVINYL,Responsive,1,234.05,245.75,49.15,294.90,240.84,24.08,36.13,156.55,24.08,3.90,2026-04-27T09:15:00,2026-04-27T09:15:00,2026-05-25T09:15:00,2026-05-09T09:15:00,Completed,Met
WO701735,SR701735,5034,KPIF,U1,PCELEC,Responsive,1,210.00,220.50,44.10,264.60,216.09,118.85,75.63,0.00,21.61,3.50,2026-04-27T13:29:00,2026-04-27T13:29:00,2026-04-29T13:29:00,2026-04-28T09:29:00,Completed,Met
WO701736,SR701736,5005,CCSS,Q,PCVINYL,Responsive,1,197.56,207.44,41.49,248.93,203.29,20.33,30.49,132.14,20.33,3.29,2026-04-27T09:16:00,2026-04-27T09:16:00,2026-05-25T09:16:00,2026-05-13T07:16:00,Completed,Met
WO701737,SR701737,5071,IHREPAIRS,UEL,PCPLUMB,Responsive,1,250.45,262.97,52.59,315.56,257.71,141.74,90.20,0.00,25.77,4.17,2026-04-27T10:40:00,2026-04-27T10:40:00,2026-04-28T10:40:00,2026-04-27T20:40:00,Completed,Met
WO701738,SR701738,5036,KPIF,UEL,PCPLAST,Responsive,1,229.73,241.22,48.24,289.46,236.40,130.02,82.74,0.00,23.64,3.83,2026-04-27T12:56:00,2026-04-27T12:56:00,2026-04-28T12:56:00,2026-04-28T11:56:00,Completed,Met
WO701739,SR701739,5174,IHREPAIRS,UEL,PCPLAST,Responsive,1,183.79,192.98,38.60,231.58,189.12,104.02,66.19,0.00,18.91,3.06,2026-04-27T12:06:00,2026-04-27T12:06:00,2026-04-28T12:06:00,2026-04-28T05:06:00,Completed,Met
WO701740,SR701740,5126,KPIF,E,PCCARP,Responsive,1,168.08,176.48,35.30,211.78,172.95,95.12,60.53,0.00,17.29,2.80,2026-04-27T10:01:00,2026-04-27T10:01:00,2026-04-28T10:01:00,2026-04-27T16:01:00,Completed,Met
WO701741,SR701741,5148,BRADLEY,U1,PCPLAST,Responsive,1,168.91,177.36,35.47,212.83,173.81,17.38,26.07,112.98,17.38,2.82,2026-04-27T10:35:00,2026-04-27T10:35:00,2026-04-29T10:35:00,2026-04-28T16:35:00,Completed,Met
WO701742,SR701742,5135,IHREPAIRS,QEL,PCGROUND,Responsive,1,437.61,459.49,91.90,551.39,450.30,247.67,157.60,0.00,45.03,7.29,2026-04-27T08:59:00,2026-04-27T08:59:00,2026-05-11T08:59:00,2026-05-04T09:59:00,Completed,Met
WO701743,SR701743,5117,OPENVIEW,QEL,PCTILE,Responsive,1,128.61,135.04,27.01,162.05,132.34,13.23,19.85,86.02,13.23,2.14,2026-04-27T13:23:00,2026-04-27T13:23:00,2026-05-11T13:23:00,2026-05-06T14:23:00,Completed,Met
WO701744,SR701744,5191,KPIF,Q,PCCARP,Responsive,1,167.93,176.33,35.27,211.60,172.80,95.04,60.48,0.00,17.28,2.80,2026-04-27T13:40:00,2026-04-27T13:40:00,2026-05-25T13:40:00,2026-05-14T09:40:00,Completed,Met
WO701745,SR701745,5101,CCSS,Q,PCBRICK,Responsive,1,247.20,259.56,51.91,311.47,254.37,25.44,38.16,165.34,25.44,4.12,2026-04-27T14:16:00,2026-04-27T14:16:00,2026-05-25T14:16:00,2026-05-14T13:16:00,Completed,Met
WO701746,SR701746,5168,PHJONESGAS,QEL,PCELEC,Responsive,1,200.17,210.18,42.04,252.22,205.98,20.60,30.90,133.89,20.60,3.34,2026-04-27T11:31:00,2026-04-27T11:31:00,2026-05-11T11:31:00,2026-05-06T16:31:00,Completed,Met
WO701747,SR701747,5152,KPIF,Q,PCBRICK,Responsive,1,296.70,311.54,62.31,373.85,305.31,167.92,106.86,0.00,30.53,4.94,2026-04-27T12:47:00,2026-04-27T12:47:00,2026-05-25T12:47:00,,Open,Open
WO701748,SR701748,5110,KPIF,QEL,PCFENCE,Responsive,1,308.61,324.04,64.81,388.85,317.56,174.66,111.15,0.00,31.76,5.14,2026-04-27T12:01:00,2026-04-27T12:01:00,2026-05-11T12:01:00,,Open,Open
WO701749,SR701749,5163,KPIF,Q,PCTILE,Responsive,1,128.51,134.94,26.99,161.93,132.24,72.73,46.28,0.00,13.22,2.14,2026-04-27T13:56:00,2026-04-27T13:56:00,2026-05-25T13:56:00,2026-05-14T08:56:00,Completed,Met
WO701750,SR701750,5198,KPIF,Q,PCPLAST,Responsive,1,260.30,273.31,54.66,327.97,267.84,147.31,93.74,0.00,26.78,4.34,2026-04-27T10:35:00,2026-04-27T10:35:00,2026-05-25T10:35:00,2026-05-21T17:35:00,Completed,Met
WO701751,SR701751,5133,CCSS,Q,PCELEC,Responsive,1,224.83,236.07,47.21,283.28,231.35,23.14,34.70,150.38,23.13,3.75,2026-04-27T11:40:00,2026-04-27T11:40:00,2026-05-25T11:40:00,2026-05-18T21:40:00,Completed,Met
WO701752,SR701752,5107,BRADLEY,QEL,PCTILE,Responsive,1,169.13,177.59,35.52,213.11,174.04,17.40,26.11,113.13,17.40,2.82,2026-04-27T09:21:00,2026-04-27T09:21:00,2026-05-11T09:21:00,2026-05-05T12:21:00,Completed,Met
WO701753,SR701753,5150,KPIF,U1,PCVINYL,Responsive,1,216.37,227.19,45.44,272.63,222.65,122.46,77.93,0.00,22.26,3.61,2026-04-27T12:52:00,2026-04-27T12:52:00,2026-04-29T12:52:00,2026-04-28T14:52:00,Completed,Met
WO701754,SR701754,5162,KPIF,Q,PCCARP,Responsive,1,267.08,280.43,56.09,336.52,274.82,151.15,96.19,0.00,27.48,4.45,2026-04-27T12:49:00,2026-04-27T12:49:00,2026-05-25T12:49:00,2026-05-23T01:49:00,Completed,Met
WO701755,SR701755,5192,KPIF,UEL,PCGROUND,Responsive,1,357.97,375.87,75.17,451.04,368.35,202.59,128.92,0.00,36.83,5.97,2026-04-27T10:21:00,2026-04-27T10:21:00,2026-04-28T10:21:00,2026-04-27T21:21:00,Completed,Met
WO701756,SR701756,5143,KPIF,Q,PCELEC,Responsive,1,277.76,291.65,58.33,349.98,285.82,157.20,100.04,0.00,28.58,4.63,2026-04-27T11:38:00,2026-04-27T11:38:00,2026-05-25T11:38:00,2026-05-20T16:38:00,Completed,Met
WO701757,SR701757,5157,IHREPAIRS,Q,PCELEC,Responsive,1,185.69,194.97,38.99,233.96,191.07,105.09,66.87,0.00,19.11,3.09,2026-04-27T14:11:00,2026-04-27T14:11:00,2026-05-25T14:11:00,2026-05-16T00:11:00,Completed,Met
WO701758,SR701758,5109,KPIF,QEL,PCPLAST,Responsive,1,143.09,150.24,30.05,180.29,147.24,80.98,51.53,0.00,14.72,2.38,2026-04-27T14:08:00,2026-04-27T14:08:00,2026-05-11T14:08:00,2026-05-04T23:08:00,Completed,Met
WO701759,SR701759,5119,KPIF,QEL,PCPLAST,Responsive,1,224.03,235.23,47.05,282.28,230.53,126.79,80.69,0.00,23.05,3.73,2026-04-27T13:45:00,2026-04-27T13:45:00,2026-05-11T13:45:00,,Open,Open
WO701760,SR701760,5139,KPIF,QEL,PCPLUMB,Responsive,1,312.64,328.27,65.65,393.92,321.70,176.94,112.59,0.00,32.17,5.21,2026-04-27T13:21:00,2026-04-27T13:21:00,2026-05-11T13:21:00,2026-05-07T16:21:00,Completed,Met
WO701761,SR701761,5255,PHJONESGAS,Q,PCGROUND,Responsive,1,410.10,430.61,86.12,516.73,422.00,42.20,63.30,274.30,42.20,6.83,2026-04-27T10:17:00,2026-04-27T10:17:00,2026-05-25T10:17:00,2026-05-16T06:17:00,Completed,Met
WO701762,SR701762,5234,KPIF,QEL,PCELEC,Responsive,1,235.16,246.92,49.38,296.30,241.98,133.09,84.69,0.00,24.20,3.92,2026-04-27T09:54:00,2026-04-27T09:54:00,2026-05-11T09:54:00,2026-05-08T16:54:00,Completed,Met
WO701763,SR701763,5259,PHJONESGAS,Q,PCFENCE,Responsive,1,269.29,282.75,56.55,339.30,277.09,27.71,41.56,180.11,27.71,4.49,2026-04-27T12:30:00,2026-04-27T12:30:00,2026-05-25T12:30:00,2026-05-18T11:30:00,Completed,Met
WO701764,SR701764,5295,KPIF,Q,PCFENCE,Responsive,1,196.77,206.61,41.32,247.93,202.48,111.36,70.87,0.00,20.25,3.28,2026-04-27T09:49:00,2026-04-27T09:49:00,2026-05-25T09:49:00,2026-05-08T22:49:00,Completed,Met
WO701765,SR701765,5288,CCSS,QEL,PCBRICK,Responsive,1,332.08,348.68,69.74,418.42,341.71,34.17,51.26,222.11,34.17,5.53,2026-04-27T10:35:00,2026-04-27T10:35:00,2026-05-11T10:35:00,2026-05-05T21:35:00,Completed,Met
WO701766,SR701766,5243,PHJONESGAS,UEL,PCGROUND,Responsive,1,441.28,463.34,92.67,556.01,454.07,45.41,68.11,295.15,45.41,7.35,2026-04-27T11:57:00,2026-04-27T11:57:00,2026-04-28T11:57:00,2026-04-28T07:57:00,Completed,Met
WO701767,SR701767,5233,IHREPAIRS,QEL,PCCARP,Responsive,1,163.31,171.48,34.30,205.78,168.05,92.43,58.82,0.00,16.80,2.72,2026-04-27T10:22:00,2026-04-27T10:22:00,2026-05-11T10:22:00,2026-05-07T08:22:00,Completed,Met
WO701768,SR701768,5213,KPIF,Q,PCGROUND,Responsive,1,442.15,464.26,92.85,557.11,454.97,250.23,159.24,0.00,45.50,7.37,2026-04-27T11:54:00,2026-04-27T11:54:00,2026-05-25T11:54:00,2026-05-09T20:54:00,Completed,Met
WO701769,SR701769,5221,IHREPAIRS,QEL,PCELEC,Responsive,1,252.83,265.47,53.09,318.56,260.16,143.09,91.06,0.00,26.02,4.21,2026-04-27T11:10:00,2026-04-27T11:10:00,2026-05-11T11:10:00,2026-05-06T17:10:00,Completed,Met
WO701770,SR701770,5256,PHJONESGAS,Q,PCPLAST,Responsive,1,193.10,202.75,40.55,243.30,198.69,19.87,29.80,129.15,19.87,3.22,2026-04-27T11:20:00,2026-04-27T11:20:00,2026-05-25T11:20:00,2026-05-16T20:20:00,Completed,Met
WO701771,SR701771,5263,KPIF,Q,PCVINYL,Responsive,1,272.96,286.61,57.32,343.93,280.88,154.48,98.31,0.00,28.09,4.55,2026-04-27T10:30:00,2026-04-27T10:30:00,2026-05-25T10:30:00,2026-05-12T11:30:00,Completed,Met
WO701772,SR701772,5221,OPENVIEW,Q,PCFENCE,Responsive,1,324.34,340.56,68.11,408.67,333.75,33.38,50.06,216.94,33.37,5.41,2026-04-27T09:21:00,2026-04-27T09:21:00,2026-05-25T09:21:00,,Open,Open
WO701773,SR701773,5270,KPIF,Q,PCVINYL,Responsive,1,121.58,127.66,25.53,153.19,125.11,68.81,43.79,0.00,12.51,2.03,2026-04-27T14:27:00,2026-04-27T14:27:00,2026-05-25T14:27:00,,Open,Open
WO701774,SR701774,5223,PHJONESGAS,U1,PCPLUMB,Responsive,1,152.89,160.53,32.11,192.64,157.32,15.73,23.60,102.26,15.73,2.55,2026-04-27T11:37:00,2026-04-27T11:37:00,2026-04-29T11:37:00,2026-04-28T06:37:00,Completed,Met
WO701775,SR701775,5286,BRADLEY,E,PCCARP,Responsive,1,243.74,255.93,51.19,307.12,250.81,25.08,37.62,163.03,25.08,4.06,2026-04-27T11:19:00,2026-04-27T11:19:00,2026-04-28T11:19:00,2026-04-28T14:19:00,Completed,Breached
WO701776,SR701776,5206,KPIF,QEL,PCPLUMB,Responsive,1,191.46,201.03,40.21,241.24,197.01,108.36,68.95,0.00,19.70,3.19,2026-04-27T09:57:00,2026-04-27T09:57:00,2026-05-11T09:57:00,2026-05-09T22:57:00,Completed,Met
WO701777,SR701777,5235,IHREPAIRS,Q,PCBRICK,Responsive,1,340.62,357.65,71.53,429.18,350.50,192.78,122.67,0.00,35.05,5.68,2026-04-27T13:43:00,2026-04-27T13:43:00,2026-05-25T13:43:00,2026-05-13T21:43:00,Completed,Met
WO701778,SR701778,5234,CCSS,Q,PCPLAST,Responsive,1,200.58,210.61,42.12,252.73,206.40,20.64,30.96,134.16,20.64,3.34,2026-04-27T09:19:00,2026-04-27T09:19:00,2026-05-25T09:19:00,2026-05-10T04:19:00,Completed,Met
WO701779,SR701779,5251,CCSS,Q,PCFENCE,Responsive,1,326.61,342.94,68.59,411.53,336.08,33.61,50.41,218.45,33.61,5.44,2026-04-27T12:21:00,2026-04-27T12:21:00,2026-05-25T12:21:00,2026-05-10T02:21:00,Completed,Met
WO701780,SR701780,5291,BRADLEY,Q,PCVINYL,Responsive,1,196.45,206.27,41.25,247.52,202.14,20.21,30.32,131.39,20.21,3.27,2026-04-27T11:08:00,2026-04-27T11:08:00,2026-05-25T11:08:00,2026-05-12T07:08:00,Completed,Met
WO701781,SR701781,5291,KPIF,E,PCPLAST,Responsive,1,302.55,317.68,63.54,381.22,311.33,171.23,108.97,0.00,31.13,5.04,2026-04-27T09:30:00,2026-04-27T09:30:00,2026-04-28T09:30:00,2026-04-28T09:30:00,Completed,Met
WO701782,SR701782,5293,KPIF,UEL,PCCARP,Responsive,1,155.35,163.12,32.62,195.74,159.86,87.92,55.95,0.00,15.99,2.59,2026-04-27T11:13:00,2026-04-27T11:13:00,2026-04-28T11:13:00,2026-04-27T18:13:00,Completed,Met
WO701783,SR701783,5016,KPIF,Q,PCGROUND,Responsive,1,344.22,361.43,72.29,433.72,354.20,194.81,123.97,0.00,35.42,5.74,2026-04-28T10:17:00,2026-04-28T10:17:00,2026-05-26T10:17:00,2026-05-21T16:17:00,Completed,Met
WO701784,SR701784,5051,KPIF,Q,PCTILE,Responsive,1,193.70,203.38,40.68,244.06,199.31,109.62,69.76,0.00,19.93,3.23,2026-04-28T10:39:00,2026-04-28T10:39:00,2026-05-26T10:39:00,2026-05-07T08:39:00,Completed,Met
WO701785,SR701785,5051,OPENVIEW,Q,PCFENCE,Responsive,1,173.51,182.19,36.44,218.63,178.55,17.86,26.78,116.06,17.85,2.89,2026-04-28T12:06:00,2026-04-28T12:06:00,2026-05-26T12:06:00,2026-05-07T14:06:00,Completed,Met
WO701786,SR701786,5090,CCSS,E,PCPLAST,Responsive,1,220.99,232.04,46.41,278.45,227.40,22.74,34.11,147.81,22.74,3.68,2026-04-28T10:38:00,2026-04-28T10:38:00,2026-04-29T10:38:00,2026-04-28T19:38:00,Completed,Met
WO701787,SR701787,5019,KPIF,QEL,PCPLUMB,Responsive,1,241.02,253.07,50.61,303.68,248.01,136.41,86.80,0.00,24.80,4.02,2026-04-28T13:39:00,2026-04-28T13:39:00,2026-05-12T13:39:00,2026-05-04T16:39:00,Completed,Met
WO701788,SR701788,5024,KPIF,E,PCVINYL,Responsive,1,151.01,158.56,31.71,190.27,155.39,85.46,54.39,0.00,15.54,2.52,2026-04-28T11:34:00,2026-04-28T11:34:00,2026-04-29T11:34:00,2026-04-28T23:34:00,Completed,Met
WO701789,SR701789,5001,OPENVIEW,Q,PCCARP,Responsive,1,197.49,207.36,41.47,248.83,203.21,20.32,30.48,132.09,20.32,3.29,2026-04-28T12:46:00,2026-04-28T12:46:00,2026-05-26T12:46:00,2026-05-16T05:46:00,Completed,Met
WO701790,SR701790,5095,KPIF,UEL,PCGROUND,Responsive,1,405.93,426.23,85.25,511.48,417.71,229.74,146.20,0.00,41.77,6.77,2026-04-28T13:00:00,2026-04-28T13:00:00,2026-04-29T13:00:00,2026-04-29T10:00:00,Completed,Met
WO701791,SR701791,5056,CCSS,Q,PCPLUMB,Responsive,1,381.75,400.84,80.17,481.01,392.82,39.28,58.92,255.33,39.28,6.36,2026-04-28T13:10:00,2026-04-28T13:10:00,2026-05-26T13:10:00,2026-05-10T14:10:00,Completed,Met
WO701792,SR701792,5037,IHREPAIRS,E,PCFENCE,Responsive,1,296.49,311.31,62.26,373.57,305.08,167.79,106.78,0.00,30.51,4.94,2026-04-28T09:02:00,2026-04-28T09:02:00,2026-04-29T09:02:00,2026-04-28T13:02:00,Completed,Met
WO701793,SR701793,5078,OPENVIEW,QEL,PCTILE,Responsive,1,167.63,176.01,35.20,211.21,172.49,17.25,25.87,112.12,17.25,2.79,2026-04-28T10:24:00,2026-04-28T10:24:00,2026-05-12T10:24:00,2026-05-04T13:24:00,Completed,Met
WO701794,SR701794,5005,IHREPAIRS,Q,PCTILE,Responsive,1,195.26,205.02,41.00,246.02,200.92,110.51,70.32,0.00,20.09,3.25,2026-04-28T11:52:00,2026-04-28T11:52:00,2026-05-26T11:52:00,,Open,Open
WO701795,SR701795,5058,KPIF,Q,PCTILE,Responsive,1,138.21,145.12,29.02,174.14,142.22,78.22,49.78,0.00,14.22,2.30,2026-04-28T09:08:00,2026-04-28T09:08:00,2026-05-26T09:08:00,2026-05-16T14:08:00,Completed,Met
WO701796,SR701796,5070,BRADLEY,E,PCVINYL,Responsive,1,154.14,161.85,32.37,194.22,158.61,15.86,23.79,103.10,15.86,2.57,2026-04-28T13:57:00,2026-04-28T13:57:00,2026-04-29T13:57:00,2026-04-29T05:57:00,Completed,Met
WO701797,SR701797,5064,IHREPAIRS,Q,PCTILE,Responsive,1,108.18,113.59,22.72,136.31,111.32,61.23,38.96,0.00,11.13,1.80,2026-04-28T09:29:00,2026-04-28T09:29:00,2026-05-26T09:29:00,2026-05-23T00:29:00,Completed,Met
WO701798,SR701798,5093,IHREPAIRS,U1,PCFENCE,Responsive,1,261.15,274.21,54.84,329.05,268.73,147.80,94.06,0.00,26.87,4.35,2026-04-28T08:37:00,2026-04-28T08:37:00,2026-04-30T08:37:00,2026-04-29T11:37:00,Completed,Met
WO701799,SR701799,5062,BRADLEY,U1,PCPLUMB,Responsive,1,271.37,284.94,56.99,341.93,279.24,27.92,41.89,181.51,27.92,4.52,2026-04-28T10:42:00,2026-04-28T10:42:00,2026-04-30T10:42:00,2026-04-29T18:42:00,Completed,Met
WO701800,SR701800,5021,KPIF,U1,PCVINYL,Responsive,1,187.45,196.82,39.36,236.18,192.88,106.08,67.51,0.00,19.29,3.12,2026-04-28T09:19:00,2026-04-28T09:19:00,2026-04-30T09:19:00,2026-04-29T14:19:00,Completed,Met
WO701801,SR701801,5089,KPIF,Q,PCGROUND,Responsive,1,306.67,322.00,64.40,386.40,315.56,173.56,110.45,0.00,31.56,5.11,2026-04-28T09:49:00,2026-04-28T09:49:00,2026-05-26T09:49:00,,Open,Open
WO701802,SR701802,5031,CCSS,QEL,PCCARP,Responsive,1,176.55,185.38,37.08,222.46,181.67,18.17,27.25,118.09,18.17,2.94,2026-04-28T10:48:00,2026-04-28T10:48:00,2026-05-12T10:48:00,2026-05-08T03:48:00,Completed,Met
WO701803,SR701803,5016,CCSS,QEL,PCGROUND,Responsive,1,404.28,424.49,84.90,509.39,416.00,41.60,62.40,270.40,41.60,6.74,2026-04-28T12:28:00,2026-04-28T12:28:00,2026-05-12T12:28:00,2026-05-03T16:28:00,Completed,Met
WO701804,SR701804,5011,KPIF,QEL,PCFENCE,Responsive,1,220.68,231.71,46.34,278.05,227.08,124.89,79.48,0.00,22.71,3.68,2026-04-28T11:48:00,2026-04-28T11:48:00,2026-05-12T11:48:00,2026-05-08T01:48:00,Completed,Met
WO701805,SR701805,5103,KPIF,NG,PCCARP,Responsive,1,230.34,241.86,48.37,290.23,237.02,130.36,82.96,0.00,23.70,3.84,2026-04-28T11:25:00,2026-04-28T11:25:00,2026-05-12T11:25:00,2026-05-09T14:25:00,Completed,Met
WO701806,SR701806,5162,OPENVIEW,E,PCFENCE,Responsive,1,316.59,332.42,66.48,398.90,325.77,32.58,48.87,211.75,32.58,5.28,2026-04-28T12:11:00,2026-04-28T12:11:00,2026-04-29T12:11:00,2026-04-29T06:11:00,Completed,Met
WO701807,SR701807,5128,IHREPAIRS,U1,PCPLAST,Responsive,1,186.60,195.93,39.19,235.12,192.01,105.61,67.20,0.00,19.20,3.11,2026-04-28T13:30:00,2026-04-28T13:30:00,2026-04-30T13:30:00,2026-04-29T17:30:00,Completed,Met
WO701808,SR701808,5130,KPIF,Q,PCELEC,Responsive,1,235.66,247.44,49.49,296.93,242.49,133.37,84.87,0.00,24.25,3.93,2026-04-28T11:14:00,2026-04-28T11:14:00,2026-05-26T11:14:00,,Open,Open
WO701809,SR701809,5158,KPIF,E,PCTILE,Responsive,1,143.20,150.36,30.07,180.43,147.35,81.04,51.57,0.00,14.73,2.39,2026-04-28T14:10:00,2026-04-28T14:10:00,2026-04-29T14:10:00,2026-04-29T10:10:00,Completed,Met
WO701810,SR701810,5101,KPIF,QEL,PCFENCE,Responsive,1,243.75,255.94,51.19,307.13,250.82,137.95,87.79,0.00,25.08,4.06,2026-04-28T09:19:00,2026-04-28T09:19:00,2026-05-12T09:19:00,2026-05-03T19:19:00,Completed,Met
WO701811,SR701811,5118,PHJONESGAS,Q,PCELEC,Responsive,1,318.37,334.29,66.86,401.15,327.60,32.76,49.14,212.94,32.76,5.31,2026-04-28T11:24:00,2026-04-28T11:24:00,2026-05-26T11:24:00,2026-05-22T17:24:00,Completed,Met
WO701812,SR701812,5182,IHREPAIRS,UEL,PCFENCE,Responsive,1,376.01,394.81,78.96,473.77,386.91,212.80,135.42,0.00,38.69,6.27,2026-04-28T12:07:00,2026-04-28T12:07:00,2026-04-29T12:07:00,,Open,Open
WO701813,SR701813,5139,OPENVIEW,Q,PCPLAST,Responsive,1,268.79,282.23,56.45,338.68,276.59,27.66,41.49,179.78,27.66,4.48,2026-04-28T09:48:00,2026-04-28T09:48:00,2026-05-26T09:48:00,2026-05-13T02:48:00,Completed,Met
WO701814,SR701814,5168,KPIF,U1,PCFENCE,Responsive,1,286.41,300.73,60.15,360.88,294.72,162.10,103.15,0.00,29.47,4.77,2026-04-28T11:03:00,2026-04-28T11:03:00,2026-04-30T11:03:00,2026-04-29T13:03:00,Completed,Met
WO701815,SR701815,5124,BRADLEY,QEL,PCCARP,Responsive,1,171.29,179.85,35.97,215.82,176.25,17.62,26.44,114.56,17.62,2.85,2026-04-28T13:38:00,2026-04-28T13:38:00,2026-05-12T13:38:00,2026-05-05T21:38:00,Completed,Met
WO701816,SR701816,5134,KPIF,UEL,PCFENCE,Responsive,1,367.95,386.35,77.27,463.62,378.62,208.24,132.52,0.00,37.86,6.13,2026-04-28T13:25:00,2026-04-28T13:25:00,2026-04-29T13:25:00,2026-04-29T05:25:00,Completed,Met
WO701817,SR701817,5136,IHREPAIRS,QEL,PCBRICK,Responsive,1,307.80,323.19,64.64,387.83,316.73,174.20,110.86,0.00,31.67,5.13,2026-04-28T13:07:00,2026-04-28T13:07:00,2026-05-12T13:07:00,2026-05-07T21:07:00,Completed,Met
WO701818,SR701818,5174,IHREPAIRS,UEL,PCGROUND,Responsive,1,454.27,476.98,95.40,572.38,467.44,257.09,163.60,0.00,46.74,7.57,2026-04-28T11:02:00,2026-04-28T11:02:00,2026-04-29T11:02:00,2026-04-29T05:02:00,Completed,Met
WO701819,SR701819,5140,KPIF,U1,PCVINYL,Responsive,1,233.36,245.03,49.01,294.04,240.13,132.07,84.05,0.00,24.01,3.89,2026-04-28T08:56:00,2026-04-28T08:56:00,2026-04-30T08:56:00,2026-04-29T15:56:00,Completed,Met
WO701820,SR701820,5101,KPIF,QEL,PCCARP,Responsive,1,188.58,198.01,39.60,237.61,194.05,106.73,67.92,0.00,19.40,3.14,2026-04-28T11:34:00,2026-04-28T11:34:00,2026-05-12T11:34:00,2026-05-05T18:34:00,Completed,Met
WO701821,SR701821,5172,KPIF,U1,PCTILE,Responsive,1,138.00,144.90,28.98,173.88,142.00,78.10,49.70,0.00,14.20,2.30,2026-04-28T14:02:00,2026-04-28T14:02:00,2026-04-30T14:02:00,2026-04-30T07:02:00,Completed,Met
WO701822,SR701822,5103,CCSS,UEL,PCELEC,Responsive,1,173.28,181.94,36.39,218.33,178.30,17.83,26.75,115.90,17.83,2.89,2026-04-28T09:56:00,2026-04-28T09:56:00,2026-04-29T09:56:00,2026-04-28T22:56:00,Completed,Met
WO701823,SR701823,5131,IHREPAIRS,E,PCVINYL,Responsive,1,190.31,199.83,39.97,239.80,195.83,107.71,68.54,0.00,19.58,3.17,2026-04-28T10:49:00,2026-04-28T10:49:00,2026-04-29T10:49:00,2026-04-28T17:49:00,Completed,Met
WO701824,SR701824,5164,KPIF,UEL,PCGROUND,Responsive,1,368.18,386.59,77.32,463.91,378.86,208.37,132.60,0.00,37.89,6.14,2026-04-28T13:43:00,2026-04-28T13:43:00,2026-04-29T13:43:00,2026-04-29T01:43:00,Completed,Met
WO701825,SR701825,5145,IHREPAIRS,Q,PCPLAST,Responsive,1,226.49,237.81,47.56,285.37,233.05,128.18,81.57,0.00,23.30,3.77,2026-04-28T13:26:00,2026-04-28T13:26:00,2026-05-26T13:26:00,2026-05-14T08:26:00,Completed,Met
WO701826,SR701826,5116,IHREPAIRS,UEL,PCVINYL,Responsive,1,214.39,225.11,45.02,270.13,220.61,121.34,77.21,0.00,22.06,3.57,2026-04-28T08:30:00,2026-04-28T08:30:00,2026-04-29T08:30:00,2026-04-29T03:30:00,Completed,Met
WO701827,SR701827,5233,OPENVIEW,Q,PCPLAST,Responsive,1,236.74,248.58,49.72,298.30,243.61,24.36,36.54,158.35,24.36,3.95,2026-04-28T13:27:00,2026-04-28T13:27:00,2026-05-26T13:27:00,2026-05-21T10:27:00,Completed,Met
WO701828,SR701828,5206,CCSS,NG,PCTILE,Responsive,1,145.92,153.22,30.64,183.86,150.16,15.02,22.52,97.60,15.02,2.43,2026-04-28T09:06:00,2026-04-28T09:06:00,2026-05-12T09:06:00,2026-05-06T04:06:00,Completed,Met
WO701829,SR701829,5215,CCSS,Q,PCPLUMB,Responsive,1,241.77,253.86,50.77,304.63,248.78,24.88,37.32,161.71,24.88,4.03,2026-04-28T14:26:00,2026-04-28T14:26:00,2026-05-26T14:26:00,2026-05-18T00:26:00,Completed,Met
WO701830,SR701830,5219,CCSS,Q,PCPLAST,Responsive,1,233.00,244.65,48.93,293.58,239.76,23.98,35.96,155.84,23.98,3.88,2026-04-28T11:38:00,2026-04-28T11:38:00,2026-05-26T11:38:00,2026-05-12T15:38:00,Completed,Met
WO701831,SR701831,5288,KPIF,Q,PCBRICK,Responsive,1,365.39,383.66,76.73,460.39,375.99,206.79,131.60,0.00,37.60,6.09,2026-04-28T13:55:00,2026-04-28T13:55:00,2026-05-26T13:55:00,2026-05-18T17:55:00,Completed,Met
WO701832,SR701832,5286,PHJONESGAS,Q,PCTILE,Responsive,1,160.68,168.71,33.74,202.45,165.34,16.53,24.80,107.47,16.53,2.68,2026-04-28T12:13:00,2026-04-28T12:13:00,2026-05-26T12:13:00,2026-05-15T17:13:00,Completed,Met
WO701833,SR701833,5208,IHREPAIRS,Q,PCPLUMB,Responsive,1,286.17,300.48,60.10,360.58,294.47,161.96,103.06,0.00,29.45,4.77,2026-04-28T10:14:00,2026-04-28T10:14:00,2026-05-26T10:14:00,2026-05-05T07:14:00,Completed,Met
WO701834,SR701834,5236,KPIF,Q,PCPLAST,Responsive,1,215.81,226.60,45.32,271.92,222.07,122.14,77.72,0.00,22.21,3.60,2026-04-28T13:01:00,2026-04-28T13:01:00,2026-05-26T13:01:00,2026-05-20T23:01:00,Completed,Met
WO701835,SR701835,5229,OPENVIEW,U1,PCELEC,Responsive,1,251.57,264.15,52.83,316.98,258.87,25.89,38.83,168.27,25.89,4.19,2026-04-28T12:34:00,2026-04-28T12:34:00,2026-04-30T12:34:00,2026-04-30T00:34:00,Completed,Met
WO701836,SR701836,5257,KPIF,E,PCPLAST,Responsive,1,270.06,283.56,56.71,340.27,277.89,152.84,97.26,0.00,27.79,4.50,2026-04-28T12:38:00,2026-04-28T12:38:00,2026-04-29T12:38:00,2026-04-28T15:38:00,Completed,Met
WO701837,SR701837,5283,CCSS,U1,PCPLAST,Responsive,1,216.42,227.24,45.45,272.69,222.70,22.27,33.40,144.75,22.27,3.61,2026-04-28T12:57:00,2026-04-28T12:57:00,2026-04-30T12:57:00,2026-04-29T16:57:00,Completed,Met
WO701838,SR701838,5267,KPIF,Q,PCBRICK,Responsive,1,312.71,328.35,65.67,394.02,321.78,176.98,112.62,0.00,32.18,5.21,2026-04-28T13:20:00,2026-04-28T13:20:00,2026-05-26T13:20:00,2026-05-17T21:20:00,Completed,Met
WO701839,SR701839,5233,CCSS,Q,PCTILE,Responsive,1,130.38,136.90,27.38,164.28,134.16,13.42,20.12,87.20,13.42,2.17,2026-04-28T13:14:00,2026-04-28T13:14:00,2026-05-26T13:14:00,2026-05-19T20:14:00,Completed,Met
WO701840,SR701840,5224,KPIF,NG,PCELEC,Responsive,1,323.30,339.47,67.89,407.36,332.68,182.97,116.44,0.00,33.27,5.39,2026-04-28T08:40:00,2026-04-28T08:40:00,2026-05-12T08:40:00,2026-05-04T17:40:00,Completed,Met
WO701841,SR701841,5273,KPIF,E,PCFENCE,Responsive,1,199.96,209.96,41.99,251.95,205.76,113.17,72.02,0.00,20.58,3.33,2026-04-28T09:25:00,2026-04-28T09:25:00,2026-04-29T09:25:00,2026-04-28T22:25:00,Completed,Met
WO701842,SR701842,5290,IHREPAIRS,Q,PCBRICK,Responsive,1,254.53,267.26,53.45,320.71,261.91,144.05,91.67,0.00,26.19,4.24,2026-04-28T14:12:00,2026-04-28T14:12:00,2026-05-26T14:12:00,2026-05-19T12:12:00,Completed,Met
WO701843,SR701843,5213,KPIF,Q,PCVINYL,Responsive,1,289.75,304.24,60.85,365.09,298.16,163.99,104.36,0.00,29.82,4.83,2026-04-28T10:35:00,2026-04-28T10:35:00,2026-05-26T10:35:00,2026-05-10T05:35:00,Completed,Met
WO701844,SR701844,5298,IHREPAIRS,Q,PCTILE,Responsive,1,158.62,166.55,33.31,199.86,163.22,89.77,57.13,0.00,16.32,2.64,2026-04-28T12:10:00,2026-04-28T12:10:00,2026-05-26T12:10:00,2026-05-16T06:10:00,Completed,Met
WO701845,SR701845,5273,OPENVIEW,UEL,PCPLAST,Responsive,1,209.15,219.61,43.92,263.53,215.22,21.52,32.28,139.89,21.52,3.49,2026-04-28T10:14:00,2026-04-28T10:14:00,2026-04-29T10:14:00,2026-04-28T18:14:00,Completed,Met
WO701846,SR701846,5214,KPIF,Q,PCGROUND,Responsive,1,442.66,464.79,92.96,557.75,455.49,250.52,159.42,0.00,45.55,7.38,2026-04-28T10:19:00,2026-04-28T10:19:00,2026-05-26T10:19:00,2026-05-15T17:19:00,Completed,Met
WO701847,SR701847,5276,KPIF,U1,PCVINYL,Responsive,1,166.54,174.87,34.97,209.84,171.37,94.25,59.98,0.00,17.14,2.78,2026-04-28T13:31:00,2026-04-28T13:31:00,2026-04-30T13:31:00,2026-04-30T09:31:00,Completed,Met
WO701848,SR701848,5231,KPIF,U1,PCCARP,Responsive,1,169.52,178.00,35.60,213.60,174.44,95.94,61.05,0.00,17.44,2.83,2026-04-28T13:36:00,2026-04-28T13:36:00,2026-04-30T13:36:00,2026-04-29T04:36:00,Completed,Met
WO701849,SR701849,5006,IHREPAIRS,Q,PCELEC,Responsive,1,184.49,193.71,38.74,232.45,189.84,104.41,66.44,0.00,18.98,3.07,2026-04-29T14:06:00,2026-04-29T14:06:00,2026-05-27T14:06:00,2026-05-16T19:06:00,Completed,Met
WO701850,SR701850,5063,BRADLEY,QEL,PCTILE,Responsive,1,180.15,189.16,37.83,226.99,185.38,18.54,27.81,120.50,18.54,3.00,2026-04-29T09:21:00,2026-04-29T09:21:00,2026-05-13T09:21:00,2026-05-10T22:21:00,Completed,Met
WO701851,SR701851,5036,KPIF,Q,PCPLUMB,Responsive,1,184.94,194.19,38.84,233.03,190.31,104.67,66.61,0.00,19.03,3.08,2026-04-29T11:32:00,2026-04-29T11:32:00,2026-05-27T11:32:00,2026-05-16T09:32:00,Completed,Met
WO701852,SR701852,5095,IHREPAIRS,NG,PCCARP,Responsive,1,199.66,209.64,41.93,251.57,205.45,113.00,71.91,0.00,20.54,3.33,2026-04-29T14:11:00,2026-04-29T14:11:00,2026-05-13T14:11:00,2026-05-07T17:11:00,Completed,Met
WO701853,SR701853,5095,KPIF,Q,PCPLUMB,Responsive,1,274.18,287.89,57.58,345.47,282.13,155.17,98.75,0.00,28.21,4.57,2026-04-29T10:17:00,2026-04-29T10:17:00,2026-05-27T10:17:00,,Open,Open
WO701854,SR701854,5058,KPIF,Q,PCTILE,Responsive,1,195.98,205.78,41.16,246.94,201.66,110.91,70.58,0.00,20.17,3.27,2026-04-29T10:14:00,2026-04-29T10:14:00,2026-05-27T10:14:00,2026-05-09T22:14:00,Completed,Met
WO701855,SR701855,5088,KPIF,U1,PCVINYL,Responsive,1,220.80,231.84,46.37,278.21,227.20,124.96,79.52,0.00,22.72,3.68,2026-04-29T09:51:00,2026-04-29T09:51:00,2026-05-01T09:51:00,2026-04-30T12:51:00,Completed,Met
WO701856,SR701856,5069,BRADLEY,Q,PCPLAST,Responsive,1,210.71,221.25,44.25,265.50,216.82,21.68,32.52,140.93,21.68,3.51,2026-04-29T09:25:00,2026-04-29T09:25:00,2026-05-27T09:25:00,2026-05-18T23:25:00,Completed,Met
WO701857,SR701857,5054,CCSS,Q,PCCARP,Responsive,1,219.07,230.02,46.00,276.02,225.42,22.54,33.81,146.52,22.54,3.65,2026-04-29T09:55:00,2026-04-29T09:55:00,2026-05-27T09:55:00,2026-05-15T11:55:00,Completed,Met
WO701858,SR701858,5087,BRADLEY,QEL,PCGROUND,Responsive,1,394.94,414.69,82.94,497.63,406.40,40.64,60.96,264.16,40.64,6.58,2026-04-29T13:29:00,2026-04-29T13:29:00,2026-05-13T13:29:00,2026-05-13T18:29:00,Completed,Breached
WO701859,SR701859,5077,KPIF,Q,PCGROUND,Responsive,1,456.10,478.91,95.78,574.69,469.33,258.13,164.27,0.00,46.93,7.60,2026-04-29T12:19:00,2026-04-29T12:19:00,2026-05-27T12:19:00,2026-05-09T10:19:00,Completed,Met
WO701860,SR701860,5036,KPIF,UEL,PCFENCE,Responsive,1,319.81,335.80,67.16,402.96,329.08,180.99,115.18,0.00,32.91,5.33,2026-04-29T08:40:00,2026-04-29T08:40:00,2026-04-30T08:40:00,2026-04-29T23:40:00,Completed,Met
WO701861,SR701861,5060,KPIF,QEL,PCCARP,Responsive,1,187.70,197.09,39.42,236.51,193.15,106.23,67.60,0.00,19.31,3.13,2026-04-29T14:25:00,2026-04-29T14:25:00,2026-05-13T14:25:00,2026-05-08T15:25:00,Completed,Met
WO701862,SR701862,5069,KPIF,Q,PCCARP,Responsive,1,154.27,161.98,32.40,194.38,158.74,87.31,55.56,0.00,15.87,2.57,2026-04-29T14:02:00,2026-04-29T14:02:00,2026-05-27T14:02:00,2026-05-08T08:02:00,Completed,Met
WO701863,SR701863,5067,KPIF,Q,PCPLAST,Responsive,1,211.60,222.18,44.44,266.62,217.74,119.76,76.21,0.00,21.77,3.53,2026-04-29T09:34:00,2026-04-29T09:34:00,2026-05-27T09:34:00,2026-05-16T06:34:00,Completed,Met
WO701864,SR701864,5070,IHREPAIRS,UEL,PCCARP,Responsive,1,177.75,186.64,37.33,223.97,182.91,100.60,64.02,0.00,18.29,2.96,2026-04-29T11:23:00,2026-04-29T11:23:00,2026-04-30T11:23:00,2026-04-29T23:23:00,Completed,Met
WO701865,SR701865,5071,KPIF,QEL,PCPLAST,Responsive,1,180.28,189.29,37.86,227.15,185.50,102.03,64.92,0.00,18.55,3.00,2026-04-29T12:41:00,2026-04-29T12:41:00,2026-05-13T12:41:00,2026-05-09T00:41:00,Completed,Met
WO701866,SR701866,5029,IHREPAIRS,Q,PCCARP,Responsive,1,201.59,211.67,42.33,254.00,207.44,114.09,72.60,0.00,20.74,3.36,2026-04-29T09:06:00,2026-04-29T09:06:00,2026-05-27T09:06:00,2026-05-09T04:06:00,Completed,Met
WO701867,SR701867,5098,CCSS,Q,PCFENCE,Responsive,1,296.06,310.86,62.17,373.03,304.64,30.46,45.70,198.02,30.46,4.93,2026-04-29T11:22:00,2026-04-29T11:22:00,2026-05-27T11:22:00,2026-05-25T15:22:00,Completed,Met
WO701868,SR701868,5100,CCSS,QEL,PCPLUMB,Responsive,1,305.31,320.58,64.12,384.70,314.17,31.42,47.13,204.21,31.42,5.09,2026-04-29T09:12:00,2026-04-29T09:12:00,2026-05-13T09:12:00,2026-05-05T16:12:00,Completed,Met
WO701869,SR701869,5075,KPIF,U1,PCCARP,Responsive,1,205.69,215.97,43.19,259.16,211.65,116.41,74.08,0.00,21.16,3.43,2026-04-29T09:20:00,2026-04-29T09:20:00,2026-05-01T09:20:00,2026-04-29T18:20:00,Completed,Met
WO701870,SR701870,5008,PHJONESGAS,Q,PCPLUMB,Responsive,1,254.72,267.46,53.49,320.95,262.11,26.21,39.32,170.37,26.21,4.25,2026-04-29T11:10:00,2026-04-29T11:10:00,2026-05-27T11:10:00,2026-05-14T06:10:00,Completed,Met
WO701871,SR701871,5183,KPIF,Q,PCBRICK,Responsive,1,310.75,326.29,65.26,391.55,319.76,175.87,111.92,0.00,31.98,5.18,2026-04-29T09:13:00,2026-04-29T09:13:00,2026-05-27T09:13:00,2026-05-13T03:13:00,Completed,Met
WO701872,SR701872,5170,IHREPAIRS,UEL,PCELEC,Responsive,1,330.80,347.34,69.47,416.81,340.39,187.21,119.14,0.00,34.04,5.51,2026-04-29T09:09:00,2026-04-29T09:09:00,2026-04-30T09:09:00,2026-04-30T04:09:00,Completed,Met
WO701873,SR701873,5180,IHREPAIRS,UEL,PCPLUMB,Responsive,1,243.98,256.18,51.24,307.42,251.06,138.08,87.87,0.00,25.11,4.07,2026-04-29T12:49:00,2026-04-29T12:49:00,2026-04-30T12:49:00,2026-04-30T01:49:00,Completed,Met
WO701874,SR701874,5101,KPIF,QEL,PCBRICK,Responsive,1,365.79,384.08,76.82,460.90,376.40,207.02,131.74,0.00,37.64,6.10,2026-04-29T13:55:00,2026-04-29T13:55:00,2026-05-13T13:55:00,2026-05-06T11:55:00,Completed,Met
WO701875,SR701875,5168,IHREPAIRS,Q,PCPLAST,Responsive,1,233.46,245.13,49.03,294.16,240.23,132.13,84.08,0.00,24.02,3.89,2026-04-29T10:30:00,2026-04-29T10:30:00,2026-05-27T10:30:00,2026-05-07T15:30:00,Completed,Met
WO701876,SR701876,5142,KPIF,Q,PCFENCE,Responsive,1,232.29,243.90,48.78,292.68,239.02,131.46,83.66,0.00,23.90,3.87,2026-04-29T09:57:00,2026-04-29T09:57:00,2026-05-27T09:57:00,,Open,Open
WO701877,SR701877,5192,KPIF,Q,PCPLUMB,Responsive,1,298.54,313.47,62.69,376.16,307.20,168.96,107.52,0.00,30.72,4.98,2026-04-29T10:16:00,2026-04-29T10:16:00,2026-05-27T10:16:00,2026-05-16T16:16:00,Completed,Met
WO701878,SR701878,5159,KPIF,QEL,PCFENCE,Responsive,1,157.33,165.20,33.04,198.24,161.90,89.05,56.66,0.00,16.19,2.62,2026-04-29T13:49:00,2026-04-29T13:49:00,2026-05-13T13:49:00,2026-05-09T04:49:00,Completed,Met
WO701879,SR701879,5168,KPIF,U1,PCPLAST,Responsive,1,168.55,176.98,35.40,212.38,173.44,95.39,60.70,0.00,17.34,2.81,2026-04-29T08:54:00,2026-04-29T08:54:00,2026-05-01T08:54:00,2026-05-01T06:54:00,Completed,Met
WO701880,SR701880,5168,BRADLEY,QEL,PCCARP,Responsive,1,232.54,244.17,48.83,293.00,239.29,23.93,35.89,155.54,23.93,3.88,2026-04-29T08:32:00,2026-04-29T08:32:00,2026-05-13T08:32:00,2026-05-07T09:32:00,Completed,Met
WO701881,SR701881,5183,IHREPAIRS,Q,PCPLAST,Responsive,1,196.55,206.38,41.28,247.66,202.25,111.24,70.79,0.00,20.22,3.28,2026-04-29T10:37:00,2026-04-29T10:37:00,2026-05-27T10:37:00,2026-05-10T18:37:00,Completed,Met
WO701882,SR701882,5168,KPIF,Q,PCCARP,Responsive,1,200.03,210.03,42.01,252.04,205.83,113.21,72.04,0.00,20.58,3.33,2026-04-29T14:14:00,2026-04-29T14:14:00,2026-05-27T14:14:00,2026-05-24T07:14:00,Completed,Met
WO701883,SR701883,5138,IHREPAIRS,Q,PCPLAST,Responsive,1,163.43,171.60,34.32,205.92,168.17,92.49,58.86,0.00,16.82,2.72,2026-04-29T14:11:00,2026-04-29T14:11:00,2026-05-27T14:11:00,2026-05-15T16:11:00,Completed,Met
WO701884,SR701884,5132,KPIF,Q,PCVINYL,Responsive,1,227.81,239.20,47.84,287.04,234.42,128.93,82.05,0.00,23.44,3.80,2026-04-29T13:00:00,2026-04-29T13:00:00,2026-05-27T13:00:00,2026-05-13T23:00:00,Completed,Met
WO701885,SR701885,5133,KPIF,Q,PCCARP,Responsive,1,268.85,282.29,56.46,338.75,276.64,152.15,96.82,0.00,27.66,4.48,2026-04-29T11:49:00,2026-04-29T11:49:00,2026-05-27T11:49:00,2026-05-12T03:49:00,Completed,Met
WO701886,SR701886,5146,OPENVIEW,Q,PCFENCE,Responsive,1,361.90,380.00,76.00,456.00,372.40,37.24,55.86,242.06,37.24,6.03,2026-04-29T08:51:00,2026-04-29T08:51:00,2026-05-27T08:51:00,2026-05-19T23:51:00,Completed,Met
WO701887,SR701887,5148,KPIF,Q,PCFENCE,Responsive,1,251.88,264.47,52.89,317.36,259.18,142.55,90.71,0.00,25.92,4.20,2026-04-29T10:08:00,2026-04-29T10:08:00,2026-05-27T10:08:00,,Open,Open
WO701888,SR701888,5111,KPIF,Q,PCELEC,Responsive,1,217.45,228.32,45.66,273.98,223.75,123.06,78.31,0.00,22.37,3.62,2026-04-29T10:53:00,2026-04-29T10:53:00,2026-05-27T10:53:00,2026-05-20T14:53:00,Completed,Met
WO701889,SR701889,5168,KPIF,QEL,PCGROUND,Responsive,1,339.77,356.76,71.35,428.11,349.62,192.29,122.37,0.00,34.96,5.66,2026-04-29T10:25:00,2026-04-29T10:25:00,2026-05-13T10:25:00,2026-05-07T11:25:00,Completed,Met
WO701890,SR701890,5165,PHJONESGAS,U1,PCGROUND,Responsive,1,370.84,389.38,77.88,467.26,381.59,38.16,57.24,248.03,38.16,6.18,2026-04-29T11:19:00,2026-04-29T11:19:00,2026-05-01T11:19:00,2026-04-30T15:19:00,Completed,Met
WO701891,SR701891,5190,KPIF,Q,PCPLUMB,Responsive,1,226.29,237.60,47.52,285.12,232.85,128.07,81.50,0.00,23.28,3.77,2026-04-29T10:58:00,2026-04-29T10:58:00,2026-05-27T10:58:00,2026-05-15T11:58:00,Completed,Met
WO701892,SR701892,5131,KPIF,QEL,PCTILE,Responsive,1,193.07,202.72,40.54,243.26,198.67,109.27,69.53,0.00,19.87,3.22,2026-04-29T11:31:00,2026-04-29T11:31:00,2026-05-13T11:31:00,2026-05-09T00:31:00,Completed,Met
WO701893,SR701893,5291,KPIF,Q,PCCARP,Responsive,1,166.78,175.12,35.02,210.14,171.62,94.39,60.07,0.00,17.16,2.78,2026-04-29T09:42:00,2026-04-29T09:42:00,2026-05-27T09:42:00,2026-05-17T00:42:00,Completed,Met
WO701894,SR701894,5259,BRADLEY,Q,PCGROUND,Responsive,1,382.26,401.37,80.27,481.64,393.34,39.33,59.00,255.67,39.33,6.37,2026-04-29T09:33:00,2026-04-29T09:33:00,2026-05-27T09:33:00,2026-05-08T19:33:00,Completed,Met
WO701895,SR701895,5276,KPIF,Q,PCCARP,Responsive,1,214.87,225.61,45.12,270.73,221.10,121.61,77.38,0.00,22.11,3.58,2026-04-29T10:20:00,2026-04-29T10:20:00,2026-05-27T10:20:00,2026-05-21T13:20:00,Completed,Met
WO701896,SR701896,5206,CCSS,QEL,PCVINYL,Responsive,1,193.19,202.85,40.57,243.42,198.79,19.88,29.82,129.21,19.88,3.22,2026-04-29T09:12:00,2026-04-29T09:12:00,2026-05-13T09:12:00,2026-05-11T03:12:00,Completed,Met
WO701897,SR701897,5298,KPIF,NG,PCFENCE,Responsive,1,211.97,222.57,44.51,267.08,218.12,119.97,76.34,0.00,21.81,3.53,2026-04-29T12:46:00,2026-04-29T12:46:00,2026-05-13T12:46:00,2026-05-10T23:46:00,Completed,Met
WO701898,SR701898,5268,KPIF,E,PCPLUMB,Responsive,1,239.82,251.81,50.36,302.17,246.77,135.72,86.37,0.00,24.68,4.00,2026-04-29T08:43:00,2026-04-29T08:43:00,2026-04-30T08:43:00,2026-04-29T23:43:00,Completed,Met
WO701899,SR701899,5300,KPIF,U1,PCVINYL,Responsive,1,219.04,229.99,46.00,275.99,225.39,123.96,78.89,0.00,22.54,3.65,2026-04-29T13:35:00,2026-04-29T13:35:00,2026-05-01T13:35:00,2026-04-30T16:35:00,Completed,Met
WO701900,SR701900,5243,IHREPAIRS,Q,PCELEC,Responsive,1,203.50,213.68,42.74,256.42,209.41,115.18,73.29,0.00,20.94,3.39,2026-04-29T10:55:00,2026-04-29T10:55:00,2026-05-27T10:55:00,2026-05-19T13:55:00,Completed,Met
WO701901,SR701901,5254,CCSS,QEL,PCPLUMB,Responsive,1,296.50,311.32,62.26,373.58,305.09,30.51,45.76,198.31,30.51,4.94,2026-04-29T11:50:00,2026-04-29T11:50:00,2026-05-13T11:50:00,2026-05-04T12:50:00,Completed,Met
WO701902,SR701902,5208,KPIF,UEL,PCCARP,Responsive,1,146.44,153.76,30.75,184.51,150.68,82.87,52.74,0.00,15.07,2.44,2026-04-29T09:33:00,2026-04-29T09:33:00,2026-04-30T09:33:00,2026-04-30T04:33:00,Completed,Met
WO701903,SR701903,5214,KPIF,UEL,PCGROUND,Responsive,1,429.98,451.48,90.30,541.78,442.45,243.35,154.86,0.00,44.24,7.17,2026-04-29T13:01:00,2026-04-29T13:01:00,2026-04-30T13:01:00,2026-04-29T18:01:00,Completed,Met
WO701904,SR701904,5297,OPENVIEW,U1,PCVINYL,Responsive,1,200.59,210.62,42.12,252.74,206.41,20.64,30.96,134.17,20.64,3.34,2026-04-29T09:50:00,2026-04-29T09:50:00,2026-05-01T09:50:00,2026-05-01T02:50:00,Completed,Met
WO701905,SR701905,5210,KPIF,Q,PCTILE,Responsive,1,170.25,178.76,35.75,214.51,175.18,96.35,61.31,0.00,17.52,2.84,2026-04-29T12:04:00,2026-04-29T12:04:00,2026-05-27T12:04:00,,Open,Open
WO701906,SR701906,5296,IHREPAIRS,U1,PCBRICK,Responsive,1,248.67,261.10,52.22,313.32,255.88,140.73,89.56,0.00,25.59,4.14,2026-04-29T08:51:00,2026-04-29T08:51:00,2026-05-01T08:51:00,2026-04-30T19:51:00,Completed,Met
WO701907,SR701907,5244,KPIF,Q,PCTILE,Responsive,1,150.01,157.51,31.50,189.01,154.36,84.90,54.03,0.00,15.44,2.50,2026-04-29T12:12:00,2026-04-29T12:12:00,2026-05-27T12:12:00,2026-05-25T08:12:00,Completed,Met
WO701908,SR701908,5213,KPIF,Q,PCCARP,Responsive,1,150.85,158.39,31.68,190.07,155.22,85.37,54.33,0.00,15.52,2.51,2026-04-29T08:39:00,2026-04-29T08:39:00,2026-05-27T08:39:00,2026-05-28T14:39:00,Completed,Breached
WO701909,SR701909,5208,KPIF,QEL,PCGROUND,Responsive,1,388.94,408.39,81.68,490.07,400.22,220.12,140.08,0.00,40.02,6.48,2026-04-29T11:53:00,2026-04-29T11:53:00,2026-05-13T11:53:00,2026-05-08T18:53:00,Completed,Met
WO701910,SR701910,5204,KPIF,U1,PCVINYL,Responsive,1,209.96,220.46,44.09,264.55,216.05,118.83,75.62,0.00,21.60,3.50,2026-04-29T11:14:00,2026-04-29T11:14:00,2026-05-01T11:14:00,2026-04-30T21:14:00,Completed,Met
WO701911,SR701911,5299,KPIF,UEL,PCTILE,Responsive,1,128.68,135.11,27.02,162.13,132.41,72.83,46.34,0.00,13.24,2.14,2026-04-29T08:56:00,2026-04-29T08:56:00,2026-04-30T08:56:00,2026-04-30T00:56:00,Completed,Met
WO701912,SR701912,5274,OPENVIEW,Q,PCCARP,Responsive,1,133.58,140.26,28.05,168.31,137.45,13.74,20.62,89.34,13.74,2.23,2026-04-29T12:07:00,2026-04-29T12:07:00,2026-05-27T12:07:00,2026-05-16T23:07:00,Completed,Met
WO701913,SR701913,5227,KPIF,QEL,PCGROUND,Responsive,1,451.80,474.39,94.88,569.27,464.90,255.70,162.71,0.00,46.49,7.53,2026-04-29T08:50:00,2026-04-29T08:50:00,2026-05-13T08:50:00,2026-05-09T12:50:00,Completed,Met
WO701914,SR701914,5268,KPIF,QEL,PCELEC,Responsive,1,270.05,283.55,56.71,340.26,277.88,152.83,97.26,0.00,27.79,4.50,2026-04-29T10:31:00,2026-04-29T10:31:00,2026-05-13T10:31:00,2026-05-03T16:31:00,Completed,Met
WO701915,SR701915,5068,KPIF,Q,PCPLAST,Responsive,1,241.02,253.07,50.61,303.68,248.01,136.41,86.80,0.00,24.80,4.02,2026-04-30T14:00:00,2026-04-30T14:00:00,2026-05-28T14:00:00,,Open,Open
WO701916,SR701916,5086,CCSS,Q,PCFENCE,Responsive,1,226.10,237.41,47.48,284.89,232.66,23.27,34.90,151.23,23.27,3.77,2026-04-30T13:40:00,2026-04-30T13:40:00,2026-05-28T13:40:00,2026-05-20T06:40:00,Completed,Met
WO701917,SR701917,5075,KPIF,QEL,PCCARP,Responsive,1,159.61,167.59,33.52,201.11,164.24,90.33,57.48,0.00,16.42,2.66,2026-04-30T10:03:00,2026-04-30T10:03:00,2026-05-14T10:03:00,2026-05-12T21:03:00,Completed,Met
WO701918,SR701918,5033,IHREPAIRS,Q,PCPLAST,Responsive,1,164.58,172.81,34.56,207.37,169.35,93.14,59.27,0.00,16.93,2.74,2026-04-30T13:23:00,2026-04-30T13:23:00,2026-05-28T13:23:00,2026-05-11T17:23:00,Completed,Met
WO701919,SR701919,5074,IHREPAIRS,QEL,PCVINYL,Responsive,1,168.02,176.42,35.28,211.70,172.89,95.09,60.51,0.00,17.29,2.80,2026-04-30T13:12:00,2026-04-30T13:12:00,2026-05-14T13:12:00,2026-05-05T23:12:00,Completed,Met
WO701920,SR701920,5087,IHREPAIRS,U1,PCELEC,Responsive,1,250.18,262.69,52.54,315.23,257.44,141.59,90.10,0.00,25.74,4.17,2026-04-30T09:44:00,2026-04-30T09:44:00,2026-05-02T09:44:00,2026-05-01T04:44:00,Completed,Met
WO701921,SR701921,5073,IHREPAIRS,U1,PCTILE,Responsive,1,164.52,172.75,34.55,207.30,169.29,93.11,59.25,0.00,16.93,2.74,2026-04-30T11:00:00,2026-04-30T11:00:00,2026-05-02T11:00:00,2026-05-02T03:00:00,Completed,Met
WO701922,SR701922,5080,BRADLEY,QEL,PCTILE,Responsive,1,206.01,216.31,43.26,259.57,211.98,21.20,31.80,137.79,21.20,3.43,2026-04-30T09:25:00,2026-04-30T09:25:00,2026-05-14T09:25:00,2026-05-10T17:25:00,Completed,Met
WO701923,SR701923,5038,KPIF,QEL,PCPLAST,Responsive,1,168.87,177.31,35.46,212.77,173.76,95.57,60.82,0.00,17.38,2.81,2026-04-30T13:18:00,2026-04-30T13:18:00,2026-05-14T13:18:00,2026-05-02T19:18:00,Completed,Met
WO701924,SR701924,5090,IHREPAIRS,NG,PCPLUMB,Responsive,1,203.16,213.32,42.66,255.98,209.05,114.98,73.17,0.00,20.90,3.39,2026-04-30T11:53:00,2026-04-30T11:53:00,2026-05-14T11:53:00,2026-05-06T21:53:00,Completed,Met
WO701925,SR701925,5004,KPIF,U1,PCELEC,Responsive,1,233.68,245.36,49.07,294.43,240.45,132.25,84.16,0.00,24.04,3.89,2026-04-30T13:17:00,2026-04-30T13:17:00,2026-05-02T13:17:00,2026-05-02T08:17:00,Completed,Met
WO701926,SR701926,5029,IHREPAIRS,Q,PCFENCE,Responsive,1,192.70,202.34,40.47,242.81,198.29,109.06,69.40,0.00,19.83,3.21,2026-04-30T11:35:00,2026-04-30T11:35:00,2026-05-28T11:35:00,2026-05-10T05:35:00,Completed,Met
WO701927,SR701927,5085,OPENVIEW,Q,PCGROUND,Responsive,1,271.10,284.66,56.93,341.59,278.97,27.90,41.85,181.33,27.90,4.52,2026-04-30T10:55:00,2026-04-30T10:55:00,2026-05-28T10:55:00,2026-05-22T20:55:00,Completed,Met
WO701928,SR701928,5085,BRADLEY,NG,PCCARP,Responsive,1,161.13,169.19,33.84,203.03,165.81,16.58,24.87,107.78,16.58,2.69,2026-04-30T13:19:00,2026-04-30T13:19:00,2026-05-14T13:19:00,2026-05-06T23:19:00,Completed,Met
WO701929,SR701929,5019,KPIF,Q,PCVINYL,Responsive,1,266.38,279.70,55.94,335.64,274.11,150.76,95.94,0.00,27.41,4.44,2026-04-30T14:16:00,2026-04-30T14:16:00,2026-05-28T14:16:00,2026-05-22T08:16:00,Completed,Met
WO701930,SR701930,5071,KPIF,Q,PCVINYL,Responsive,1,252.88,265.52,53.10,318.62,260.21,143.12,91.07,0.00,26.02,4.21,2026-04-30T13:52:00,2026-04-30T13:52:00,2026-05-28T13:52:00,,Open,Open
WO701931,SR701931,5062,OPENVIEW,U1,PCVINYL,Responsive,1,148.53,155.96,31.19,187.15,152.84,15.28,22.93,99.35,15.28,2.48,2026-04-30T09:44:00,2026-04-30T09:44:00,2026-05-02T09:44:00,2026-05-01T15:44:00,Completed,Met
WO701932,SR701932,5044,KPIF,UEL,PCCARP,Responsive,1,190.94,200.49,40.10,240.59,196.48,108.06,68.77,0.00,19.65,3.18,2026-04-30T10:46:00,2026-04-30T10:46:00,2026-05-01T10:46:00,2026-04-30T22:46:00,Completed,Met
WO701933,SR701933,5099,KPIF,QEL,PCBRICK,Responsive,1,233.81,245.50,49.10,294.60,240.59,132.32,84.21,0.00,24.06,3.90,2026-04-30T08:50:00,2026-04-30T08:50:00,2026-05-14T08:50:00,2026-05-11T23:50:00,Completed,Met
WO701934,SR701934,5097,CCSS,E,PCTILE,Responsive,1,171.51,180.09,36.02,216.11,176.49,17.65,26.47,114.72,17.65,2.86,2026-04-30T12:53:00,2026-04-30T12:53:00,2026-05-01T12:53:00,2026-04-30T22:53:00,Completed,Met
WO701935,SR701935,5009,PHJONESGAS,U1,PCPLUMB,Responsive,1,239.58,251.56,50.31,301.87,246.53,24.65,36.98,160.24,24.65,3.99,2026-04-30T11:48:00,2026-04-30T11:48:00,2026-05-02T11:48:00,2026-05-01T12:48:00,Completed,Met
WO701936,SR701936,5079,OPENVIEW,QEL,PCFENCE,Responsive,1,285.53,299.81,59.96,359.77,293.81,29.38,44.07,190.98,29.38,4.76,2026-04-30T08:43:00,2026-04-30T08:43:00,2026-05-14T08:43:00,2026-05-09T17:43:00,Completed,Met
WO701937,SR701937,5179,IHREPAIRS,U1,PCBRICK,Responsive,1,280.48,294.50,58.90,353.40,288.61,158.74,101.01,0.00,28.86,4.67,2026-04-30T09:07:00,2026-04-30T09:07:00,2026-05-02T09:07:00,2026-05-01T19:07:00,Completed,Met
WO701938,SR701938,5200,IHREPAIRS,QEL,PCPLAST,Responsive,1,183.88,193.07,38.61,231.68,189.21,104.07,66.22,0.00,18.92,3.06,2026-04-30T13:28:00,2026-04-30T13:28:00,2026-05-14T13:28:00,2026-05-12T18:28:00,Completed,Met
WO701939,SR701939,5107,KPIF,UEL,PCFENCE,Responsive,1,246.90,259.25,51.85,311.10,254.06,139.73,88.92,0.00,25.41,4.12,2026-04-30T08:38:00,2026-04-30T08:38:00,2026-05-01T08:38:00,2026-05-01T02:38:00,Completed,Met
WO701940,SR701940,5151,PHJONESGAS,E,PCPLAST,Responsive,1,139.61,146.59,29.32,175.91,143.66,14.37,21.55,93.38,14.37,2.33,2026-04-30T09:41:00,2026-04-30T09:41:00,2026-05-01T09:41:00,2026-04-30T22:41:00,Completed,Met
WO701941,SR701941,5117,IHREPAIRS,UEL,PCPLAST,Responsive,1,158.11,166.02,33.20,199.22,162.70,89.48,56.94,0.00,16.27,2.64,2026-04-30T09:17:00,2026-04-30T09:17:00,2026-05-01T09:17:00,2026-04-30T23:17:00,Completed,Met
WO701942,SR701942,5161,PHJONESGAS,QEL,PCVINYL,Responsive,1,168.97,177.42,35.48,212.90,173.87,17.39,26.08,113.02,17.39,2.82,2026-04-30T13:19:00,2026-04-30T13:19:00,2026-05-14T13:19:00,2026-05-07T18:19:00,Completed,Met
WO701943,SR701943,5134,IHREPAIRS,Q,PCPLUMB,Responsive,1,354.20,371.91,74.38,446.29,364.47,200.46,127.56,0.00,36.45,5.90,2026-04-30T13:03:00,2026-04-30T13:03:00,2026-05-28T13:03:00,2026-05-16T03:03:00,Completed,Met
WO701944,SR701944,5159,KPIF,U1,PCTILE,Responsive,1,211.82,222.41,44.48,266.89,217.96,119.88,76.29,0.00,21.80,3.53,2026-04-30T11:10:00,2026-04-30T11:10:00,2026-05-02T11:10:00,2026-05-01T01:10:00,Completed,Met
WO701945,SR701945,5152,BRADLEY,Q,PCCARP,Responsive,1,184.21,193.42,38.68,232.10,189.55,18.96,28.43,123.21,18.95,3.07,2026-04-30T12:27:00,2026-04-30T12:27:00,2026-05-28T12:27:00,2026-05-28T04:27:00,Completed,Met
WO701946,SR701946,5122,KPIF,U1,PCCARP,Responsive,1,215.09,225.84,45.17,271.01,221.32,121.73,77.46,0.00,22.13,3.58,2026-04-30T11:44:00,2026-04-30T11:44:00,2026-05-02T11:44:00,2026-05-02T03:44:00,Completed,Met
WO701947,SR701947,5166,IHREPAIRS,U1,PCFENCE,Responsive,1,272.78,286.42,57.28,343.70,280.69,154.38,98.24,0.00,28.07,4.55,2026-04-30T13:23:00,2026-04-30T13:23:00,2026-05-02T13:23:00,2026-05-02T03:23:00,Completed,Met
WO701948,SR701948,5158,IHREPAIRS,QEL,PCCARP,Responsive,1,190.25,199.76,39.95,239.71,195.76,107.67,68.52,0.00,19.58,3.17,2026-04-30T11:07:00,2026-04-30T11:07:00,2026-05-14T11:07:00,2026-05-08T18:07:00,Completed,Met
WO701949,SR701949,5175,OPENVIEW,E,PCFENCE,Responsive,1,271.26,284.82,56.96,341.78,279.12,27.91,41.87,181.43,27.91,4.52,2026-04-30T11:00:00,2026-04-30T11:00:00,2026-05-01T11:00:00,2026-04-30T12:00:00,Completed,Met
WO701950,SR701950,5136,KPIF,NG,PCBRICK,Responsive,1,220.97,232.02,46.40,278.42,227.38,125.06,79.58,0.00,22.74,3.68,2026-04-30T10:14:00,2026-04-30T10:14:00,2026-05-14T10:14:00,2026-05-06T15:14:00,Completed,Met
WO701951,SR701951,5169,BRADLEY,QEL,PCCARP,Responsive,1,162.82,170.96,34.19,205.15,167.54,16.75,25.13,108.90,16.75,2.71,2026-04-30T12:45:00,2026-04-30T12:45:00,2026-05-14T12:45:00,2026-05-08T01:45:00,Completed,Met
WO701952,SR701952,5102,BRADLEY,Q,PCPLAST,Responsive,1,194.84,204.58,40.92,245.50,200.49,20.05,30.07,130.32,20.05,3.25,2026-04-30T13:31:00,2026-04-30T13:31:00,2026-05-28T13:31:00,2026-05-13T21:31:00,Completed,Met
WO701953,SR701953,5134,KPIF,QEL,PCGROUND,Responsive,1,375.65,394.43,78.89,473.32,386.54,212.60,135.29,0.00,38.65,6.26,2026-04-30T13:23:00,2026-04-30T13:23:00,2026-05-14T13:23:00,2026-05-04T13:23:00,Completed,Met
WO701954,SR701954,5194,KPIF,UEL,PCELEC,Responsive,1,218.73,229.67,45.93,275.60,225.08,123.79,78.78,0.00,22.51,3.65,2026-04-30T10:28:00,2026-04-30T10:28:00,2026-05-01T10:28:00,2026-05-01T04:28:00,Completed,Met
WO701955,SR701955,5166,PHJONESGAS,Q,PCPLAST,Responsive,1,204.73,214.97,42.99,257.96,210.67,21.07,31.60,136.94,21.07,3.41,2026-04-30T11:59:00,2026-04-30T11:59:00,2026-05-28T11:59:00,2026-05-21T05:59:00,Completed,Met
WO701956,SR701956,5195,CCSS,Q,PCPLUMB,Responsive,1,195.14,204.90,40.98,245.88,200.80,20.08,30.12,130.52,20.08,3.25,2026-04-30T13:08:00,2026-04-30T13:08:00,2026-05-28T13:08:00,2026-05-16T04:08:00,Completed,Met
WO701957,SR701957,5116,KPIF,Q,PCELEC,Responsive,1,307.51,322.89,64.58,387.47,316.43,174.04,110.75,0.00,31.64,5.13,2026-04-30T12:44:00,2026-04-30T12:44:00,2026-05-28T12:44:00,2026-05-17T19:44:00,Completed,Met
WO701958,SR701958,5119,KPIF,Q,PCPLUMB,Responsive,1,289.73,304.22,60.84,365.06,298.14,163.98,104.35,0.00,29.81,4.83,2026-04-30T13:06:00,2026-04-30T13:06:00,2026-05-28T13:06:00,2026-05-22T10:06:00,Completed,Met
WO701959,SR701959,5229,KPIF,UEL,PCFENCE,Responsive,1,213.30,223.97,44.79,268.76,219.49,120.72,76.82,0.00,21.95,3.56,2026-04-30T11:51:00,2026-04-30T11:51:00,2026-05-01T11:51:00,,Open,Open
WO701960,SR701960,5243,PHJONESGAS,NG,PCGROUND,Responsive,1,505.39,530.66,106.13,636.79,520.05,52.00,78.01,338.03,52.00,8.42,2026-04-30T14:21:00,2026-04-30T14:21:00,2026-05-14T14:21:00,2026-05-08T15:21:00,Completed,Met
WO701961,SR701961,5267,IHREPAIRS,U1,PCPLAST,Responsive,1,160.77,168.81,33.76,202.57,165.43,90.99,57.90,0.00,16.54,2.68,2026-04-30T11:17:00,2026-04-30T11:17:00,2026-05-02T11:17:00,2026-04-30T16:17:00,Completed,Met
WO701962,SR701962,5206,CCSS,Q,PCGROUND,Responsive,1,512.70,538.34,107.67,646.01,527.57,52.76,79.14,342.92,52.76,8.54,2026-04-30T10:47:00,2026-04-30T10:47:00,2026-05-28T10:47:00,2026-05-17T22:47:00,Completed,Met
WO701963,SR701963,5270,KPIF,QEL,PCPLUMB,Responsive,1,177.70,186.59,37.32,223.91,182.86,100.57,64.00,0.00,18.29,2.96,2026-04-30T08:49:00,2026-04-30T08:49:00,2026-05-14T08:49:00,2026-05-11T16:49:00,Completed,Met
WO701964,SR701964,5289,IHREPAIRS,Q,PCTILE,Responsive,1,138.59,145.52,29.10,174.62,142.61,78.44,49.91,0.00,14.26,2.31,2026-04-30T13:36:00,2026-04-30T13:36:00,2026-05-28T13:36:00,2026-05-16T11:36:00,Completed,Met
WO701965,SR701965,5283,IHREPAIRS,UEL,PCPLAST,Responsive,1,196.11,205.92,41.18,247.10,201.80,110.99,70.63,0.00,20.18,3.27,2026-04-30T13:42:00,2026-04-30T13:42:00,2026-05-01T13:42:00,2026-04-30T20:42:00,Completed,Met
WO701966,SR701966,5237,IHREPAIRS,Q,PCFENCE,Responsive,1,260.34,273.36,54.67,328.03,267.89,147.34,93.76,0.00,26.79,4.34,2026-04-30T12:24:00,2026-04-30T12:24:00,2026-05-28T12:24:00,,Open,Open
WO701967,SR701967,5284,BRADLEY,U1,PCELEC,Responsive,1,230.98,242.53,48.51,291.04,237.68,23.77,35.65,154.49,23.77,3.85,2026-04-30T10:30:00,2026-04-30T10:30:00,2026-05-02T10:30:00,2026-05-01T22:30:00,Completed,Met
WO701968,SR701968,5226,IHREPAIRS,QEL,PCGROUND,Responsive,1,377.34,396.21,79.24,475.45,388.29,213.56,135.90,0.00,38.83,6.29,2026-04-30T08:43:00,2026-04-30T08:43:00,2026-05-14T08:43:00,2026-05-11T13:43:00,Completed,Met
WO701969,SR701969,5210,IHREPAIRS,Q,PCCARP,Responsive,1,181.28,190.34,38.07,228.41,186.53,102.59,65.29,0.00,18.65,3.02,2026-04-30T12:26:00,2026-04-30T12:26:00,2026-05-28T12:26:00,2026-05-10T09:26:00,Completed,Met
WO701970,SR701970,5220,CCSS,Q,PCVINYL,Responsive,1,202.19,212.30,42.46,254.76,208.05,20.81,31.21,135.23,20.80,3.37,2026-04-30T09:48:00,2026-04-30T09:48:00,2026-05-28T09:48:00,2026-05-18T17:48:00,Completed,Met
WO701971,SR701971,5226,KPIF,NG,PCELEC,Responsive,1,245.80,258.09,51.62,309.71,252.93,139.11,88.53,0.00,25.29,4.10,2026-04-30T13:59:00,2026-04-30T13:59:00,2026-05-14T13:59:00,,Open,Open
WO701972,SR701972,5283,CCSS,Q,PCPLAST,Responsive,1,209.13,219.59,43.92,263.51,215.20,21.52,32.28,139.88,21.52,3.49,2026-04-30T11:38:00,2026-04-30T11:38:00,2026-05-28T11:38:00,,Open,Open
WO701973,SR701973,5247,IHREPAIRS,Q,PCVINYL,Responsive,1,222.98,234.13,46.83,280.96,229.45,126.20,80.31,0.00,22.94,3.72,2026-04-30T14:21:00,2026-04-30T14:21:00,2026-05-28T14:21:00,2026-05-15T21:21:00,Completed,Met
WO701974,SR701974,5222,KPIF,QEL,PCBRICK,Responsive,1,283.59,297.77,59.55,357.32,291.81,160.50,102.13,0.00,29.18,4.73,2026-04-30T11:25:00,2026-04-30T11:25:00,2026-05-14T11:25:00,2026-05-10T04:25:00,Completed,Met
WO701975,SR701975,5268,KPIF,Q,PCVINYL,Responsive,1,278.05,291.95,58.39,350.34,286.11,157.36,100.14,0.00,28.61,4.63,2026-04-30T09:41:00,2026-04-30T09:41:00,2026-05-28T09:41:00,2026-05-10T23:41:00,Completed,Met
WO701976,SR701976,5282,KPIF,Q,PCTILE,Responsive,1,104.34,109.56,21.91,131.47,107.37,59.05,37.58,0.00,10.74,1.74,2026-04-30T13:02:00,2026-04-30T13:02:00,2026-05-28T13:02:00,2026-05-16T14:02:00,Completed,Met
WO701977,SR701977,5229,BRADLEY,Q,PCTILE,Responsive,1,149.50,156.97,31.39,188.36,153.83,15.38,23.07,99.99,15.38,2.49,2026-04-30T13:23:00,2026-04-30T13:23:00,2026-05-28T13:23:00,2026-05-22T00:23:00,Completed,Met
WO701978,SR701978,5211,CCSS,U1,PCFENCE,Responsive,1,389.15,408.61,81.72,490.33,400.44,40.04,60.07,260.29,40.04,6.49,2026-04-30T12:37:00,2026-04-30T12:37:00,2026-05-02T12:37:00,2026-05-02T02:37:00,Completed,Met
WO701979,SR701979,5274,IHREPAIRS,Q,PCPLAST,Responsive,1,243.55,255.73,51.15,306.88,250.62,137.84,87.72,0.00,25.06,4.06,2026-04-30T14:25:00,2026-04-30T14:25:00,2026-05-28T14:25:00,2026-05-18T13:25:00,Completed,Met
WO701980,SR701980,5248,PHJONESGAS,UEL,PCCARP,Responsive,1,211.58,222.16,44.43,266.59,217.72,21.77,32.66,141.52,21.77,3.53,2026-04-30T12:48:00,2026-04-30T12:48:00,2026-05-01T12:48:00,2026-05-01T08:48:00,Completed,Met
