JobTicketReference,JobTicketLineReference,WorksOrderReference,AppointmentReference,PropertiesSK,EmployeesSK,PatchCode,JobSORCode,NoAccess,FollowOn,FollowOnDescription,FirstTimeFix,SecondTimeFix,AccessedVisitNumber,ActualStartDate,ActualEndDate,ActualDurationMins,JobInvoicedCost,VisitOutcome
JT11000001,JT11000001-1,WO700001,AP9000001,5019,1004,CSP1,PCCARP,N,N,,Y,N,1,2026-03-20T07:58:00,2026-03-20T10:11:00,133,171.40,Completed
JT11000002,JT11000002-1,WO700002,AP9000002,5068,1001,CSP1,PCBRICK,N,N,,Y,N,1,2026-03-20T08:00:00,2026-03-20T08:58:00,58,292.64,Completed
JT11000003,JT11000003-1,WO700003,AP9000003,5099,1003,CSP1,PCGROUND,N,N,,Y,N,1,2026-03-20T11:57:00,2026-03-20T13:33:00,96,360.68,Completed
JT11000004,JT11000004-1,WO700004,AP9000004,5052,1001,CSP1,PCVINYL,N,N,,Y,N,1,2026-03-20T08:19:00,2026-03-20T09:35:00,76,186.98,Completed
JT11000005,JT11000005-1,WO700005,AP9000005,5061,1004,CSP1,PCCARP,N,N,,Y,N,1,2026-03-20T07:51:00,2026-03-20T09:20:00,89,210.27,Completed
JT11000006,JT11000006-1,WO700006,AP9000006,5072,1002,CSP1,PCPLUMB,N,N,,Y,N,1,2026-03-20T12:15:00,2026-03-20T14:14:00,119,201.06,Completed
JT11000007,JT11000007-1,WO700007,AP9000007,5097,1003,CSP1,PCVINYL,N,N,,Y,N,1,2026-03-20T08:02:00,2026-03-20T09:09:00,67,198.25,Completed
JT11000008,JT11000008-1,WO700008,AP9000008,5028,1003,CSP1,PCPLAST,N,N,,Y,N,1,2026-03-20T11:56:00,2026-03-20T13:31:00,95,237.11,Completed
JT11000009,JT11000009-1,WO700010,AP9000009,5085,1002,CSP1,PCBRICK,N,N,,Y,N,1,2026-03-20T12:09:00,2026-03-20T13:58:00,109,294.65,Completed
JT11000010,JT11000010-1,WO700011,AP9000010,5019,1001,CSP1,PCVINYL,N,N,,Y,N,1,2026-03-20T08:15:00,2026-03-20T08:59:00,44,246.54,Completed
JT11000011,JT11000011-1,WO700012,AP9000011,5059,1003,CSP1,PCFENCE,N,N,,Y,N,1,2026-03-20T07:50:00,2026-03-20T09:24:00,94,215.66,Completed
JT11000012,JT11000012-1,WO700013,AP9000012,5007,1001,CSP1,PCPLAST,Y,N,,N,N,1,2026-03-20T12:20:00,2026-03-20T13:30:00,70,109.55,No Access
JT11000013,JT11000013-1,WO700013,AP9000013,5007,1001,CSP1,PCPLAST,N,N,,Y,Y,2,2026-03-23T07:51:00,2026-03-23T09:08:00,77,109.55,Completed
JT11000014,JT11000014-1,WO700014,AP9000014,5078,1001,CSP1,PCELEC,N,N,,Y,N,1,2026-03-20T08:08:00,2026-03-20T09:07:00,59,292.53,Completed
JT11000015,JT11000015-1,WO700016,AP9000015,5039,1001,CSP1,PCTILE,N,N,,Y,N,1,2026-03-20T08:13:00,2026-03-20T09:49:00,96,163.16,Completed
JT11000016,JT11000016-1,WO700017,AP9000016,5023,1003,CSP1,PCPLAST,N,N,,Y,N,1,2026-03-20T07:57:00,2026-03-20T08:35:00,38,180.72,Completed
JT11000017,JT11000017-1,WO700018,AP9000017,5051,1003,CSP1,PCPLUMB,Y,N,,N,N,1,2026-03-20T11:55:00,2026-03-20T13:55:00,120,98.44,No Access
JT11000018,JT11000018-1,WO700018,AP9000018,5051,1003,CSP1,PCPLUMB,N,N,,Y,Y,2,2026-03-23T08:15:00,2026-03-23T08:52:00,37,98.44,Completed
JT11000019,JT11000019-1,WO700019,AP9000019,5091,1004,CSP1,PCVINYL,N,Y,Previously done,N,N,1,2026-03-20T11:51:00,2026-03-20T13:27:00,96,152.41,Completed
JT11000020,JT11000020-1,WO700019,AP9000020,5091,1004,CSP1,PCVINYL,N,N,,Y,Y,2,2026-03-23T12:15:00,2026-03-23T13:05:00,50,152.41,Completed
JT11000021,JT11000021-1,WO700020,AP9000021,5089,1004,CSP1,PCFENCE,N,N,,Y,N,1,2026-03-20T11:59:00,2026-03-20T13:22:00,83,300.05,Completed
JT11000022,JT11000022-1,WO700021,AP9000022,5040,1003,CSP1,PCFENCE,N,N,,Y,N,1,2026-03-20T08:18:00,2026-03-20T09:22:00,64,278.37,Completed
JT11000023,JT11000023-1,WO700022,AP9000023,5100,1003,CSP1,PCFENCE,N,N,,Y,N,1,2026-03-20T08:08:00,2026-03-20T09:02:00,54,246.04,Completed
JT11000024,JT11000024-1,WO700023,AP9000024,5126,1008,CSP2,PCPLAST,Y,N,,N,N,1,2026-03-20T08:06:00,2026-03-20T09:32:00,86,120.17,No Access
JT11000025,JT11000025-1,WO700023,AP9000025,5126,1008,CSP2,PCPLAST,N,N,,Y,Y,2,2026-03-23T07:59:00,2026-03-23T10:07:00,128,120.17,Completed
JT11000026,JT11000026-1,WO700024,AP9000026,5160,1009,CSP2,PCELEC,N,Y,Follow on weather conditions,N,N,1,2026-03-20T11:50:00,2026-03-20T12:50:00,60,105.39,Completed
JT11000027,JT11000027-1,WO700024,AP9000027,5160,1009,CSP2,PCELEC,N,N,,Y,Y,2,2026-03-23T08:18:00,2026-03-23T09:47:00,89,105.39,Completed
JT11000028,JT11000028-1,WO700025,AP9000028,5181,1007,CSP2,PCFENCE,N,N,,Y,N,1,2026-03-20T08:10:00,2026-03-20T09:28:00,78,213.92,Completed
JT11000029,JT11000029-1,WO700026,AP9000029,5146,1006,CSP2,PCGROUND,Y,N,,N,N,1,2026-03-20T07:54:00,2026-03-20T08:39:00,45,229.38,No Access
JT11000030,JT11000030-1,WO700026,AP9000030,5146,1006,CSP2,PCGROUND,N,N,,Y,Y,2,2026-03-23T08:15:00,2026-03-23T08:53:00,38,229.38,Completed
JT11000031,JT11000031-1,WO700027,AP9000031,5112,1008,CSP2,PCGROUND,N,N,,Y,N,1,2026-03-20T07:56:00,2026-03-20T09:33:00,97,451.76,Completed
JT11000032,JT11000032-1,WO700028,AP9000032,5142,1007,CSP2,PCELEC,N,N,,Y,N,1,2026-03-20T08:10:00,2026-03-20T09:25:00,75,320.69,Completed
JT11000033,JT11000033-1,WO700029,AP9000033,5192,1007,CSP2,PCCARP,N,N,,Y,N,1,2026-03-20T07:53:00,2026-03-20T09:03:00,70,84.07,Completed
JT11000034,JT11000034-1,WO700030,AP9000034,5179,1009,CSP2,PCPLAST,N,N,,Y,N,1,2026-03-20T12:08:00,2026-03-20T13:42:00,94,217.75,Completed
JT11000035,JT11000035-1,WO700031,AP9000035,5181,1009,CSP2,PCFENCE,N,N,,Y,N,1,2026-03-20T08:05:00,2026-03-20T09:57:00,112,305.11,Completed
JT11000036,JT11000036-1,WO700032,AP9000036,5178,1009,CSP2,PCPLAST,N,Y,Warning risk / Warning vulnerable,N,N,1,2026-03-20T12:18:00,2026-03-20T13:24:00,66,92.25,Completed
JT11000037,JT11000037-1,WO700032,AP9000037,5178,1009,CSP2,PCPLAST,N,N,,Y,Y,2,2026-03-23T12:13:00,2026-03-23T14:02:00,109,92.25,Completed
JT11000038,JT11000038-1,WO700033,AP9000038,5185,1006,CSP2,PCVINYL,N,N,,Y,N,1,2026-03-20T08:01:00,2026-03-20T09:04:00,63,255.84,Completed
JT11000039,JT11000039-1,WO700034,AP9000039,5117,1007,CSP2,PCGROUND,Y,N,,N,N,1,2026-03-20T11:59:00,2026-03-20T13:30:00,91,231.72,No Access
JT11000040,JT11000040-1,WO700034,AP9000040,5117,1007,CSP2,PCGROUND,N,N,,Y,Y,2,2026-03-23T07:56:00,2026-03-23T10:12:00,136,231.72,Completed
JT11000041,JT11000041-1,WO700035,AP9000041,5128,1007,CSP2,PCFENCE,Y,N,,N,N,1,2026-03-20T08:07:00,2026-03-20T09:26:00,79,140.00,No Access
JT11000042,JT11000042-1,WO700035,AP9000042,5128,1007,CSP2,PCFENCE,N,N,,Y,Y,2,2026-03-23T07:56:00,2026-03-23T08:59:00,63,140.00,Completed
JT11000043,JT11000043-1,WO700036,AP9000043,5113,1007,CSP2,PCGROUND,Y,N,,N,N,1,2026-03-20T08:09:00,2026-03-20T09:53:00,104,212.85,No Access
JT11000044,JT11000044-1,WO700036,AP9000044,5113,1007,CSP2,PCGROUND,N,N,,Y,Y,2,2026-03-23T08:10:00,2026-03-23T10:02:00,112,212.85,Completed
JT11000045,JT11000045-1,WO700037,AP9000045,5117,1006,CSP2,PCVINYL,N,N,,Y,N,1,2026-03-20T08:02:00,2026-03-20T09:13:00,71,148.57,Completed
JT11000046,JT11000046-1,WO700038,AP9000046,5157,1009,CSP2,PCPLUMB,N,N,,Y,N,1,2026-03-20T12:05:00,2026-03-20T12:28:00,23,228.73,Completed
JT11000047,JT11000047-1,WO700039,AP9000047,5158,1009,CSP2,PCTILE,N,N,,Y,N,1,2026-03-20T11:50:00,2026-03-20T12:23:00,33,149.27,Completed
JT11000048,JT11000048-1,WO700040,AP9000048,5174,1006,CSP2,PCELEC,N,N,,Y,N,1,2026-03-20T08:04:00,2026-03-20T09:10:00,66,259.11,Completed
JT11000049,JT11000049-1,WO700041,AP9000049,5126,1007,CSP2,PCPLAST,N,N,,Y,N,1,2026-03-20T12:05:00,2026-03-20T13:01:00,56,167.45,Completed
JT11000050,JT11000050-1,WO700042,AP9000050,5167,1008,CSP2,PCCARP,N,Y,Re-directed work,N,N,1,2026-03-20T11:54:00,2026-03-20T13:13:00,79,96.08,Completed
JT11000051,JT11000051-1,WO700042,AP9000051,5167,1008,CSP2,PCCARP,N,N,,Y,Y,2,2026-03-23T08:17:00,2026-03-23T09:26:00,69,96.08,Completed
JT11000052,JT11000052-1,WO700043,AP9000052,5112,1006,CSP2,PCTILE,N,N,,Y,N,1,2026-03-20T08:16:00,2026-03-20T09:28:00,72,174.75,Completed
JT11000053,JT11000053-1,WO700044,AP9000053,5150,1009,CSP2,PCCARP,N,N,,Y,N,1,2026-03-20T12:18:00,2026-03-20T13:22:00,64,140.23,Completed
JT11000054,JT11000054-1,WO700045,AP9000054,5218,1011,CSP4,PCPLUMB,N,N,,Y,N,1,2026-03-20T08:17:00,2026-03-20T09:16:00,59,176.40,Completed
JT11000055,JT11000055-1,WO700046,AP9000055,5279,1014,CSP4,PCPLUMB,N,N,,Y,N,1,2026-03-20T08:10:00,2026-03-20T09:16:00,66,193.08,Completed
JT11000056,JT11000056-1,WO700047,AP9000056,5268,1012,CSP4,PCVINYL,N,N,,Y,N,1,2026-03-20T12:15:00,2026-03-20T13:31:00,76,240.25,Completed
JT11000057,JT11000057-1,WO700048,AP9000057,5280,1012,CSP4,PCELEC,N,N,,Y,N,1,2026-03-20T08:10:00,2026-03-20T09:11:00,61,255.13,Completed
JT11000058,JT11000058-1,WO700049,AP9000058,5231,1011,CSP4,PCPLAST,Y,N,,N,N,1,2026-03-20T11:55:00,2026-03-20T13:02:00,67,118.66,No Access
JT11000059,JT11000059-1,WO700049,AP9000059,5231,1011,CSP4,PCPLAST,N,N,,Y,Y,2,2026-03-23T07:54:00,2026-03-23T08:40:00,46,118.66,Completed
JT11000060,JT11000060-1,WO700050,AP9000060,5211,1014,CSP4,PCGROUND,N,N,,Y,N,1,2026-03-20T08:20:00,2026-03-20T09:20:00,60,374.54,Completed
JT11000061,JT11000061-1,WO700052,AP9000061,5209,1014,CSP4,PCFENCE,N,N,,Y,N,1,2026-03-20T12:11:00,2026-03-20T13:32:00,81,198.59,Completed
JT11000062,JT11000062-1,WO700053,AP9000062,5206,1012,CSP4,PCFENCE,N,N,,Y,N,1,2026-03-20T08:18:00,2026-03-20T09:25:00,67,212.99,Completed
JT11000063,JT11000063-1,WO700054,AP9000063,5262,1013,CSP4,PCPLAST,N,N,,Y,N,1,2026-03-20T08:20:00,2026-03-20T09:36:00,76,205.56,Completed
JT11000064,JT11000064-1,WO700055,AP9000064,5206,1012,CSP4,PCFENCE,N,Y,Planned referral required,N,N,1,2026-03-20T12:07:00,2026-03-20T13:54:00,107,141.15,Completed
JT11000065,JT11000065-1,WO700055,AP9000065,5206,1012,CSP4,PCFENCE,N,N,,Y,Y,2,2026-03-23T12:03:00,2026-03-23T13:46:00,103,141.15,Completed
JT11000066,JT11000066-1,WO700056,AP9000066,5237,1014,CSP4,PCFENCE,N,N,,Y,N,1,2026-03-20T07:55:00,2026-03-20T09:37:00,102,302.62,Completed
JT11000067,JT11000067-1,WO700057,AP9000067,5252,1013,CSP4,PCELEC,Y,N,,N,N,1,2026-03-20T08:20:00,2026-03-20T09:57:00,97,130.66,No Access
JT11000068,JT11000068-1,WO700057,AP9000068,5252,1013,CSP4,PCELEC,N,N,,Y,Y,2,2026-03-23T12:08:00,2026-03-23T13:25:00,77,130.66,Completed
JT11000069,JT11000069-1,WO700058,AP9000069,5267,1014,CSP4,PCBRICK,Y,N,,N,N,1,2026-03-20T08:12:00,2026-03-20T09:24:00,72,199.66,No Access
JT11000070,JT11000070-1,WO700058,AP9000070,5267,1014,CSP4,PCBRICK,N,N,,Y,Y,2,2026-03-23T12:09:00,2026-03-23T13:08:00,59,199.66,Completed
JT11000071,JT11000071-1,WO700059,AP9000071,5238,1014,CSP4,PCFENCE,Y,N,,N,N,1,2026-03-20T07:55:00,2026-03-20T08:45:00,50,172.10,No Access
JT11000072,JT11000072-1,WO700059,AP9000072,5238,1014,CSP4,PCFENCE,N,N,,Y,Y,2,2026-03-23T07:51:00,2026-03-23T08:54:00,63,172.10,Completed
JT11000073,JT11000073-1,WO700060,AP9000073,5289,1014,CSP4,PCELEC,N,N,,Y,N,1,2026-03-20T08:19:00,2026-03-20T09:21:00,62,226.97,Completed
JT11000074,JT11000074-1,WO700061,AP9000074,5208,1013,CSP4,PCCARP,N,N,,Y,N,1,2026-03-20T08:08:00,2026-03-20T09:23:00,75,133.63,Completed
JT11000075,JT11000075-1,WO700062,AP9000075,5219,1012,CSP4,PCELEC,N,Y,Asbestos found,N,N,1,2026-03-20T07:54:00,2026-03-20T09:24:00,90,147.12,Completed
JT11000076,JT11000076-1,WO700062,AP9000076,5219,1012,CSP4,PCELEC,N,N,,Y,Y,2,2026-03-23T07:54:00,2026-03-23T08:30:00,36,147.12,Completed
JT11000077,JT11000077-1,WO700063,AP9000077,5278,1014,CSP4,PCPLAST,Y,N,,N,N,1,2026-03-20T08:15:00,2026-03-20T09:28:00,73,102.48,No Access
JT11000078,JT11000078-1,WO700063,AP9000078,5278,1014,CSP4,PCPLAST,N,N,,Y,Y,2,2026-03-23T07:55:00,2026-03-23T09:01:00,66,102.48,Completed
JT11000079,JT11000079-1,WO700064,AP9000079,5247,1011,CSP4,PCVINYL,N,N,,Y,N,1,2026-03-20T12:14:00,2026-03-20T12:56:00,42,224.12,Completed
JT11000080,JT11000080-1,WO700065,AP9000080,5272,1014,CSP4,PCCARP,N,Y,Specialist equipment required,N,N,1,2026-03-20T08:06:00,2026-03-20T09:09:00,63,111.74,Completed
JT11000081,JT11000081-1,WO700065,AP9000081,5272,1014,CSP4,PCCARP,N,N,,Y,Y,2,2026-03-23T08:04:00,2026-03-23T09:08:00,64,111.74,Completed
JT11000082,JT11000082-1,WO700066,AP9000082,5263,1013,CSP4,PCTILE,N,N,,Y,N,1,2026-03-20T08:06:00,2026-03-20T09:34:00,88,200.26,Completed
JT11000083,JT11000083-1,WO700067,AP9000083,5088,1002,CSP1,PCFENCE,N,N,,Y,N,1,2026-03-23T08:07:00,2026-03-23T09:15:00,68,252.19,Completed
JT11000084,JT11000084-1,WO700068,AP9000084,5092,1001,CSP1,PCPLAST,Y,N,,N,N,1,2026-03-23T07:50:00,2026-03-23T09:10:00,80,97.03,No Access
JT11000085,JT11000085-1,WO700068,AP9000085,5092,1001,CSP1,PCPLAST,N,N,,Y,Y,2,2026-03-25T11:59:00,2026-03-25T13:16:00,77,97.03,Completed
JT11000086,JT11000086-1,WO700069,AP9000086,5064,1003,CSP1,PCPLUMB,N,N,,Y,N,1,2026-03-23T08:04:00,2026-03-23T09:43:00,99,188.36,Completed
JT11000087,JT11000087-1,WO700070,AP9000087,5012,1002,CSP1,PCCARP,N,N,,Y,N,1,2026-03-23T08:17:00,2026-03-23T09:24:00,67,171.08,Completed
JT11000088,JT11000088-1,WO700071,AP9000088,5010,1001,CSP1,PCPLAST,Y,N,,N,N,1,2026-03-23T08:10:00,2026-03-23T08:32:00,22,104.63,No Access
JT11000089,JT11000089-1,WO700071,AP9000089,5010,1001,CSP1,PCPLAST,N,N,,Y,Y,2,2026-03-25T07:55:00,2026-03-25T09:17:00,82,104.63,Completed
JT11000090,JT11000090-1,WO700073,AP9000090,5016,1003,CSP1,PCGROUND,N,N,,Y,N,1,2026-03-23T07:50:00,2026-03-23T08:25:00,35,388.97,Completed
JT11000091,JT11000091-1,WO700074,AP9000091,5067,1002,CSP1,PCBRICK,N,N,,Y,N,1,2026-03-23T11:58:00,2026-03-23T12:49:00,51,307.50,Completed
JT11000092,JT11000092-1,WO700075,AP9000092,5079,1002,CSP1,PCGROUND,N,N,,Y,N,1,2026-03-23T08:08:00,2026-03-23T08:49:00,41,394.68,Completed
JT11000093,JT11000093-1,WO700076,AP9000093,5093,1004,CSP1,PCFENCE,N,N,,Y,N,1,2026-03-23T07:56:00,2026-03-23T08:59:00,63,339.97,Completed
JT11000094,JT11000094-1,WO700077,AP9000094,5034,1001,CSP1,PCTILE,N,N,,Y,N,1,2026-03-23T08:02:00,2026-03-23T08:49:00,47,171.42,Completed
JT11000095,JT11000095-1,WO700078,AP9000095,5083,1002,CSP1,PCBRICK,N,N,,Y,N,1,2026-03-23T07:54:00,2026-03-23T09:19:00,85,355.23,Completed
JT11000096,JT11000096-1,WO700079,AP9000096,5021,1004,CSP1,PCELEC,Y,N,,N,N,1,2026-03-23T12:04:00,2026-03-23T13:28:00,84,117.42,No Access
JT11000097,JT11000097-1,WO700079,AP9000097,5021,1004,CSP1,PCELEC,N,N,,Y,Y,2,2026-03-25T07:54:00,2026-03-25T09:41:00,107,117.42,Completed
JT11000098,JT11000098-1,WO700080,AP9000098,5094,1001,CSP1,PCFENCE,N,N,,Y,N,1,2026-03-23T07:53:00,2026-03-23T09:19:00,86,277.76,Completed
JT11000099,JT11000099-1,WO700081,AP9000099,5016,1001,CSP1,PCBRICK,N,N,,Y,N,1,2026-03-23T08:19:00,2026-03-23T09:39:00,80,374.91,Completed
JT11000100,JT11000100-1,WO700082,AP9000100,5032,1004,CSP1,PCPLAST,N,N,,Y,N,1,2026-03-23T08:13:00,2026-03-23T09:39:00,86,219.71,Completed
JT11000101,JT11000101-1,WO700083,AP9000101,5060,1004,CSP1,PCELEC,N,N,,Y,N,1,2026-03-23T07:56:00,2026-03-23T09:47:00,111,241.26,Completed
JT11000102,JT11000102-1,WO700084,AP9000102,5028,1003,CSP1,PCFENCE,N,N,,Y,N,1,2026-03-23T07:56:00,2026-03-23T08:52:00,56,230.51,Completed
JT11000103,JT11000103-1,WO700085,AP9000103,5069,1003,CSP1,PCPLUMB,N,N,,Y,N,1,2026-03-23T08:07:00,2026-03-23T09:37:00,90,167.33,Completed
JT11000104,JT11000104-1,WO700086,AP9000104,5052,1003,CSP1,PCPLUMB,N,N,,Y,N,1,2026-03-23T07:53:00,2026-03-23T09:09:00,76,281.44,Completed
JT11000105,JT11000105-1,WO700087,AP9000105,5071,1003,CSP1,PCBRICK,N,N,,Y,N,1,2026-03-23T07:53:00,2026-03-23T09:12:00,79,426.29,Completed
JT11000106,JT11000106-1,WO700089,AP9000106,5105,1009,CSP2,PCPLAST,N,N,,Y,N,1,2026-03-23T08:06:00,2026-03-23T09:23:00,77,213.12,Completed
JT11000107,JT11000107-1,WO700090,AP9000107,5142,1008,CSP2,PCFENCE,N,N,,Y,N,1,2026-03-23T08:08:00,2026-03-23T08:46:00,38,246.69,Completed
JT11000108,JT11000108-1,WO700091,AP9000108,5163,1008,CSP2,PCBRICK,N,N,,Y,N,1,2026-03-23T11:54:00,2026-03-23T12:14:00,20,177.09,Completed
JT11000109,JT11000109-1,WO700092,AP9000109,5193,1007,CSP2,PCPLUMB,N,N,,Y,N,1,2026-03-23T08:17:00,2026-03-23T08:48:00,31,166.85,Completed
JT11000110,JT11000110-1,WO700093,AP9000110,5193,1006,CSP2,PCPLUMB,N,N,,Y,N,1,2026-03-23T08:13:00,2026-03-23T10:16:00,123,166.65,Completed
JT11000111,JT11000111-1,WO700094,AP9000111,5188,1007,CSP2,PCTILE,N,N,,Y,N,1,2026-03-23T08:11:00,2026-03-23T09:05:00,54,188.94,Completed
JT11000112,JT11000112-1,WO700096,AP9000112,5118,1009,CSP2,PCGROUND,N,N,,Y,N,1,2026-03-23T08:14:00,2026-03-23T09:19:00,65,419.72,Completed
JT11000113,JT11000113-1,WO700097,AP9000113,5159,1009,CSP2,PCGROUND,N,N,,Y,N,1,2026-03-23T07:54:00,2026-03-23T09:04:00,70,321.09,Completed
JT11000114,JT11000114-1,WO700098,AP9000114,5125,1008,CSP2,PCTILE,N,N,,Y,N,1,2026-03-23T08:01:00,2026-03-23T09:41:00,100,115.40,Completed
JT11000115,JT11000115-1,WO700099,AP9000115,5163,1007,CSP2,PCFENCE,N,N,,Y,N,1,2026-03-23T08:17:00,2026-03-23T10:30:00,133,343.95,Completed
JT11000116,JT11000116-1,WO700100,AP9000116,5151,1007,CSP2,PCFENCE,N,Y,Scaffolding required,N,N,1,2026-03-23T07:54:00,2026-03-23T09:19:00,85,156.41,Completed
JT11000117,JT11000117-1,WO700100,AP9000117,5151,1007,CSP2,PCFENCE,N,N,,Y,Y,2,2026-03-25T08:03:00,2026-03-25T09:42:00,99,156.41,Completed
JT11000118,JT11000118-1,WO700101,AP9000118,5157,1009,CSP2,PCBRICK,N,N,,Y,N,1,2026-03-23T11:51:00,2026-03-23T13:30:00,99,393.36,Completed
JT11000119,JT11000119-1,WO700102,AP9000119,5114,1006,CSP2,PCTILE,N,N,,Y,N,1,2026-03-23T12:13:00,2026-03-23T13:26:00,73,180.72,Completed
JT11000120,JT11000120-1,WO700103,AP9000120,5143,1006,CSP2,PCELEC,N,N,,Y,N,1,2026-03-23T11:57:00,2026-03-23T13:01:00,64,231.43,Completed
JT11000121,JT11000121-1,WO700104,AP9000121,5184,1008,CSP2,PCELEC,N,N,,Y,N,1,2026-03-23T08:10:00,2026-03-23T09:36:00,86,320.81,Completed
JT11000122,JT11000122-1,WO700105,AP9000122,5112,1007,CSP2,PCTILE,N,N,,Y,N,1,2026-03-23T08:10:00,2026-03-23T09:20:00,70,150.73,Completed
JT11000123,JT11000123-1,WO700106,AP9000123,5123,1007,CSP2,PCPLUMB,N,N,,Y,N,1,2026-03-23T08:12:00,2026-03-23T09:31:00,79,306.15,Completed
JT11000124,JT11000124-1,WO700107,AP9000124,5138,1006,CSP2,PCPLUMB,N,N,,Y,N,1,2026-03-23T08:01:00,2026-03-23T09:11:00,70,223.04,Completed
JT11000125,JT11000125-1,WO700108,AP9000125,5183,1009,CSP2,PCGROUND,N,Y,Works not required,N,N,1,2026-03-23T12:08:00,2026-03-23T13:07:00,59,171.62,Completed
JT11000126,JT11000126-1,WO700108,AP9000126,5183,1009,CSP2,PCGROUND,N,N,,Y,Y,2,2026-03-25T12:09:00,2026-03-25T13:05:00,56,171.62,Completed
JT11000127,JT11000127-1,WO700109,AP9000127,5115,1009,CSP2,PCFENCE,N,N,,Y,N,1,2026-03-23T08:11:00,2026-03-23T09:30:00,79,271.68,Completed
JT11000128,JT11000128-1,WO700110,AP9000128,5138,1007,CSP2,PCTILE,N,N,,Y,N,1,2026-03-23T07:58:00,2026-03-23T08:50:00,52,129.32,Completed
JT11000129,JT11000129-1,WO700111,AP9000129,5286,1011,CSP4,PCCARP,N,N,,Y,N,1,2026-03-23T08:16:00,2026-03-23T09:41:00,85,178.51,Completed
JT11000130,JT11000130-1,WO700112,AP9000130,5258,1011,CSP4,PCBRICK,N,N,,Y,N,1,2026-03-23T07:51:00,2026-03-23T08:40:00,49,326.02,Completed
JT11000131,JT11000131-1,WO700113,AP9000131,5208,1011,CSP4,PCCARP,N,N,,Y,N,1,2026-03-23T07:56:00,2026-03-23T10:05:00,129,178.91,Completed
JT11000132,JT11000132-1,WO700114,AP9000132,5240,1012,CSP4,PCCARP,Y,N,,N,N,1,2026-03-23T08:04:00,2026-03-23T09:28:00,84,82.48,No Access
JT11000133,JT11000133-1,WO700114,AP9000133,5240,1012,CSP4,PCCARP,N,N,,Y,Y,2,2026-03-25T11:58:00,2026-03-25T13:13:00,75,82.48,Completed
JT11000134,JT11000134-1,WO700115,AP9000134,5220,1011,CSP4,PCELEC,N,N,,Y,N,1,2026-03-23T07:50:00,2026-03-23T08:54:00,64,161.30,Completed
JT11000135,JT11000135-1,WO700116,AP9000135,5286,1013,CSP4,PCTILE,N,N,,Y,N,1,2026-03-23T11:53:00,2026-03-23T13:11:00,78,151.48,Completed
JT11000136,JT11000136-1,WO700117,AP9000136,5291,1013,CSP4,PCFENCE,N,N,,Y,N,1,2026-03-23T07:51:00,2026-03-23T09:10:00,79,184.22,Completed
JT11000137,JT11000137-1,WO700118,AP9000137,5269,1012,CSP4,PCPLAST,N,N,,Y,N,1,2026-03-23T07:51:00,2026-03-23T08:56:00,65,216.29,Completed
JT11000138,JT11000138-1,WO700121,AP9000138,5245,1012,CSP4,PCCARP,N,N,,Y,N,1,2026-03-23T11:52:00,2026-03-23T13:13:00,81,176.81,Completed
JT11000139,JT11000139-1,WO700122,AP9000139,5224,1013,CSP4,PCPLAST,N,Y,Planned referral required,N,N,1,2026-03-23T12:06:00,2026-03-23T13:04:00,58,96.06,Completed
JT11000140,JT11000140-1,WO700122,AP9000140,5224,1013,CSP4,PCPLAST,N,N,,Y,Y,2,2026-03-25T11:55:00,2026-03-25T13:10:00,75,96.06,Completed
JT11000141,JT11000141-1,WO700123,AP9000141,5258,1012,CSP4,PCVINYL,N,N,,Y,N,1,2026-03-23T07:50:00,2026-03-23T08:50:00,60,205.00,Completed
JT11000142,JT11000142-1,WO700125,AP9000142,5203,1013,CSP4,PCBRICK,N,N,,Y,N,1,2026-03-23T12:03:00,2026-03-23T13:11:00,68,298.62,Completed
JT11000143,JT11000143-1,WO700126,AP9000143,5245,1013,CSP4,PCPLAST,N,N,,Y,N,1,2026-03-23T11:50:00,2026-03-23T13:14:00,84,210.63,Completed
JT11000144,JT11000144-1,WO700127,AP9000144,5203,1012,CSP4,PCTILE,N,N,,Y,N,1,2026-03-23T08:02:00,2026-03-23T09:47:00,105,174.20,Completed
JT11000145,JT11000145-1,WO700128,AP9000145,5232,1014,CSP4,PCPLUMB,N,N,,Y,N,1,2026-03-23T12:16:00,2026-03-23T13:07:00,51,165.29,Completed
JT11000146,JT11000146-1,WO700129,AP9000146,5238,1011,CSP4,PCTILE,Y,N,,N,N,1,2026-03-23T12:08:00,2026-03-23T13:32:00,84,68.41,No Access
JT11000147,JT11000147-1,WO700129,AP9000147,5238,1011,CSP4,PCTILE,N,N,,Y,Y,2,2026-03-25T08:06:00,2026-03-25T09:21:00,75,68.41,Completed
JT11000148,JT11000148-1,WO700131,AP9000148,5276,1011,CSP4,PCPLAST,Y,N,,N,N,1,2026-03-23T07:51:00,2026-03-23T09:19:00,88,104.80,No Access
JT11000149,JT11000149-1,WO700131,AP9000149,5276,1011,CSP4,PCPLAST,N,N,,Y,Y,2,2026-03-25T12:02:00,2026-03-25T13:07:00,65,104.80,Completed
JT11000150,JT11000150-1,WO700132,AP9000150,5249,1011,CSP4,PCGROUND,N,Y,Follow on planned inspection/measure,N,N,1,2026-03-23T08:15:00,2026-03-23T09:35:00,80,227.38,Completed
JT11000151,JT11000151-1,WO700132,AP9000151,5249,1011,CSP4,PCGROUND,N,N,,Y,Y,2,2026-03-25T08:04:00,2026-03-25T08:47:00,43,227.38,Completed
JT11000152,JT11000152-1,WO700133,AP9000152,5031,1003,CSP1,PCTILE,N,N,,Y,N,1,2026-03-24T07:50:00,2026-03-24T08:45:00,55,141.10,Completed
JT11000153,JT11000153-1,WO700134,AP9000153,5072,1003,CSP1,PCGROUND,N,N,,Y,N,1,2026-03-24T07:57:00,2026-03-24T08:17:00,20,436.23,Completed
JT11000154,JT11000154-1,WO700135,AP9000154,5048,1003,CSP1,PCCARP,N,N,,Y,N,1,2026-03-24T07:50:00,2026-03-24T08:48:00,58,228.16,Completed
JT11000155,JT11000155-1,WO700136,AP9000155,5010,1001,CSP1,PCTILE,N,N,,Y,N,1,2026-03-24T12:15:00,2026-03-24T13:39:00,84,148.11,Completed
JT11000156,JT11000156-1,WO700137,AP9000156,5043,1001,CSP1,PCBRICK,N,N,,Y,N,1,2026-03-24T07:59:00,2026-03-24T09:30:00,91,313.21,Completed
JT11000157,JT11000157-1,WO700138,AP9000157,5062,1004,CSP1,PCTILE,N,N,,Y,N,1,2026-03-24T12:15:00,2026-03-24T12:35:00,20,141.44,Completed
JT11000158,JT11000158-1,WO700139,AP9000158,5049,1001,CSP1,PCELEC,N,N,,Y,N,1,2026-03-24T08:04:00,2026-03-24T08:32:00,28,334.81,Completed
JT11000159,JT11000159-1,WO700140,AP9000159,5093,1001,CSP1,PCELEC,N,N,,Y,N,1,2026-03-24T12:02:00,2026-03-24T12:43:00,41,295.12,Completed
JT11000160,JT11000160-1,WO700141,AP9000160,5029,1004,CSP1,PCPLAST,N,N,,Y,N,1,2026-03-24T07:54:00,2026-03-24T08:43:00,49,182.14,Completed
JT11000161,JT11000161-1,WO700142,AP9000161,5043,1003,CSP1,PCTILE,N,N,,Y,N,1,2026-03-24T08:05:00,2026-03-24T09:00:00,55,138.40,Completed
JT11000162,JT11000162-1,WO700143,AP9000162,5098,1002,CSP1,PCELEC,N,N,,Y,N,1,2026-03-24T12:03:00,2026-03-24T13:20:00,77,278.52,Completed
JT11000163,JT11000163-1,WO700144,AP9000163,5018,1003,CSP1,PCGROUND,N,N,,Y,N,1,2026-03-24T08:08:00,2026-03-24T10:33:00,145,398.74,Completed
JT11000164,JT11000164-1,WO700146,AP9000164,5065,1001,CSP1,PCELEC,N,N,,Y,N,1,2026-03-24T08:12:00,2026-03-24T08:43:00,31,218.30,Completed
JT11000165,JT11000165-1,WO700147,AP9000165,5003,1003,CSP1,PCPLUMB,Y,N,,N,N,1,2026-03-24T08:18:00,2026-03-24T08:38:00,20,116.82,No Access
JT11000166,JT11000166-1,WO700147,AP9000166,5003,1003,CSP1,PCPLUMB,N,N,,Y,Y,2,2026-03-26T07:54:00,2026-03-26T09:40:00,106,116.82,Completed
JT11000167,JT11000167-1,WO700148,AP9000167,5003,1004,CSP1,PCGROUND,N,N,,Y,N,1,2026-03-24T08:06:00,2026-03-24T08:28:00,22,430.69,Completed
JT11000168,JT11000168-1,WO700149,AP9000168,5025,1001,CSP1,PCGROUND,Y,N,,N,N,1,2026-03-24T08:03:00,2026-03-24T09:31:00,88,249.47,No Access
JT11000169,JT11000169-1,WO700149,AP9000169,5025,1001,CSP1,PCGROUND,N,N,,Y,Y,2,2026-03-26T08:16:00,2026-03-26T09:51:00,95,249.47,Completed
JT11000170,JT11000170-1,WO700150,AP9000170,5032,1003,CSP1,PCTILE,N,N,,Y,N,1,2026-03-24T08:17:00,2026-03-24T10:03:00,106,113.17,Completed
JT11000171,JT11000171-1,WO700151,AP9000171,5012,1001,CSP1,PCVINYL,N,Y,Warning risk / Warning vulnerable,N,N,1,2026-03-24T08:01:00,2026-03-24T09:05:00,64,86.64,Completed
JT11000172,JT11000172-1,WO700151,AP9000172,5012,1001,CSP1,PCVINYL,N,N,,Y,Y,2,2026-03-26T08:09:00,2026-03-26T08:51:00,42,86.64,Completed
JT11000173,JT11000173-1,WO700152,AP9000173,5056,1004,CSP1,PCFENCE,N,N,,Y,N,1,2026-03-24T08:18:00,2026-03-24T10:25:00,127,210.60,Completed
JT11000174,JT11000174-1,WO700153,AP9000174,5089,1003,CSP1,PCELEC,N,Y,Asbestos found,N,N,1,2026-03-24T08:06:00,2026-03-24T10:05:00,119,107.40,Completed
JT11000175,JT11000175-1,WO700153,AP9000175,5089,1003,CSP1,PCELEC,N,N,,Y,Y,2,2026-03-26T08:07:00,2026-03-26T10:09:00,122,107.40,Completed
JT11000176,JT11000176-1,WO700154,AP9000176,5005,1002,CSP1,PCPLAST,N,N,,Y,N,1,2026-03-24T08:14:00,2026-03-24T09:05:00,51,168.73,Completed
JT11000177,JT11000177-1,WO700155,AP9000177,5151,1008,CSP2,PCCARP,N,N,,Y,N,1,2026-03-24T08:06:00,2026-03-24T09:19:00,73,152.27,Completed
JT11000178,JT11000178-1,WO700156,AP9000178,5143,1008,CSP2,PCVINYL,N,Y,Asbestos found,N,N,1,2026-03-24T12:19:00,2026-03-24T13:15:00,56,86.97,Completed
JT11000179,JT11000179-1,WO700156,AP9000179,5143,1008,CSP2,PCVINYL,N,N,,Y,Y,2,2026-03-26T07:55:00,2026-03-26T09:15:00,80,86.97,Completed
JT11000180,JT11000180-1,WO700157,AP9000180,5107,1009,CSP2,PCCARP,N,N,,Y,N,1,2026-03-24T12:00:00,2026-03-24T13:17:00,77,152.57,Completed
JT11000181,JT11000181-1,WO700158,AP9000181,5200,1006,CSP2,PCFENCE,N,N,,Y,N,1,2026-03-24T08:16:00,2026-03-24T09:43:00,87,282.79,Completed
JT11000182,JT11000182-1,WO700159,AP9000182,5156,1009,CSP2,PCPLAST,N,N,,Y,N,1,2026-03-24T08:14:00,2026-03-24T09:58:00,104,170.17,Completed
JT11000183,JT11000183-1,WO700160,AP9000183,5110,1006,CSP2,PCCARP,N,N,,Y,N,1,2026-03-24T08:06:00,2026-03-24T09:50:00,104,206.54,Completed
JT11000184,JT11000184-1,WO700161,AP9000184,5112,1007,CSP2,PCPLUMB,N,N,,Y,N,1,2026-03-24T08:11:00,2026-03-24T09:02:00,51,251.06,Completed
JT11000185,JT11000185-1,WO700162,AP9000185,5172,1007,CSP2,PCGROUND,N,N,,Y,N,1,2026-03-24T12:13:00,2026-03-24T13:28:00,75,435.91,Completed
JT11000186,JT11000186-1,WO700163,AP9000186,5142,1009,CSP2,PCVINYL,N,Y,Asbestos found,N,N,1,2026-03-24T08:10:00,2026-03-24T08:52:00,42,84.96,Completed
JT11000187,JT11000187-1,WO700163,AP9000187,5142,1009,CSP2,PCVINYL,N,N,,Y,Y,2,2026-03-26T11:51:00,2026-03-26T12:50:00,59,84.96,Completed
JT11000188,JT11000188-1,WO700164,AP9000188,5132,1006,CSP2,PCGROUND,N,N,,Y,N,1,2026-03-24T08:03:00,2026-03-24T09:08:00,65,467.94,Completed
JT11000189,JT11000189-1,WO700165,AP9000189,5122,1009,CSP2,PCVINYL,N,N,,Y,N,1,2026-03-24T08:05:00,2026-03-24T09:48:00,103,292.88,Completed
JT11000190,JT11000190-1,WO700166,AP9000190,5164,1008,CSP2,PCTILE,N,N,,Y,N,1,2026-03-24T08:18:00,2026-03-24T09:11:00,53,151.82,Completed
JT11000191,JT11000191-1,WO700167,AP9000191,5143,1007,CSP2,PCELEC,Y,N,,N,N,1,2026-03-24T12:13:00,2026-03-24T13:19:00,66,127.96,No Access
JT11000192,JT11000192-1,WO700167,AP9000192,5143,1007,CSP2,PCELEC,N,N,,Y,Y,2,2026-03-26T12:08:00,2026-03-26T13:31:00,83,127.96,Completed
JT11000193,JT11000193-1,WO700168,AP9000193,5189,1009,CSP2,PCTILE,Y,N,,N,N,1,2026-03-24T07:59:00,2026-03-24T08:40:00,41,77.67,No Access
JT11000194,JT11000194-1,WO700168,AP9000194,5189,1009,CSP2,PCTILE,N,N,,Y,Y,2,2026-03-26T12:12:00,2026-03-26T12:46:00,34,77.67,Completed
JT11000195,JT11000195-1,WO700169,AP9000195,5163,1009,CSP2,PCTILE,N,N,,Y,N,1,2026-03-24T12:07:00,2026-03-24T13:22:00,75,210.10,Completed
JT11000196,JT11000196-1,WO700170,AP9000196,5170,1006,CSP2,PCPLAST,N,N,,Y,N,1,2026-03-24T12:04:00,2026-03-24T13:38:00,94,191.34,Completed
JT11000197,JT11000197-1,WO700171,AP9000197,5189,1007,CSP2,PCCARP,N,N,,Y,N,1,2026-03-24T08:04:00,2026-03-24T09:50:00,106,164.30,Completed
JT11000198,JT11000198-1,WO700172,AP9000198,5133,1007,CSP2,PCPLAST,N,N,,Y,N,1,2026-03-24T08:19:00,2026-03-24T09:36:00,77,215.29,Completed
JT11000199,JT11000199-1,WO700173,AP9000199,5169,1007,CSP2,PCGROUND,N,N,,Y,N,1,2026-03-24T08:03:00,2026-03-24T09:13:00,70,374.65,Completed
JT11000200,JT11000200-1,WO700175,AP9000200,5183,1007,CSP2,PCVINYL,N,N,,Y,N,1,2026-03-24T12:07:00,2026-03-24T13:53:00,106,231.14,Completed
JT11000201,JT11000201-1,WO700176,AP9000201,5196,1007,CSP2,PCGROUND,N,N,,Y,N,1,2026-03-24T07:51:00,2026-03-24T09:15:00,84,434.56,Completed
JT11000202,JT11000202-1,WO700177,AP9000202,5276,1014,CSP4,PCGROUND,N,N,,Y,N,1,2026-03-24T08:14:00,2026-03-24T09:19:00,65,456.74,Completed
JT11000203,JT11000203-1,WO700178,AP9000203,5215,1011,CSP4,PCPLAST,N,N,,Y,N,1,2026-03-24T11:50:00,2026-03-24T12:58:00,68,195.59,Completed
JT11000204,JT11000204-1,WO700179,AP9000204,5293,1012,CSP4,PCELEC,N,N,,Y,N,1,2026-03-24T08:08:00,2026-03-24T09:16:00,68,266.07,Completed
JT11000205,JT11000205-1,WO700180,AP9000205,5222,1012,CSP4,PCTILE,N,Y,Works not required,N,N,1,2026-03-24T12:11:00,2026-03-24T14:01:00,110,66.66,Completed
JT11000206,JT11000206-1,WO700180,AP9000206,5222,1012,CSP4,PCTILE,N,N,,Y,Y,2,2026-03-26T08:16:00,2026-03-26T09:28:00,72,66.66,Completed
JT11000207,JT11000207-1,WO700181,AP9000207,5252,1014,CSP4,PCPLAST,Y,N,,N,N,1,2026-03-24T07:57:00,2026-03-24T09:21:00,84,104.53,No Access
JT11000208,JT11000208-1,WO700181,AP9000208,5252,1014,CSP4,PCPLAST,N,N,,Y,Y,2,2026-03-26T08:00:00,2026-03-26T09:53:00,113,104.53,Completed
JT11000209,JT11000209-1,WO700182,AP9000209,5276,1012,CSP4,PCVINYL,N,N,,Y,N,1,2026-03-24T08:19:00,2026-03-24T09:33:00,74,280.79,Completed
JT11000210,JT11000210-1,WO700183,AP9000210,5274,1013,CSP4,PCCARP,N,N,,Y,N,1,2026-03-24T07:50:00,2026-03-24T09:36:00,106,211.83,Completed
JT11000211,JT11000211-1,WO700184,AP9000211,5263,1013,CSP4,PCGROUND,N,Y,Planned referral required,N,N,1,2026-03-24T12:14:00,2026-03-24T13:09:00,55,173.41,Completed
JT11000212,JT11000212-1,WO700184,AP9000212,5263,1013,CSP4,PCGROUND,N,N,,Y,Y,2,2026-03-26T07:53:00,2026-03-26T09:08:00,75,173.41,Completed
JT11000213,JT11000213-1,WO700185,AP9000213,5259,1011,CSP4,PCPLAST,N,N,,Y,N,1,2026-03-24T08:12:00,2026-03-24T09:25:00,73,176.49,Completed
JT11000214,JT11000214-1,WO700186,AP9000214,5241,1014,CSP4,PCCARP,N,N,,Y,N,1,2026-03-24T08:05:00,2026-03-24T09:25:00,80,143.68,Completed
JT11000215,JT11000215-1,WO700187,AP9000215,5218,1014,CSP4,PCVINYL,N,N,,Y,N,1,2026-03-24T07:52:00,2026-03-24T09:08:00,76,166.55,Completed
JT11000216,JT11000216-1,WO700188,AP9000216,5272,1011,CSP4,PCPLAST,N,N,,Y,N,1,2026-03-24T08:07:00,2026-03-24T09:09:00,62,158.09,Completed
JT11000217,JT11000217-1,WO700189,AP9000217,5202,1011,CSP4,PCELEC,N,Y,Specialist equipment required,N,N,1,2026-03-24T12:04:00,2026-03-24T13:31:00,87,129.06,Completed
JT11000218,JT11000218-1,WO700189,AP9000218,5202,1011,CSP4,PCELEC,N,N,,Y,Y,2,2026-03-26T11:58:00,2026-03-26T13:28:00,90,129.06,Completed
JT11000219,JT11000219-1,WO700191,AP9000219,5229,1011,CSP4,PCGROUND,N,N,,Y,N,1,2026-03-24T08:16:00,2026-03-24T09:23:00,67,284.37,Completed
JT11000220,JT11000220-1,WO700192,AP9000220,5215,1014,CSP4,PCCARP,N,N,,Y,N,1,2026-03-24T12:07:00,2026-03-24T13:36:00,89,165.77,Completed
JT11000221,JT11000221-1,WO700193,AP9000221,5257,1012,CSP4,PCGROUND,N,N,,Y,N,1,2026-03-24T08:08:00,2026-03-24T08:55:00,47,347.96,Completed
JT11000222,JT11000222-1,WO700194,AP9000222,5258,1014,CSP4,PCBRICK,N,N,,Y,N,1,2026-03-24T07:59:00,2026-03-24T09:35:00,96,298.44,Completed
JT11000223,JT11000223-1,WO700195,AP9000223,5227,1011,CSP4,PCFENCE,N,N,,Y,N,1,2026-03-24T12:00:00,2026-03-24T12:20:00,20,303.84,Completed
JT11000224,JT11000224-1,WO700196,AP9000224,5227,1011,CSP4,PCPLUMB,Y,N,,N,N,1,2026-03-24T07:53:00,2026-03-24T08:31:00,38,115.39,No Access
JT11000225,JT11000225-1,WO700196,AP9000225,5227,1011,CSP4,PCPLUMB,N,N,,Y,Y,2,2026-03-26T07:54:00,2026-03-26T09:02:00,68,115.39,Completed
JT11000226,JT11000226-1,WO700197,AP9000226,5238,1014,CSP4,PCBRICK,N,N,,Y,N,1,2026-03-24T11:57:00,2026-03-24T12:34:00,37,291.48,Completed
JT11000227,JT11000227-1,WO700198,AP9000227,5253,1014,CSP4,PCPLUMB,N,N,,Y,N,1,2026-03-24T07:51:00,2026-03-24T09:00:00,69,218.01,Completed
JT11000228,JT11000228-1,WO700199,AP9000228,5042,1001,CSP1,PCTILE,N,N,,Y,N,1,2026-03-25T08:16:00,2026-03-25T09:38:00,82,191.75,Completed
JT11000229,JT11000229-1,WO700200,AP9000229,5049,1004,CSP1,PCELEC,N,N,,Y,N,1,2026-03-25T08:03:00,2026-03-25T09:07:00,64,304.66,Completed
JT11000230,JT11000230-1,WO700201,AP9000230,5048,1002,CSP1,PCELEC,N,N,,Y,N,1,2026-03-25T08:06:00,2026-03-25T09:44:00,98,193.45,Completed
JT11000231,JT11000231-1,WO700202,AP9000231,5059,1003,CSP1,PCFENCE,N,N,,Y,N,1,2026-03-25T12:09:00,2026-03-25T13:51:00,102,332.32,Completed
JT11000232,JT11000232-1,WO700203,AP9000232,5035,1003,CSP1,PCFENCE,N,N,,Y,N,1,2026-03-25T07:59:00,2026-03-25T09:23:00,84,352.12,Completed
JT11000233,JT11000233-1,WO700204,AP9000233,5088,1003,CSP1,PCPLUMB,N,N,,Y,N,1,2026-03-25T07:51:00,2026-03-25T08:59:00,68,250.16,Completed
JT11000234,JT11000234-1,WO700205,AP9000234,5059,1003,CSP1,PCPLUMB,N,N,,Y,N,1,2026-03-25T08:17:00,2026-03-25T09:55:00,98,191.85,Completed
JT11000235,JT11000235-1,WO700208,AP9000235,5062,1004,CSP1,PCCARP,N,N,,Y,N,1,2026-03-25T12:05:00,2026-03-25T13:01:00,56,181.39,Completed
JT11000236,JT11000236-1,WO700209,AP9000236,5016,1002,CSP1,PCVINYL,N,N,,Y,N,1,2026-03-25T08:16:00,2026-03-25T09:42:00,86,263.00,Completed
JT11000237,JT11000237-1,WO700211,AP9000237,5073,1003,CSP1,PCPLUMB,Y,N,,N,N,1,2026-03-25T12:03:00,2026-03-25T13:37:00,94,90.08,No Access
JT11000238,JT11000238-1,WO700211,AP9000238,5073,1003,CSP1,PCPLUMB,N,N,,Y,Y,2,2026-03-27T12:00:00,2026-03-27T12:53:00,53,90.08,Completed
JT11000239,JT11000239-1,WO700212,AP9000239,5053,1001,CSP1,PCELEC,N,N,,Y,N,1,2026-03-25T08:04:00,2026-03-25T09:23:00,79,278.49,Completed
JT11000240,JT11000240-1,WO700213,AP9000240,5045,1002,CSP1,PCVINYL,N,N,,Y,N,1,2026-03-25T08:15:00,2026-03-25T09:08:00,53,196.41,Completed
JT11000241,JT11000241-1,WO700214,AP9000241,5093,1001,CSP1,PCBRICK,N,N,,Y,N,1,2026-03-25T11:54:00,2026-03-25T13:11:00,77,292.52,Completed
JT11000242,JT11000242-1,WO700215,AP9000242,5025,1004,CSP1,PCVINYL,N,N,,Y,N,1,2026-03-25T12:15:00,2026-03-25T14:13:00,118,220.62,Completed
JT11000243,JT11000243-1,WO700216,AP9000243,5077,1002,CSP1,PCCARP,N,N,,Y,N,1,2026-03-25T12:00:00,2026-03-25T13:12:00,72,173.05,Completed
JT11000244,JT11000244-1,WO700218,AP9000244,5009,1003,CSP1,PCPLUMB,N,N,,Y,N,1,2026-03-25T08:09:00,2026-03-25T09:16:00,67,226.21,Completed
JT11000245,JT11000245-1,WO700219,AP9000245,5092,1001,CSP1,PCGROUND,N,N,,Y,N,1,2026-03-25T08:12:00,2026-03-25T09:50:00,98,455.31,Completed
JT11000246,JT11000246-1,WO700220,AP9000246,5036,1001,CSP1,PCCARP,Y,N,,N,N,1,2026-03-25T07:54:00,2026-03-25T08:58:00,64,88.48,No Access
JT11000247,JT11000247-1,WO700220,AP9000247,5036,1001,CSP1,PCCARP,N,N,,Y,Y,2,2026-03-27T11:55:00,2026-03-27T13:53:00,118,88.48,Completed
JT11000248,JT11000248-1,WO700221,AP9000248,5176,1009,CSP2,PCCARP,N,N,,Y,N,1,2026-03-25T08:11:00,2026-03-25T09:15:00,64,184.90,Completed
JT11000249,JT11000249-1,WO700222,AP9000249,5159,1009,CSP2,PCPLUMB,N,N,,Y,N,1,2026-03-25T08:14:00,2026-03-25T09:25:00,71,286.22,Completed
JT11000250,JT11000250-1,WO700223,AP9000250,5121,1006,CSP2,PCELEC,N,N,,Y,N,1,2026-03-25T07:58:00,2026-03-25T09:21:00,83,281.14,Completed
JT11000251,JT11000251-1,WO700224,AP9000251,5135,1006,CSP2,PCCARP,N,N,,Y,N,1,2026-03-25T08:01:00,2026-03-25T09:57:00,116,191.66,Completed
JT11000252,JT11000252-1,WO700225,AP9000252,5174,1008,CSP2,PCCARP,Y,N,,N,N,1,2026-03-25T08:15:00,2026-03-25T09:04:00,49,90.05,No Access
JT11000253,JT11000253-1,WO700225,AP9000253,5174,1008,CSP2,PCCARP,N,N,,Y,Y,2,2026-03-27T08:10:00,2026-03-27T09:18:00,68,90.05,Completed
JT11000254,JT11000254-1,WO700228,AP9000254,5192,1006,CSP2,PCVINYL,N,N,,Y,N,1,2026-03-25T08:05:00,2026-03-25T09:25:00,80,235.81,Completed
JT11000255,JT11000255-1,WO700229,AP9000255,5165,1009,CSP2,PCPLUMB,N,N,,Y,N,1,2026-03-25T12:12:00,2026-03-25T12:55:00,43,235.35,Completed
JT11000256,JT11000256-1,WO700230,AP9000256,5137,1006,CSP2,PCBRICK,N,N,,Y,N,1,2026-03-25T08:08:00,2026-03-25T09:24:00,76,355.09,Completed
JT11000257,JT11000257-1,WO700231,AP9000257,5195,1008,CSP2,PCTILE,N,N,,Y,N,1,2026-03-25T12:19:00,2026-03-25T13:34:00,75,159.31,Completed
JT11000258,JT11000258-1,WO700232,AP9000258,5170,1009,CSP2,PCTILE,Y,N,,N,N,1,2026-03-25T08:12:00,2026-03-25T09:22:00,70,93.20,No Access
JT11000259,JT11000259-1,WO700232,AP9000259,5170,1009,CSP2,PCTILE,N,N,,Y,Y,2,2026-03-27T12:15:00,2026-03-27T13:28:00,73,93.20,Completed
JT11000260,JT11000260-1,WO700233,AP9000260,5102,1006,CSP2,PCFENCE,Y,N,,N,N,1,2026-03-25T08:13:00,2026-03-25T09:42:00,89,158.81,No Access
JT11000261,JT11000261-1,WO700233,AP9000261,5102,1006,CSP2,PCFENCE,N,N,,Y,Y,2,2026-03-27T08:19:00,2026-03-27T09:42:00,83,158.81,Completed
JT11000262,JT11000262-1,WO700234,AP9000262,5163,1009,CSP2,PCPLUMB,N,N,,Y,N,1,2026-03-25T11:57:00,2026-03-25T13:26:00,89,293.75,Completed
JT11000263,JT11000263-1,WO700235,AP9000263,5167,1009,CSP2,PCVINYL,N,N,,Y,N,1,2026-03-25T07:51:00,2026-03-25T08:43:00,52,197.16,Completed
JT11000264,JT11000264-1,WO700236,AP9000264,5151,1007,CSP2,PCCARP,Y,N,,N,N,1,2026-03-25T11:58:00,2026-03-25T13:18:00,80,87.34,No Access
JT11000265,JT11000265-1,WO700236,AP9000265,5151,1007,CSP2,PCCARP,N,N,,Y,Y,2,2026-03-27T07:55:00,2026-03-27T09:05:00,70,87.34,Completed
JT11000266,JT11000266-1,WO700237,AP9000266,5141,1007,CSP2,PCVINYL,N,N,,Y,N,1,2026-03-25T08:00:00,2026-03-25T09:26:00,86,228.45,Completed
JT11000267,JT11000267-1,WO700238,AP9000267,5118,1008,CSP2,PCCARP,Y,N,,N,N,1,2026-03-25T11:51:00,2026-03-25T14:04:00,133,97.56,No Access
JT11000268,JT11000268-1,WO700238,AP9000268,5118,1008,CSP2,PCCARP,N,N,,Y,Y,2,2026-03-27T11:59:00,2026-03-27T13:25:00,86,97.56,Completed
JT11000269,JT11000269-1,WO700239,AP9000269,5199,1008,CSP2,PCTILE,N,N,,Y,N,1,2026-03-25T08:04:00,2026-03-25T09:11:00,67,188.13,Completed
JT11000270,JT11000270-1,WO700240,AP9000270,5191,1006,CSP2,PCPLUMB,N,N,,Y,N,1,2026-03-25T07:54:00,2026-03-25T09:20:00,86,257.70,Completed
JT11000271,JT11000271-1,WO700241,AP9000271,5166,1007,CSP2,PCPLUMB,N,Y,Planned referral required,N,N,1,2026-03-25T08:04:00,2026-03-25T09:23:00,79,124.27,Completed
JT11000272,JT11000272-1,WO700241,AP9000272,5166,1007,CSP2,PCPLUMB,N,N,,Y,Y,2,2026-03-27T08:13:00,2026-03-27T08:53:00,40,124.27,Completed
JT11000273,JT11000273-1,WO700242,AP9000273,5196,1006,CSP2,PCGROUND,N,Y,Works not required,N,N,1,2026-03-25T12:04:00,2026-03-25T13:05:00,61,214.10,Completed
JT11000274,JT11000274-1,WO700242,AP9000274,5196,1006,CSP2,PCGROUND,N,N,,Y,Y,2,2026-03-27T07:59:00,2026-03-27T09:24:00,85,214.10,Completed
JT11000275,JT11000275-1,WO700243,AP9000275,5229,1012,CSP4,PCPLAST,N,N,,Y,N,1,2026-03-25T11:55:00,2026-03-25T13:59:00,124,162.18,Completed
JT11000276,JT11000276-1,WO700244,AP9000276,5234,1014,CSP4,PCCARP,N,N,,Y,N,1,2026-03-25T07:55:00,2026-03-25T09:19:00,84,185.92,Completed
JT11000277,JT11000277-1,WO700245,AP9000277,5243,1014,CSP4,PCCARP,Y,N,,N,N,1,2026-03-25T12:12:00,2026-03-25T13:58:00,106,82.08,No Access
JT11000278,JT11000278-1,WO700245,AP9000278,5243,1014,CSP4,PCCARP,N,N,,Y,Y,2,2026-03-27T08:09:00,2026-03-27T09:26:00,77,82.08,Completed
JT11000279,JT11000279-1,WO700246,AP9000279,5264,1012,CSP4,PCPLUMB,Y,N,,N,N,1,2026-03-25T07:58:00,2026-03-25T08:56:00,58,133.56,No Access
JT11000280,JT11000280-1,WO700246,AP9000280,5264,1012,CSP4,PCPLUMB,N,N,,Y,Y,2,2026-03-27T08:02:00,2026-03-27T09:48:00,106,133.56,Completed
JT11000281,JT11000281-1,WO700247,AP9000281,5220,1012,CSP4,PCPLUMB,N,N,,Y,N,1,2026-03-25T12:13:00,2026-03-25T12:42:00,29,282.74,Completed
JT11000282,JT11000282-1,WO700248,AP9000282,5208,1012,CSP4,PCCARP,N,N,,Y,N,1,2026-03-25T12:17:00,2026-03-25T13:18:00,61,134.80,Completed
JT11000283,JT11000283-1,WO700249,AP9000283,5270,1013,CSP4,PCPLUMB,N,N,,Y,N,1,2026-03-25T07:51:00,2026-03-25T09:37:00,106,249.59,Completed
JT11000284,JT11000284-1,WO700250,AP9000284,5273,1011,CSP4,PCGROUND,Y,N,,N,N,1,2026-03-25T07:52:00,2026-03-25T08:28:00,36,228.56,No Access
JT11000285,JT11000285-1,WO700250,AP9000285,5273,1011,CSP4,PCGROUND,N,N,,Y,Y,2,2026-03-27T08:17:00,2026-03-27T09:09:00,52,228.56,Completed
JT11000286,JT11000286-1,WO700251,AP9000286,5300,1011,CSP4,PCBRICK,N,N,,Y,N,1,2026-03-25T12:01:00,2026-03-25T13:33:00,92,379.56,Completed
JT11000287,JT11000287-1,WO700253,AP9000287,5229,1013,CSP4,PCVINYL,N,Y,Warning risk / Warning vulnerable,N,N,1,2026-03-25T11:58:00,2026-03-25T13:31:00,93,133.72,Completed
JT11000288,JT11000288-1,WO700253,AP9000288,5229,1013,CSP4,PCVINYL,N,N,,Y,Y,2,2026-03-27T11:51:00,2026-03-27T13:00:00,69,133.72,Completed
JT11000289,JT11000289-1,WO700254,AP9000289,5290,1012,CSP4,PCFENCE,Y,N,,N,N,1,2026-03-25T08:18:00,2026-03-25T09:27:00,69,166.19,No Access
JT11000290,JT11000290-1,WO700254,AP9000290,5290,1012,CSP4,PCFENCE,N,N,,Y,Y,2,2026-03-27T08:09:00,2026-03-27T09:31:00,82,166.19,Completed
JT11000291,JT11000291-1,WO700255,AP9000291,5225,1011,CSP4,PCELEC,N,N,,Y,N,1,2026-03-25T08:10:00,2026-03-25T09:08:00,58,278.29,Completed
JT11000292,JT11000292-1,WO700256,AP9000292,5268,1013,CSP4,PCELEC,Y,N,,N,N,1,2026-03-25T08:10:00,2026-03-25T08:46:00,36,109.97,No Access
JT11000293,JT11000293-1,WO700256,AP9000293,5268,1013,CSP4,PCELEC,N,N,,Y,Y,2,2026-03-27T07:53:00,2026-03-27T09:24:00,91,109.97,Completed
JT11000294,JT11000294-1,WO700257,AP9000294,5242,1013,CSP4,PCPLUMB,N,N,,Y,N,1,2026-03-25T08:13:00,2026-03-25T09:50:00,97,157.35,Completed
JT11000295,JT11000295-1,WO700258,AP9000295,5210,1014,CSP4,PCFENCE,N,N,,Y,N,1,2026-03-25T08:06:00,2026-03-25T09:06:00,60,305.33,Completed
JT11000296,JT11000296-1,WO700259,AP9000296,5221,1011,CSP4,PCVINYL,N,Y,Scaffolding required,N,N,1,2026-03-25T12:00:00,2026-03-25T13:13:00,73,138.30,Completed
JT11000297,JT11000297-1,WO700259,AP9000297,5221,1011,CSP4,PCVINYL,N,N,,Y,Y,2,2026-03-27T08:12:00,2026-03-27T09:46:00,94,138.30,Completed
JT11000298,JT11000298-1,WO700260,AP9000298,5279,1014,CSP4,PCFENCE,N,N,,Y,N,1,2026-03-25T07:54:00,2026-03-25T09:30:00,96,336.75,Completed
JT11000299,JT11000299-1,WO700261,AP9000299,5223,1012,CSP4,PCPLUMB,N,N,,Y,N,1,2026-03-25T08:15:00,2026-03-25T10:04:00,109,180.21,Completed
JT11000300,JT11000300-1,WO700262,AP9000300,5224,1014,CSP4,PCFENCE,N,N,,Y,N,1,2026-03-25T07:58:00,2026-03-25T09:34:00,96,261.82,Completed
JT11000301,JT11000301-1,WO700263,AP9000301,5243,1012,CSP4,PCCARP,N,N,,Y,N,1,2026-03-25T08:16:00,2026-03-25T09:14:00,58,117.16,Completed
JT11000302,JT11000302-1,WO700264,AP9000302,5286,1012,CSP4,PCFENCE,N,N,,Y,N,1,2026-03-25T08:08:00,2026-03-25T09:16:00,68,236.13,Completed
JT11000303,JT11000303-1,WO700265,AP9000303,5093,1002,CSP1,PCPLUMB,Y,N,,N,N,1,2026-03-26T08:10:00,2026-03-26T09:09:00,59,111.34,No Access
JT11000304,JT11000304-1,WO700265,AP9000304,5093,1002,CSP1,PCPLUMB,N,N,,Y,Y,2,2026-03-30T12:19:00,2026-03-30T13:09:00,50,111.34,Completed
JT11000305,JT11000305-1,WO700266,AP9000305,5049,1002,CSP1,PCFENCE,Y,N,,N,N,1,2026-03-26T08:06:00,2026-03-26T09:59:00,113,107.87,No Access
JT11000306,JT11000306-1,WO700266,AP9000306,5049,1002,CSP1,PCFENCE,N,N,,Y,Y,2,2026-03-30T08:08:00,2026-03-30T08:40:00,32,107.87,Completed
JT11000307,JT11000307-1,WO700267,AP9000307,5029,1002,CSP1,PCPLAST,N,N,,Y,N,1,2026-03-26T07:54:00,2026-03-26T09:42:00,108,230.29,Completed
JT11000308,JT11000308-1,WO700268,AP9000308,5010,1002,CSP1,PCFENCE,N,N,,Y,N,1,2026-03-26T08:18:00,2026-03-26T10:04:00,106,248.62,Completed
JT11000309,JT11000309-1,WO700269,AP9000309,5077,1001,CSP1,PCELEC,N,N,,Y,N,1,2026-03-26T08:06:00,2026-03-26T09:00:00,54,344.59,Completed
JT11000310,JT11000310-1,WO700270,AP9000310,5013,1001,CSP1,PCFENCE,N,N,,Y,N,1,2026-03-26T08:16:00,2026-03-26T09:48:00,92,241.69,Completed
JT11000311,JT11000311-1,WO700271,AP9000311,5085,1004,CSP1,PCBRICK,N,N,,Y,N,1,2026-03-26T08:02:00,2026-03-26T09:39:00,97,271.95,Completed
JT11000312,JT11000312-1,WO700272,AP9000312,5047,1002,CSP1,PCPLUMB,Y,N,,N,N,1,2026-03-26T12:02:00,2026-03-26T13:38:00,96,102.52,No Access
JT11000313,JT11000313-1,WO700272,AP9000313,5047,1002,CSP1,PCPLUMB,N,N,,Y,Y,2,2026-03-30T07:59:00,2026-03-30T09:51:00,112,102.52,Completed
JT11000314,JT11000314-1,WO700273,AP9000314,5027,1003,CSP1,PCPLAST,N,Y,Inspection required,N,N,1,2026-03-26T12:10:00,2026-03-26T13:40:00,90,87.15,Completed
JT11000315,JT11000315-1,WO700273,AP9000315,5027,1003,CSP1,PCPLAST,N,N,,Y,Y,2,2026-03-30T08:20:00,2026-03-30T10:00:00,100,87.15,Completed
JT11000316,JT11000316-1,WO700274,AP9000316,5063,1004,CSP1,PCBRICK,N,N,,Y,N,1,2026-03-26T12:03:00,2026-03-26T13:33:00,90,360.91,Completed
JT11000317,JT11000317-1,WO700275,AP9000317,5006,1002,CSP1,PCBRICK,Y,N,,N,N,1,2026-03-26T08:00:00,2026-03-26T08:56:00,56,153.53,No Access
JT11000318,JT11000318-1,WO700275,AP9000318,5006,1002,CSP1,PCBRICK,N,N,,Y,Y,2,2026-03-30T08:00:00,2026-03-30T10:01:00,121,153.53,Completed
JT11000319,JT11000319-1,WO700276,AP9000319,5013,1001,CSP1,PCCARP,Y,N,,N,N,1,2026-03-26T07:50:00,2026-03-26T09:18:00,88,86.04,No Access
JT11000320,JT11000320-1,WO700276,AP9000320,5013,1001,CSP1,PCCARP,N,N,,Y,Y,2,2026-03-30T08:04:00,2026-03-30T09:59:00,115,86.04,Completed
JT11000321,JT11000321-1,WO700277,AP9000321,5050,1004,CSP1,PCGROUND,Y,N,,N,N,1,2026-03-26T07:50:00,2026-03-26T08:33:00,43,193.06,No Access
JT11000322,JT11000322-1,WO700277,AP9000322,5050,1004,CSP1,PCGROUND,N,N,,Y,Y,2,2026-03-30T12:20:00,2026-03-30T14:08:00,108,193.06,Completed
JT11000323,JT11000323-1,WO700278,AP9000323,5051,1004,CSP1,PCPLUMB,N,N,,Y,N,1,2026-03-26T12:16:00,2026-03-26T13:35:00,79,186.01,Completed
JT11000324,JT11000324-1,WO700279,AP9000324,5097,1004,CSP1,PCELEC,N,N,,Y,N,1,2026-03-26T12:18:00,2026-03-26T13:35:00,77,237.31,Completed
JT11000325,JT11000325-1,WO700280,AP9000325,5088,1004,CSP1,PCVINYL,N,N,,Y,N,1,2026-03-26T11:52:00,2026-03-26T13:55:00,123,193.59,Completed
JT11000326,JT11000326-1,WO700281,AP9000326,5009,1003,CSP1,PCCARP,N,N,,Y,N,1,2026-03-26T12:17:00,2026-03-26T13:56:00,99,149.24,Completed
JT11000327,JT11000327-1,WO700282,AP9000327,5002,1001,CSP1,PCGROUND,N,N,,Y,N,1,2026-03-26T08:16:00,2026-03-26T10:17:00,121,488.85,Completed
JT11000328,JT11000328-1,WO700283,AP9000328,5013,1001,CSP1,PCCARP,N,Y,Previously done,N,N,1,2026-03-26T12:07:00,2026-03-26T12:44:00,37,65.31,Completed
JT11000329,JT11000329-1,WO700283,AP9000329,5013,1001,CSP1,PCCARP,N,N,,Y,Y,2,2026-03-30T08:02:00,2026-03-30T08:34:00,32,65.31,Completed
JT11000330,JT11000330-1,WO700284,AP9000330,5034,1004,CSP1,PCVINYL,N,N,,Y,N,1,2026-03-26T08:06:00,2026-03-26T08:43:00,37,227.41,Completed
JT11000331,JT11000331-1,WO700285,AP9000331,5078,1003,CSP1,PCVINYL,N,N,,Y,N,1,2026-03-26T08:14:00,2026-03-26T09:37:00,83,208.28,Completed
JT11000332,JT11000332-1,WO700286,AP9000332,5035,1002,CSP1,PCFENCE,N,N,,Y,N,1,2026-03-26T12:07:00,2026-03-26T13:46:00,99,369.94,Completed
JT11000333,JT11000333-1,WO700287,AP9000333,5188,1009,CSP2,PCCARP,N,N,,Y,N,1,2026-03-26T08:02:00,2026-03-26T08:42:00,40,174.35,Completed
JT11000334,JT11000334-1,WO700288,AP9000334,5135,1009,CSP2,PCVINYL,N,N,,Y,N,1,2026-03-26T08:07:00,2026-03-26T08:54:00,47,291.65,Completed
JT11000335,JT11000335-1,WO700289,AP9000335,5198,1006,CSP2,PCGROUND,N,N,,Y,N,1,2026-03-26T12:06:00,2026-03-26T13:57:00,111,383.73,Completed
JT11000336,JT11000336-1,WO700290,AP9000336,5152,1006,CSP2,PCPLAST,N,N,,Y,N,1,2026-03-26T11:50:00,2026-03-26T13:03:00,73,204.26,Completed
JT11000337,JT11000337-1,WO700291,AP9000337,5108,1009,CSP2,PCTILE,N,N,,Y,N,1,2026-03-26T08:01:00,2026-03-26T09:06:00,65,137.88,Completed
JT11000338,JT11000338-1,WO700292,AP9000338,5165,1009,CSP2,PCVINYL,N,N,,Y,N,1,2026-03-26T08:12:00,2026-03-26T09:29:00,77,265.81,Completed
JT11000339,JT11000339-1,WO700293,AP9000339,5161,1007,CSP2,PCGROUND,N,N,,Y,N,1,2026-03-26T08:20:00,2026-03-26T09:57:00,97,297.23,Completed
JT11000340,JT11000340-1,WO700294,AP9000340,5150,1008,CSP2,PCPLUMB,N,N,,Y,N,1,2026-03-26T12:17:00,2026-03-26T13:45:00,88,191.23,Completed
JT11000341,JT11000341-1,WO700295,AP9000341,5135,1007,CSP2,PCVINYL,N,Y,Planned referral required,N,N,1,2026-03-26T11:50:00,2026-03-26T13:36:00,106,112.44,Completed
JT11000342,JT11000342-1,WO700295,AP9000342,5135,1007,CSP2,PCVINYL,N,N,,Y,Y,2,2026-03-30T08:14:00,2026-03-30T09:24:00,70,112.44,Completed
JT11000343,JT11000343-1,WO700296,AP9000343,5177,1008,CSP2,PCPLUMB,N,Y,Follow on planned inspection/measure,N,N,1,2026-03-26T08:20:00,2026-03-26T09:40:00,80,86.97,Completed
JT11000344,JT11000344-1,WO700296,AP9000344,5177,1008,CSP2,PCPLUMB,N,N,,Y,Y,2,2026-03-30T08:00:00,2026-03-30T08:51:00,51,86.97,Completed
JT11000345,JT11000345-1,WO700297,AP9000345,5149,1006,CSP2,PCFENCE,N,Y,Scaffolding required,N,N,1,2026-03-26T12:05:00,2026-03-26T13:17:00,72,97.83,Completed
JT11000346,JT11000346-1,WO700297,AP9000346,5149,1006,CSP2,PCFENCE,N,N,,Y,Y,2,2026-03-30T07:54:00,2026-03-30T09:19:00,85,97.83,Completed
JT11000347,JT11000347-1,WO700298,AP9000347,5114,1009,CSP2,PCPLUMB,N,N,,Y,N,1,2026-03-26T07:55:00,2026-03-26T09:12:00,77,218.16,Completed
JT11000348,JT11000348-1,WO700299,AP9000348,5188,1007,CSP2,PCCARP,N,N,,Y,N,1,2026-03-26T11:52:00,2026-03-26T12:55:00,63,130.21,Completed
JT11000349,JT11000349-1,WO700300,AP9000349,5192,1009,CSP2,PCBRICK,N,N,,Y,N,1,2026-03-26T08:03:00,2026-03-26T09:16:00,73,258.57,Completed
JT11000350,JT11000350-1,WO700301,AP9000350,5177,1009,CSP2,PCVINYL,N,N,,Y,N,1,2026-03-26T12:06:00,2026-03-26T13:35:00,89,106.55,Completed
JT11000351,JT11000351-1,WO700302,AP9000351,5154,1009,CSP2,PCVINYL,N,N,,Y,N,1,2026-03-26T08:15:00,2026-03-26T09:08:00,53,186.77,Completed
JT11000352,JT11000352-1,WO700303,AP9000352,5188,1008,CSP2,PCGROUND,N,Y,Follow on weather conditions,N,N,1,2026-03-26T12:19:00,2026-03-26T12:39:00,20,229.21,Completed
JT11000353,JT11000353-1,WO700303,AP9000353,5188,1008,CSP2,PCGROUND,N,N,,Y,Y,2,2026-03-30T08:16:00,2026-03-30T08:55:00,39,229.21,Completed
JT11000354,JT11000354-1,WO700304,AP9000354,5185,1006,CSP2,PCGROUND,N,N,,Y,N,1,2026-03-26T12:03:00,2026-03-26T13:05:00,62,291.58,Completed
JT11000355,JT11000355-1,WO700305,AP9000355,5124,1007,CSP2,PCFENCE,N,N,,Y,N,1,2026-03-26T08:17:00,2026-03-26T09:20:00,63,236.86,Completed
JT11000356,JT11000356-1,WO700306,AP9000356,5143,1009,CSP2,PCFENCE,Y,N,,N,N,1,2026-03-26T08:12:00,2026-03-26T09:20:00,68,149.31,No Access
JT11000357,JT11000357-1,WO700306,AP9000357,5143,1009,CSP2,PCFENCE,N,N,,Y,Y,2,2026-03-30T07:50:00,2026-03-30T09:12:00,82,149.31,Completed
JT11000358,JT11000358-1,WO700307,AP9000358,5180,1007,CSP2,PCCARP,N,N,,Y,N,1,2026-03-26T08:18:00,2026-03-26T09:29:00,71,156.50,Completed
JT11000359,JT11000359-1,WO700308,AP9000359,5107,1008,CSP2,PCPLAST,N,N,,Y,N,1,2026-03-26T08:04:00,2026-03-26T09:41:00,97,193.88,Completed
JT11000360,JT11000360-1,WO700309,AP9000360,5219,1014,CSP4,PCFENCE,N,N,,Y,N,1,2026-03-26T08:06:00,2026-03-26T10:02:00,116,285.55,Completed
JT11000361,JT11000361-1,WO700310,AP9000361,5282,1013,CSP4,PCPLUMB,N,N,,Y,N,1,2026-03-26T08:18:00,2026-03-26T09:33:00,75,228.30,Completed
JT11000362,JT11000362-1,WO700311,AP9000362,5300,1012,CSP4,PCCARP,N,N,,Y,N,1,2026-03-26T08:12:00,2026-03-26T09:24:00,72,227.92,Completed
JT11000363,JT11000363-1,WO700312,AP9000363,5205,1014,CSP4,PCGROUND,N,N,,Y,N,1,2026-03-26T07:52:00,2026-03-26T09:24:00,92,332.10,Completed
JT11000364,JT11000364-1,WO700313,AP9000364,5203,1013,CSP4,PCPLUMB,N,N,,Y,N,1,2026-03-26T08:05:00,2026-03-26T09:39:00,94,213.91,Completed
JT11000365,JT11000365-1,WO700314,AP9000365,5265,1013,CSP4,PCBRICK,N,N,,Y,N,1,2026-03-26T08:10:00,2026-03-26T09:05:00,55,299.78,Completed
JT11000366,JT11000366-1,WO700315,AP9000366,5268,1013,CSP4,PCFENCE,N,N,,Y,N,1,2026-03-26T08:09:00,2026-03-26T08:29:00,20,370.58,Completed
JT11000367,JT11000367-1,WO700316,AP9000367,5225,1014,CSP4,PCPLAST,N,N,,Y,N,1,2026-03-26T08:16:00,2026-03-26T09:18:00,62,203.08,Completed
JT11000368,JT11000368-1,WO700317,AP9000368,5228,1011,CSP4,PCPLUMB,N,N,,Y,N,1,2026-03-26T08:01:00,2026-03-26T08:57:00,56,165.70,Completed
JT11000369,JT11000369-1,WO700318,AP9000369,5282,1014,CSP4,PCBRICK,N,N,,Y,N,1,2026-03-26T08:16:00,2026-03-26T09:15:00,59,317.16,Completed
JT11000370,JT11000370-1,WO700319,AP9000370,5203,1011,CSP4,PCPLUMB,N,N,,Y,N,1,2026-03-26T12:08:00,2026-03-26T13:15:00,67,263.11,Completed
JT11000371,JT11000371-1,WO700320,AP9000371,5227,1011,CSP4,PCPLUMB,N,N,,Y,N,1,2026-03-26T08:20:00,2026-03-26T08:40:00,20,232.32,Completed
JT11000372,JT11000372-1,WO700321,AP9000372,5254,1011,CSP4,PCCARP,Y,N,,N,N,1,2026-03-26T08:08:00,2026-03-26T09:28:00,80,95.04,No Access
JT11000373,JT11000373-1,WO700321,AP9000373,5254,1011,CSP4,PCCARP,N,N,,Y,Y,2,2026-03-30T12:07:00,2026-03-30T13:12:00,65,95.04,Completed
JT11000374,JT11000374-1,WO700323,AP9000374,5264,1012,CSP4,PCTILE,N,N,,Y,N,1,2026-03-26T08:06:00,2026-03-26T08:43:00,37,160.74,Completed
JT11000375,JT11000375-1,WO700324,AP9000375,5274,1012,CSP4,PCELEC,N,N,,Y,N,1,2026-03-26T12:01:00,2026-03-26T13:29:00,88,294.09,Completed
JT11000376,JT11000376-1,WO700325,AP9000376,5283,1011,CSP4,PCTILE,N,Y,Weather condition,N,N,1,2026-03-26T12:16:00,2026-03-26T13:45:00,89,81.47,Completed
JT11000377,JT11000377-1,WO700325,AP9000377,5283,1011,CSP4,PCTILE,N,N,,Y,Y,2,2026-03-30T08:20:00,2026-03-30T09:06:00,46,81.47,Completed
JT11000378,JT11000378-1,WO700326,AP9000378,5206,1014,CSP4,PCBRICK,N,Y,Planned referral required,N,N,1,2026-03-26T08:15:00,2026-03-26T09:01:00,46,147.16,Completed
JT11000379,JT11000379-1,WO700326,AP9000379,5206,1014,CSP4,PCBRICK,N,N,,Y,Y,2,2026-03-30T07:52:00,2026-03-30T09:16:00,84,147.16,Completed
JT11000380,JT11000380-1,WO700327,AP9000380,5206,1011,CSP4,PCPLUMB,N,N,,Y,N,1,2026-03-26T12:00:00,2026-03-26T13:56:00,116,320.66,Completed
JT11000381,JT11000381-1,WO700328,AP9000381,5235,1013,CSP4,PCCARP,N,N,,Y,N,1,2026-03-26T08:11:00,2026-03-26T09:12:00,61,228.44,Completed
JT11000382,JT11000382-1,WO700330,AP9000382,5221,1014,CSP4,PCCARP,N,N,,Y,N,1,2026-03-26T11:56:00,2026-03-26T12:59:00,63,161.55,Completed
JT11000383,JT11000383-1,WO700331,AP9000383,5046,1003,CSP1,PCPLUMB,N,Y,Specialist equipment required,N,N,1,2026-03-27T11:58:00,2026-03-27T13:17:00,79,122.66,Completed
JT11000384,JT11000384-1,WO700331,AP9000384,5046,1003,CSP1,PCPLUMB,N,N,,Y,Y,2,2026-03-30T12:17:00,2026-03-30T12:45:00,28,122.66,Completed
JT11000385,JT11000385-1,WO700332,AP9000385,5057,1004,CSP1,PCPLUMB,N,Y,Re-directed work,N,N,1,2026-03-27T07:51:00,2026-03-27T09:50:00,119,88.80,Completed
JT11000386,JT11000386-1,WO700332,AP9000386,5057,1004,CSP1,PCPLUMB,N,N,,Y,Y,2,2026-03-30T11:51:00,2026-03-30T12:13:00,22,88.80,Completed
JT11000387,JT11000387-1,WO700333,AP9000387,5074,1004,CSP1,PCTILE,N,N,,Y,N,1,2026-03-27T08:08:00,2026-03-27T08:28:00,20,154.74,Completed
JT11000388,JT11000388-1,WO700334,AP9000388,5056,1003,CSP1,PCTILE,N,Y,Inspection required,N,N,1,2026-03-27T08:06:00,2026-03-27T08:58:00,52,98.22,Completed
JT11000389,JT11000389-1,WO700334,AP9000389,5056,1003,CSP1,PCTILE,N,N,,Y,Y,2,2026-03-30T07:59:00,2026-03-30T09:35:00,96,98.22,Completed
JT11000390,JT11000390-1,WO700335,AP9000390,5079,1003,CSP1,PCPLUMB,N,N,,Y,N,1,2026-03-27T12:19:00,2026-03-27T13:29:00,70,171.34,Completed
JT11000391,JT11000391-1,WO700336,AP9000391,5010,1001,CSP1,PCELEC,N,N,,Y,N,1,2026-03-27T12:00:00,2026-03-27T13:58:00,118,270.34,Completed
JT11000392,JT11000392-1,WO700337,AP9000392,5052,1001,CSP1,PCTILE,N,Y,Scaffolding required,N,N,1,2026-03-27T12:01:00,2026-03-27T13:31:00,90,89.09,Completed
JT11000393,JT11000393-1,WO700337,AP9000393,5052,1001,CSP1,PCTILE,N,N,,Y,Y,2,2026-03-30T08:00:00,2026-03-30T09:00:00,60,89.09,Completed
JT11000394,JT11000394-1,WO700339,AP9000394,5012,1002,CSP1,PCBRICK,N,N,,Y,N,1,2026-03-27T07:55:00,2026-03-27T09:29:00,94,195.68,Completed
JT11000395,JT11000395-1,WO700340,AP9000395,5007,1001,CSP1,PCTILE,N,N,,Y,N,1,2026-03-27T07:51:00,2026-03-27T08:44:00,53,133.13,Completed
JT11000396,JT11000396-1,WO700341,AP9000396,5058,1001,CSP1,PCCARP,N,N,,Y,N,1,2026-03-27T08:05:00,2026-03-27T09:14:00,69,231.21,Completed
JT11000397,JT11000397-1,WO700342,AP9000397,5038,1003,CSP1,PCGROUND,N,N,,Y,N,1,2026-03-27T07:50:00,2026-03-27T08:47:00,57,358.13,Completed
JT11000398,JT11000398-1,WO700343,AP9000398,5096,1001,CSP1,PCVINYL,N,Y,Scaffolding required,N,N,1,2026-03-27T07:53:00,2026-03-27T08:38:00,45,136.63,Completed
JT11000399,JT11000399-1,WO700343,AP9000399,5096,1001,CSP1,PCVINYL,N,N,,Y,Y,2,2026-03-30T08:20:00,2026-03-30T09:09:00,49,136.63,Completed
JT11000400,JT11000400-1,WO700344,AP9000400,5025,1002,CSP1,PCFENCE,N,N,,Y,N,1,2026-03-27T12:15:00,2026-03-27T13:51:00,96,222.70,Completed
JT11000401,JT11000401-1,WO700345,AP9000401,5058,1004,CSP1,PCELEC,N,N,,Y,N,1,2026-03-27T08:02:00,2026-03-27T09:53:00,111,259.02,Completed
JT11000402,JT11000402-1,WO700346,AP9000402,5071,1001,CSP1,PCVINYL,N,N,,Y,N,1,2026-03-27T12:12:00,2026-03-27T13:39:00,87,134.71,Completed
JT11000403,JT11000403-1,WO700347,AP9000403,5023,1002,CSP1,PCPLAST,N,N,,Y,N,1,2026-03-27T12:16:00,2026-03-27T13:48:00,92,171.34,Completed
JT11000404,JT11000404-1,WO700348,AP9000404,5078,1002,CSP1,PCTILE,N,Y,Follow on planned inspection/measure,N,N,1,2026-03-27T08:18:00,2026-03-27T09:23:00,65,82.25,Completed
JT11000405,JT11000405-1,WO700348,AP9000405,5078,1002,CSP1,PCTILE,N,N,,Y,Y,2,2026-03-30T07:54:00,2026-03-30T09:31:00,97,82.25,Completed
JT11000406,JT11000406-1,WO700349,AP9000406,5090,1003,CSP1,PCGROUND,Y,N,,N,N,1,2026-03-27T07:50:00,2026-03-27T09:53:00,123,121.06,No Access
JT11000407,JT11000407-1,WO700349,AP9000407,5090,1003,CSP1,PCGROUND,N,N,,Y,Y,2,2026-03-30T08:17:00,2026-03-30T08:52:00,35,121.06,Completed
JT11000408,JT11000408-1,WO700350,AP9000408,5026,1001,CSP1,PCTILE,N,Y,Previously done,N,N,1,2026-03-27T11:53:00,2026-03-27T13:30:00,97,76.35,Completed
JT11000409,JT11000409-1,WO700350,AP9000409,5026,1001,CSP1,PCTILE,N,N,,Y,Y,2,2026-03-30T08:17:00,2026-03-30T09:28:00,71,76.35,Completed
JT11000410,JT11000410-1,WO700351,AP9000410,5023,1003,CSP1,PCGROUND,Y,N,,N,N,1,2026-03-27T12:10:00,2026-03-27T13:09:00,59,157.68,No Access
JT11000411,JT11000411-1,WO700351,AP9000411,5023,1003,CSP1,PCGROUND,N,N,,Y,Y,2,2026-03-30T08:00:00,2026-03-30T09:34:00,94,157.68,Completed
JT11000412,JT11000412-1,WO700352,AP9000412,5086,1004,CSP1,PCVINYL,N,Y,Scaffolding required,N,N,1,2026-03-27T08:14:00,2026-03-27T09:33:00,79,147.41,Completed
JT11000413,JT11000413-1,WO700352,AP9000413,5086,1004,CSP1,PCVINYL,N,N,,Y,Y,2,2026-03-30T07:56:00,2026-03-30T09:26:00,90,147.41,Completed
JT11000414,JT11000414-1,WO700353,AP9000414,5167,1008,CSP2,PCCARP,N,N,,Y,N,1,2026-03-27T08:13:00,2026-03-27T09:04:00,51,188.89,Completed
JT11000415,JT11000415-1,WO700354,AP9000415,5137,1008,CSP2,PCBRICK,N,N,,Y,N,1,2026-03-27T07:50:00,2026-03-27T09:36:00,106,388.92,Completed
JT11000416,JT11000416-1,WO700355,AP9000416,5158,1006,CSP2,PCCARP,Y,N,,N,N,1,2026-03-27T08:02:00,2026-03-27T08:57:00,55,69.97,No Access
JT11000417,JT11000417-1,WO700355,AP9000417,5158,1006,CSP2,PCCARP,N,N,,Y,Y,2,2026-03-30T12:20:00,2026-03-30T13:27:00,67,69.97,Completed
JT11000418,JT11000418-1,WO700356,AP9000418,5131,1006,CSP2,PCGROUND,N,N,,Y,N,1,2026-03-27T08:12:00,2026-03-27T09:11:00,59,388.56,Completed
JT11000419,JT11000419-1,WO700357,AP9000419,5154,1006,CSP2,PCFENCE,N,Y,Previously done,N,N,1,2026-03-27T07:58:00,2026-03-27T09:17:00,79,188.60,Completed
JT11000420,JT11000420-1,WO700357,AP9000420,5154,1006,CSP2,PCFENCE,N,N,,Y,Y,2,2026-03-30T08:03:00,2026-03-30T09:22:00,79,188.60,Completed
JT11000421,JT11000421-1,WO700358,AP9000421,5157,1008,CSP2,PCTILE,N,N,,Y,N,1,2026-03-27T07:52:00,2026-03-27T08:33:00,41,188.34,Completed
JT11000422,JT11000422-1,WO700359,AP9000422,5126,1007,CSP2,PCTILE,N,Y,Tenant requesting extra work,N,N,1,2026-03-27T08:00:00,2026-03-27T09:05:00,65,96.64,Completed
JT11000423,JT11000423-1,WO700359,AP9000423,5126,1007,CSP2,PCTILE,N,N,,Y,Y,2,2026-03-30T08:18:00,2026-03-30T09:47:00,89,96.64,Completed
JT11000424,JT11000424-1,WO700360,AP9000424,5116,1007,CSP2,PCVINYL,N,N,,Y,N,1,2026-03-27T12:11:00,2026-03-27T13:53:00,102,258.25,Completed
JT11000425,JT11000425-1,WO700361,AP9000425,5143,1007,CSP2,PCELEC,N,N,,Y,N,1,2026-03-27T08:01:00,2026-03-27T09:11:00,70,232.65,Completed
JT11000426,JT11000426-1,WO700362,AP9000426,5181,1009,CSP2,PCBRICK,N,N,,Y,N,1,2026-03-27T08:20:00,2026-03-27T09:39:00,79,359.94,Completed
JT11000427,JT11000427-1,WO700363,AP9000427,5124,1006,CSP2,PCGROUND,N,N,,Y,N,1,2026-03-27T12:08:00,2026-03-27T12:33:00,25,389.94,Completed
JT11000428,JT11000428-1,WO700364,AP9000428,5128,1006,CSP2,PCFENCE,Y,N,,N,N,1,2026-03-27T08:07:00,2026-03-27T09:46:00,99,123.81,No Access
JT11000429,JT11000429-1,WO700364,AP9000429,5128,1006,CSP2,PCFENCE,N,N,,Y,Y,2,2026-03-30T12:12:00,2026-03-30T13:08:00,56,123.81,Completed
JT11000430,JT11000430-1,WO700365,AP9000430,5184,1007,CSP2,PCPLUMB,N,N,,Y,N,1,2026-03-27T12:06:00,2026-03-27T13:28:00,82,206.35,Completed
JT11000431,JT11000431-1,WO700366,AP9000431,5106,1007,CSP2,PCFENCE,N,N,,Y,N,1,2026-03-27T08:18:00,2026-03-27T10:08:00,110,321.29,Completed
JT11000432,JT11000432-1,WO700367,AP9000432,5167,1008,CSP2,PCFENCE,N,N,,Y,N,1,2026-03-27T12:08:00,2026-03-27T13:13:00,65,309.32,Completed
JT11000433,JT11000433-1,WO700368,AP9000433,5166,1008,CSP2,PCCARP,N,N,,Y,N,1,2026-03-27T07:50:00,2026-03-27T09:34:00,104,170.58,Completed
JT11000434,JT11000434-1,WO700369,AP9000434,5181,1007,CSP2,PCTILE,N,N,,Y,N,1,2026-03-27T12:00:00,2026-03-27T13:15:00,75,212.01,Completed
JT11000435,JT11000435-1,WO700370,AP9000435,5195,1007,CSP2,PCVINYL,N,N,,Y,N,1,2026-03-27T08:01:00,2026-03-27T09:20:00,79,256.12,Completed
JT11000436,JT11000436-1,WO700371,AP9000436,5112,1009,CSP2,PCCARP,N,N,,Y,N,1,2026-03-27T11:58:00,2026-03-27T13:04:00,66,205.77,Completed
JT11000437,JT11000437-1,WO700372,AP9000437,5153,1009,CSP2,PCVINYL,N,N,,Y,N,1,2026-03-27T07:59:00,2026-03-27T09:38:00,99,226.27,Completed
JT11000438,JT11000438-1,WO700373,AP9000438,5183,1006,CSP2,PCCARP,N,N,,Y,N,1,2026-03-27T07:55:00,2026-03-27T09:29:00,94,155.14,Completed
JT11000439,JT11000439-1,WO700375,AP9000439,5221,1012,CSP4,PCGROUND,N,N,,Y,N,1,2026-03-27T08:15:00,2026-03-27T09:34:00,79,510.49,Completed
JT11000440,JT11000440-1,WO700376,AP9000440,5294,1011,CSP4,PCFENCE,N,N,,Y,N,1,2026-03-27T08:15:00,2026-03-27T09:52:00,97,291.43,Completed
JT11000441,JT11000441-1,WO700377,AP9000441,5251,1011,CSP4,PCGROUND,N,N,,Y,N,1,2026-03-27T08:18:00,2026-03-27T10:10:00,112,250.40,Completed
JT11000442,JT11000442-1,WO700378,AP9000442,5253,1012,CSP4,PCGROUND,N,N,,Y,N,1,2026-03-27T08:10:00,2026-03-27T08:55:00,45,368.20,Completed
JT11000443,JT11000443-1,WO700379,AP9000443,5273,1014,CSP4,PCPLUMB,N,N,,Y,N,1,2026-03-27T07:58:00,2026-03-27T09:13:00,75,253.15,Completed
JT11000444,JT11000444-1,WO700380,AP9000444,5209,1011,CSP4,PCBRICK,N,Y,Scaffolding required,N,N,1,2026-03-27T12:02:00,2026-03-27T13:31:00,89,151.88,Completed
JT11000445,JT11000445-1,WO700380,AP9000445,5209,1011,CSP4,PCBRICK,N,N,,Y,Y,2,2026-03-30T08:15:00,2026-03-30T10:07:00,112,151.88,Completed
JT11000446,JT11000446-1,WO700381,AP9000446,5231,1013,CSP4,PCCARP,N,N,,Y,N,1,2026-03-27T12:00:00,2026-03-27T13:58:00,118,212.29,Completed
JT11000447,JT11000447-1,WO700382,AP9000447,5240,1014,CSP4,PCPLAST,N,N,,Y,N,1,2026-03-27T12:17:00,2026-03-27T13:17:00,60,194.38,Completed
JT11000448,JT11000448-1,WO700383,AP9000448,5229,1014,CSP4,PCVINYL,N,N,,Y,N,1,2026-03-27T11:55:00,2026-03-27T13:03:00,68,139.25,Completed
JT11000449,JT11000449-1,WO700384,AP9000449,5246,1012,CSP4,PCBRICK,N,N,,Y,N,1,2026-03-27T08:03:00,2026-03-27T08:53:00,50,251.32,Completed
JT11000450,JT11000450-1,WO700386,AP9000450,5265,1012,CSP4,PCPLUMB,Y,N,,N,N,1,2026-03-27T12:01:00,2026-03-27T12:30:00,29,125.74,No Access
JT11000451,JT11000451-1,WO700386,AP9000451,5265,1012,CSP4,PCPLUMB,N,N,,Y,Y,2,2026-03-30T12:06:00,2026-03-30T13:28:00,82,125.74,Completed
JT11000452,JT11000452-1,WO700387,AP9000452,5270,1011,CSP4,PCELEC,N,Y,Follow on weather conditions,N,N,1,2026-03-27T08:09:00,2026-03-27T09:41:00,92,169.68,Completed
JT11000453,JT11000453-1,WO700387,AP9000453,5270,1011,CSP4,PCELEC,N,N,,Y,Y,2,2026-03-30T08:19:00,2026-03-30T09:23:00,64,169.68,Completed
JT11000454,JT11000454-1,WO700388,AP9000454,5238,1012,CSP4,PCPLAST,N,N,,Y,N,1,2026-03-27T08:12:00,2026-03-27T09:30:00,78,203.97,Completed
JT11000455,JT11000455-1,WO700389,AP9000455,5279,1011,CSP4,PCPLAST,N,N,,Y,N,1,2026-03-27T07:56:00,2026-03-27T08:16:00,20,279.19,Completed
JT11000456,JT11000456-1,WO700390,AP9000456,5219,1012,CSP4,PCELEC,N,N,,Y,N,1,2026-03-27T08:01:00,2026-03-27T09:42:00,101,296.43,Completed
JT11000457,JT11000457-1,WO700392,AP9000457,5284,1011,CSP4,PCFENCE,N,Y,Scaffolding required,N,N,1,2026-03-27T08:08:00,2026-03-27T09:16:00,68,98.04,Completed
JT11000458,JT11000458-1,WO700392,AP9000458,5284,1011,CSP4,PCFENCE,N,N,,Y,Y,2,2026-03-30T07:53:00,2026-03-30T08:30:00,37,98.04,Completed
JT11000459,JT11000459-1,WO700393,AP9000459,5270,1011,CSP4,PCPLAST,N,N,,Y,N,1,2026-03-27T08:03:00,2026-03-27T09:23:00,80,143.84,Completed
JT11000460,JT11000460-1,WO700394,AP9000460,5249,1011,CSP4,PCTILE,N,N,,Y,N,1,2026-03-27T08:08:00,2026-03-27T09:46:00,98,162.72,Completed
JT11000461,JT11000461-1,WO700395,AP9000461,5265,1014,CSP4,PCPLAST,N,Y,Follow on weather conditions,N,N,1,2026-03-27T08:05:00,2026-03-27T09:16:00,71,90.27,Completed
JT11000462,JT11000462-1,WO700395,AP9000462,5265,1014,CSP4,PCPLAST,N,N,,Y,Y,2,2026-03-30T08:06:00,2026-03-30T09:10:00,64,90.27,Completed
JT11000463,JT11000463-1,WO700396,AP9000463,5247,1011,CSP4,PCCARP,N,N,,Y,N,1,2026-03-27T12:19:00,2026-03-27T13:36:00,77,143.51,Completed
JT11000464,JT11000464-1,WO700397,AP9000464,5027,1002,CSP1,PCPLAST,Y,N,,N,N,1,2026-03-30T08:07:00,2026-03-30T09:52:00,105,106.29,No Access
JT11000465,JT11000465-1,WO700397,AP9000465,5027,1002,CSP1,PCPLAST,N,N,,Y,Y,2,2026-04-01T12:09:00,2026-04-01T13:51:00,102,106.29,Completed
JT11000466,JT11000466-1,WO700398,AP9000466,5081,1002,CSP1,PCGROUND,N,N,,Y,N,1,2026-03-30T07:58:00,2026-03-30T09:02:00,64,554.36,Completed
JT11000467,JT11000467-1,WO700399,AP9000467,5052,1003,CSP1,PCPLUMB,N,N,,Y,N,1,2026-03-30T08:11:00,2026-03-30T09:50:00,99,230.18,Completed
JT11000468,JT11000468-1,WO700400,AP9000468,5061,1004,CSP1,PCELEC,N,N,,Y,N,1,2026-03-30T07:50:00,2026-03-30T09:22:00,92,308.34,Completed
JT11000469,JT11000469-1,WO700402,AP9000469,5049,1002,CSP1,PCVINYL,N,N,,Y,N,1,2026-03-30T07:59:00,2026-03-30T08:39:00,40,183.77,Completed
JT11000470,JT11000470-1,WO700403,AP9000470,5020,1002,CSP1,PCCARP,Y,N,,N,N,1,2026-03-30T08:11:00,2026-03-30T09:18:00,67,96.89,No Access
JT11000471,JT11000471-1,WO700403,AP9000471,5020,1002,CSP1,PCCARP,N,N,,Y,Y,2,2026-04-01T07:51:00,2026-04-01T09:05:00,74,96.89,Completed
JT11000472,JT11000472-1,WO700404,AP9000472,5016,1003,CSP1,PCCARP,N,N,,Y,N,1,2026-03-30T07:56:00,2026-03-30T09:31:00,95,179.61,Completed
JT11000473,JT11000473-1,WO700405,AP9000473,5087,1001,CSP1,PCVINYL,N,N,,Y,N,1,2026-03-30T08:03:00,2026-03-30T10:19:00,136,180.33,Completed
JT11000474,JT11000474-1,WO700406,AP9000474,5062,1002,CSP1,PCVINYL,N,N,,Y,N,1,2026-03-30T07:50:00,2026-03-30T08:54:00,64,200.81,Completed
JT11000475,JT11000475-1,WO700407,AP9000475,5099,1001,CSP1,PCTILE,N,N,,Y,N,1,2026-03-30T07:51:00,2026-03-30T08:19:00,28,139.36,Completed
JT11000476,JT11000476-1,WO700408,AP9000476,5091,1002,CSP1,PCPLUMB,N,N,,Y,N,1,2026-03-30T08:17:00,2026-03-30T08:40:00,23,260.71,Completed
JT11000477,JT11000477-1,WO700409,AP9000477,5053,1004,CSP1,PCFENCE,N,N,,Y,N,1,2026-03-30T12:01:00,2026-03-30T13:23:00,82,379.02,Completed
JT11000478,JT11000478-1,WO700410,AP9000478,5047,1002,CSP1,PCBRICK,Y,N,,N,N,1,2026-03-30T12:12:00,2026-03-30T13:16:00,64,186.14,No Access
JT11000479,JT11000479-1,WO700410,AP9000479,5047,1002,CSP1,PCBRICK,N,N,,Y,Y,2,2026-04-01T07:51:00,2026-04-01T09:39:00,108,186.14,Completed
JT11000480,JT11000480-1,WO700411,AP9000480,5048,1004,CSP1,PCGROUND,N,N,,Y,N,1,2026-03-30T12:18:00,2026-03-30T13:07:00,49,350.32,Completed
JT11000481,JT11000481-1,WO700412,AP9000481,5018,1003,CSP1,PCCARP,N,N,,Y,N,1,2026-03-30T11:56:00,2026-03-30T14:23:00,147,175.33,Completed
JT11000482,JT11000482-1,WO700414,AP9000482,5012,1002,CSP1,PCPLAST,N,N,,Y,N,1,2026-03-30T12:04:00,2026-03-30T13:20:00,76,209.99,Completed
JT11000483,JT11000483-1,WO700415,AP9000483,5005,1004,CSP1,PCVINYL,N,N,,Y,N,1,2026-03-30T07:53:00,2026-03-30T08:54:00,61,211.78,Completed
JT11000484,JT11000484-1,WO700416,AP9000484,5100,1001,CSP1,PCPLAST,N,N,,Y,N,1,2026-03-30T07:55:00,2026-03-30T08:58:00,63,132.87,Completed
JT11000485,JT11000485-1,WO700418,AP9000485,5031,1001,CSP1,PCPLUMB,N,Y,Warning risk / Warning vulnerable,N,N,1,2026-03-30T12:11:00,2026-03-30T13:35:00,84,100.19,Completed
JT11000486,JT11000486-1,WO700418,AP9000486,5031,1001,CSP1,PCPLUMB,N,N,,Y,Y,2,2026-04-01T12:02:00,2026-04-01T13:15:00,73,100.19,Completed
JT11000487,JT11000487-1,WO700419,AP9000487,5176,1006,CSP2,PCTILE,Y,N,,N,N,1,2026-03-30T08:08:00,2026-03-30T09:22:00,74,71.16,No Access
JT11000488,JT11000488-1,WO700419,AP9000488,5176,1006,CSP2,PCTILE,N,N,,Y,Y,2,2026-04-01T08:20:00,2026-04-01T09:04:00,44,71.16,Completed
JT11000489,JT11000489-1,WO700420,AP9000489,5172,1008,CSP2,PCFENCE,Y,N,,N,N,1,2026-03-30T08:16:00,2026-03-30T10:01:00,105,129.73,No Access
JT11000490,JT11000490-1,WO700420,AP9000490,5172,1008,CSP2,PCFENCE,N,N,,Y,Y,2,2026-04-01T11:52:00,2026-04-01T13:00:00,68,129.73,Completed
JT11000491,JT11000491-1,WO700421,AP9000491,5174,1009,CSP2,PCPLUMB,N,N,,Y,N,1,2026-03-30T07:54:00,2026-03-30T08:28:00,34,221.60,Completed
JT11000492,JT11000492-1,WO700422,AP9000492,5115,1006,CSP2,PCGROUND,N,N,,Y,N,1,2026-03-30T12:05:00,2026-03-30T13:01:00,56,489.81,Completed
JT11000493,JT11000493-1,WO700423,AP9000493,5162,1006,CSP2,PCTILE,N,N,,Y,N,1,2026-03-30T12:02:00,2026-03-30T12:54:00,52,104.24,Completed
JT11000494,JT11000494-1,WO700424,AP9000494,5162,1009,CSP2,PCCARP,Y,N,,N,N,1,2026-03-30T12:20:00,2026-03-30T13:26:00,66,79.50,No Access
JT11000495,JT11000495-1,WO700424,AP9000495,5162,1009,CSP2,PCCARP,N,N,,Y,Y,2,2026-04-01T08:02:00,2026-04-01T09:19:00,77,79.50,Completed
JT11000496,JT11000496-1,WO700425,AP9000496,5146,1009,CSP2,PCGROUND,N,N,,Y,N,1,2026-03-30T12:01:00,2026-03-30T13:40:00,99,442.61,Completed
JT11000497,JT11000497-1,WO700426,AP9000497,5144,1008,CSP2,PCCARP,N,N,,Y,N,1,2026-03-30T11:59:00,2026-03-30T12:58:00,59,234.66,Completed
JT11000498,JT11000498-1,WO700427,AP9000498,5196,1007,CSP2,PCTILE,N,N,,Y,N,1,2026-03-30T07:59:00,2026-03-30T08:51:00,52,145.94,Completed
JT11000499,JT11000499-1,WO700428,AP9000499,5132,1007,CSP2,PCFENCE,N,N,,Y,N,1,2026-03-30T07:57:00,2026-03-30T08:51:00,54,213.56,Completed
JT11000500,JT11000500-1,WO700429,AP9000500,5198,1009,CSP2,PCGROUND,N,N,,Y,N,1,2026-03-30T08:04:00,2026-03-30T09:09:00,65,350.91,Completed
JT11000501,JT11000501-1,WO700430,AP9000501,5174,1007,CSP2,PCBRICK,N,N,,Y,N,1,2026-03-30T11:54:00,2026-03-30T12:25:00,31,360.09,Completed
JT11000502,JT11000502-1,WO700431,AP9000502,5107,1007,CSP2,PCGROUND,N,N,,Y,N,1,2026-03-30T11:56:00,2026-03-30T13:30:00,94,423.85,Completed
JT11000503,JT11000503-1,WO700433,AP9000503,5127,1007,CSP2,PCVINYL,Y,N,,N,N,1,2026-03-30T08:00:00,2026-03-30T09:44:00,104,100.28,No Access
JT11000504,JT11000504-1,WO700433,AP9000504,5127,1007,CSP2,PCVINYL,N,N,,Y,Y,2,2026-04-01T11:58:00,2026-04-01T13:01:00,63,100.28,Completed
JT11000505,JT11000505-1,WO700434,AP9000505,5135,1006,CSP2,PCELEC,N,N,,Y,N,1,2026-03-30T08:06:00,2026-03-30T09:41:00,95,260.25,Completed
JT11000506,JT11000506-1,WO700435,AP9000506,5148,1009,CSP2,PCFENCE,N,Y,Warning risk / Warning vulnerable,N,N,1,2026-03-30T08:20:00,2026-03-30T09:06:00,46,109.56,Completed
JT11000507,JT11000507-1,WO700435,AP9000507,5148,1009,CSP2,PCFENCE,N,N,,Y,Y,2,2026-04-01T07:53:00,2026-04-01T09:04:00,71,109.56,Completed
JT11000508,JT11000508-1,WO700436,AP9000508,5113,1007,CSP2,PCBRICK,N,N,,Y,N,1,2026-03-30T07:59:00,2026-03-30T08:19:00,20,417.47,Completed
JT11000509,JT11000509-1,WO700437,AP9000509,5161,1006,CSP2,PCPLUMB,N,Y,Tenant requesting extra work,N,N,1,2026-03-30T08:09:00,2026-03-30T09:15:00,66,116.32,Completed
JT11000510,JT11000510-1,WO700437,AP9000510,5161,1006,CSP2,PCPLUMB,N,N,,Y,Y,2,2026-04-01T08:07:00,2026-04-01T09:04:00,57,116.32,Completed
JT11000511,JT11000511-1,WO700438,AP9000511,5139,1007,CSP2,PCBRICK,N,N,,Y,N,1,2026-03-30T08:13:00,2026-03-30T10:41:00,148,340.04,Completed
JT11000512,JT11000512-1,WO700439,AP9000512,5133,1007,CSP2,PCELEC,N,Y,Asbestos found,N,N,1,2026-03-30T12:11:00,2026-03-30T13:09:00,58,152.08,Completed
JT11000513,JT11000513-1,WO700439,AP9000513,5133,1007,CSP2,PCELEC,N,N,,Y,Y,2,2026-04-01T12:07:00,2026-04-01T13:23:00,76,152.08,Completed
JT11000514,JT11000514-1,WO700440,AP9000514,5133,1006,CSP2,PCFENCE,N,Y,Follow on planned inspection/measure,N,N,1,2026-03-30T07:57:00,2026-03-30T09:30:00,93,136.15,Completed
JT11000515,JT11000515-1,WO700440,AP9000515,5133,1006,CSP2,PCFENCE,N,N,,Y,Y,2,2026-04-01T08:12:00,2026-04-01T09:51:00,99,136.15,Completed
JT11000516,JT11000516-1,WO700441,AP9000516,5284,1014,CSP4,PCGROUND,N,N,,Y,N,1,2026-03-30T08:01:00,2026-03-30T08:34:00,33,488.57,Completed
JT11000517,JT11000517-1,WO700442,AP9000517,5258,1013,CSP4,PCCARP,N,Y,Scaffolding required,N,N,1,2026-03-30T12:17:00,2026-03-30T13:36:00,79,81.22,Completed
JT11000518,JT11000518-1,WO700442,AP9000518,5258,1013,CSP4,PCCARP,N,N,,Y,Y,2,2026-04-01T08:08:00,2026-04-01T08:58:00,50,81.22,Completed
JT11000519,JT11000519-1,WO700443,AP9000519,5244,1014,CSP4,PCVINYL,N,N,,Y,N,1,2026-03-30T12:15:00,2026-03-30T12:58:00,43,237.33,Completed
JT11000520,JT11000520-1,WO700444,AP9000520,5284,1013,CSP4,PCBRICK,N,Y,Warning risk / Warning vulnerable,N,N,1,2026-03-30T08:14:00,2026-03-30T09:38:00,84,190.97,Completed
JT11000521,JT11000521-1,WO700444,AP9000521,5284,1013,CSP4,PCBRICK,N,N,,Y,Y,2,2026-04-01T12:20:00,2026-04-01T13:55:00,95,190.97,Completed
JT11000522,JT11000522-1,WO700445,AP9000522,5247,1014,CSP4,PCGROUND,N,N,,Y,N,1,2026-03-30T12:02:00,2026-03-30T14:19:00,137,379.74,Completed
JT11000523,JT11000523-1,WO700446,AP9000523,5233,1014,CSP4,PCCARP,N,N,,Y,N,1,2026-03-30T08:03:00,2026-03-30T09:23:00,80,205.97,Completed
JT11000524,JT11000524-1,WO700447,AP9000524,5204,1013,CSP4,PCVINYL,N,N,,Y,N,1,2026-03-30T12:01:00,2026-03-30T13:35:00,94,242.93,Completed
JT11000525,JT11000525-1,WO700448,AP9000525,5250,1011,CSP4,PCBRICK,N,N,,Y,N,1,2026-03-30T08:00:00,2026-03-30T10:07:00,127,298.19,Completed
JT11000526,JT11000526-1,WO700449,AP9000526,5204,1013,CSP4,PCPLUMB,N,Y,Previously done,N,N,1,2026-03-30T07:52:00,2026-03-30T08:40:00,48,101.74,Completed
JT11000527,JT11000527-1,WO700449,AP9000527,5204,1013,CSP4,PCPLUMB,N,N,,Y,Y,2,2026-04-01T08:14:00,2026-04-01T09:17:00,63,101.74,Completed
JT11000528,JT11000528-1,WO700450,AP9000528,5235,1013,CSP4,PCGROUND,Y,N,,N,N,1,2026-03-30T08:02:00,2026-03-30T09:25:00,83,192.94,No Access
JT11000529,JT11000529-1,WO700450,AP9000529,5235,1013,CSP4,PCGROUND,N,N,,Y,Y,2,2026-04-01T11:59:00,2026-04-01T13:22:00,83,192.94,Completed
JT11000530,JT11000530-1,WO700451,AP9000530,5296,1012,CSP4,PCVINYL,Y,N,,N,N,1,2026-03-30T08:04:00,2026-03-30T09:05:00,61,97.71,No Access
JT11000531,JT11000531-1,WO700451,AP9000531,5296,1012,CSP4,PCVINYL,N,N,,Y,Y,2,2026-04-01T11:54:00,2026-04-01T13:11:00,77,97.71,Completed
JT11000532,JT11000532-1,WO700452,AP9000532,5212,1011,CSP4,PCELEC,N,N,,Y,N,1,2026-03-30T11:55:00,2026-03-30T13:53:00,118,260.60,Completed
JT11000533,JT11000533-1,WO700453,AP9000533,5218,1013,CSP4,PCFENCE,N,N,,Y,N,1,2026-03-30T08:11:00,2026-03-30T10:00:00,109,222.57,Completed
JT11000534,JT11000534-1,WO700454,AP9000534,5202,1012,CSP4,PCVINYL,N,N,,Y,N,1,2026-03-30T08:20:00,2026-03-30T09:24:00,64,212.36,Completed
JT11000535,JT11000535-1,WO700455,AP9000535,5256,1011,CSP4,PCVINYL,N,N,,Y,N,1,2026-03-30T12:14:00,2026-03-30T13:20:00,66,244.66,Completed
JT11000536,JT11000536-1,WO700456,AP9000536,5255,1011,CSP4,PCTILE,N,N,,Y,N,1,2026-03-30T12:08:00,2026-03-30T13:42:00,94,119.08,Completed
JT11000537,JT11000537-1,WO700457,AP9000537,5296,1014,CSP4,PCGROUND,N,N,,Y,N,1,2026-03-30T07:53:00,2026-03-30T09:44:00,111,465.61,Completed
JT11000538,JT11000538-1,WO700458,AP9000538,5280,1011,CSP4,PCELEC,N,N,,Y,N,1,2026-03-30T12:20:00,2026-03-30T13:25:00,65,284.28,Completed
JT11000539,JT11000539-1,WO700459,AP9000539,5203,1013,CSP4,PCPLAST,N,N,,Y,N,1,2026-03-30T07:54:00,2026-03-30T09:18:00,84,143.36,Completed
JT11000540,JT11000540-1,WO700460,AP9000540,5220,1014,CSP4,PCPLUMB,N,N,,Y,N,1,2026-03-30T08:19:00,2026-03-30T09:29:00,70,190.53,Completed
JT11000541,JT11000541-1,WO700461,AP9000541,5290,1013,CSP4,PCPLUMB,N,Y,Inspection required,N,N,1,2026-03-30T11:55:00,2026-03-30T12:27:00,32,132.88,Completed
JT11000542,JT11000542-1,WO700461,AP9000542,5290,1013,CSP4,PCPLUMB,N,N,,Y,Y,2,2026-04-01T12:13:00,2026-04-01T14:18:00,125,132.88,Completed
JT11000543,JT11000543-1,WO700462,AP9000543,5261,1014,CSP4,PCPLAST,N,Y,Scaffolding required,N,N,1,2026-03-30T08:15:00,2026-03-30T09:27:00,72,91.91,Completed
JT11000544,JT11000544-1,WO700462,AP9000544,5261,1014,CSP4,PCPLAST,N,N,,Y,Y,2,2026-04-01T08:18:00,2026-04-01T10:21:00,123,91.91,Completed
JT11000545,JT11000545-1,WO700463,AP9000545,5032,1001,CSP1,PCVINYL,N,N,,Y,N,1,2026-03-31T08:05:00,2026-03-31T09:42:00,97,281.30,Completed
JT11000546,JT11000546-1,WO700464,AP9000546,5086,1001,CSP1,PCTILE,Y,N,,N,N,1,2026-03-31T08:06:00,2026-03-31T10:21:00,135,76.70,No Access
JT11000547,JT11000547-1,WO700464,AP9000547,5086,1001,CSP1,PCTILE,N,N,,Y,Y,2,2026-04-02T12:15:00,2026-04-02T13:07:00,52,76.70,Completed
JT11000548,JT11000548-1,WO700466,AP9000548,5086,1004,CSP1,PCTILE,N,N,,Y,N,1,2026-03-31T12:04:00,2026-03-31T13:53:00,109,175.56,Completed
JT11000549,JT11000549-1,WO700467,AP9000549,5016,1004,CSP1,PCVINYL,N,N,,Y,N,1,2026-03-31T12:11:00,2026-03-31T13:18:00,67,190.41,Completed
JT11000550,JT11000550-1,WO700468,AP9000550,5020,1001,CSP1,PCFENCE,N,N,,Y,N,1,2026-03-31T12:19:00,2026-03-31T13:48:00,89,318.02,Completed
JT11000551,JT11000551-1,WO700469,AP9000551,5098,1001,CSP1,PCPLUMB,N,N,,Y,N,1,2026-03-31T08:12:00,2026-03-31T09:18:00,66,235.34,Completed
JT11000552,JT11000552-1,WO700470,AP9000552,5041,1001,CSP1,PCGROUND,N,N,,Y,N,1,2026-03-31T08:19:00,2026-03-31T09:45:00,86,394.75,Completed
JT11000553,JT11000553-1,WO700471,AP9000553,5093,1003,CSP1,PCPLAST,N,Y,Warning risk / Warning vulnerable,N,N,1,2026-03-31T08:06:00,2026-03-31T09:27:00,81,91.84,Completed
JT11000554,JT11000554-1,WO700471,AP9000554,5093,1003,CSP1,PCPLAST,N,N,,Y,Y,2,2026-04-02T08:05:00,2026-04-02T09:19:00,74,91.84,Completed
JT11000555,JT11000555-1,WO700472,AP9000555,5073,1002,CSP1,PCPLAST,Y,N,,N,N,1,2026-03-31T07:54:00,2026-03-31T09:23:00,89,133.53,No Access
JT11000556,JT11000556-1,WO700472,AP9000556,5073,1002,CSP1,PCPLAST,N,N,,Y,Y,2,2026-04-02T12:11:00,2026-04-02T13:32:00,81,133.53,Completed
JT11000557,JT11000557-1,WO700473,AP9000557,5071,1002,CSP1,PCPLAST,Y,N,,N,N,1,2026-03-31T08:03:00,2026-03-31T09:38:00,95,79.62,No Access
JT11000558,JT11000558-1,WO700473,AP9000558,5071,1002,CSP1,PCPLAST,N,N,,Y,Y,2,2026-04-02T08:12:00,2026-04-02T09:30:00,78,79.62,Completed
JT11000559,JT11000559-1,WO700474,AP9000559,5100,1002,CSP1,PCGROUND,Y,N,,N,N,1,2026-03-31T12:06:00,2026-03-31T13:34:00,88,181.01,No Access
JT11000560,JT11000560-1,WO700474,AP9000560,5100,1002,CSP1,PCGROUND,N,N,,Y,Y,2,2026-04-02T11:55:00,2026-04-02T12:33:00,38,181.01,Completed
JT11000561,JT11000561-1,WO700475,AP9000561,5042,1002,CSP1,PCCARP,N,Y,Re-directed work,N,N,1,2026-03-31T07:56:00,2026-03-31T08:54:00,58,112.83,Completed
JT11000562,JT11000562-1,WO700475,AP9000562,5042,1002,CSP1,PCCARP,N,N,,Y,Y,2,2026-04-02T08:06:00,2026-04-02T09:04:00,58,112.83,Completed
JT11000563,JT11000563-1,WO700477,AP9000563,5017,1002,CSP1,PCPLAST,N,N,,Y,N,1,2026-03-31T07:50:00,2026-03-31T08:52:00,62,208.55,Completed
JT11000564,JT11000564-1,WO700478,AP9000564,5050,1004,CSP1,PCELEC,N,N,,Y,N,1,2026-03-31T08:01:00,2026-03-31T09:06:00,65,270.03,Completed
JT11000565,JT11000565-1,WO700479,AP9000565,5002,1003,CSP1,PCTILE,N,N,,Y,N,1,2026-03-31T08:01:00,2026-03-31T09:39:00,98,168.19,Completed
JT11000566,JT11000566-1,WO700481,AP9000566,5010,1002,CSP1,PCBRICK,N,N,,Y,N,1,2026-03-31T07:55:00,2026-03-31T08:26:00,31,373.05,Completed
JT11000567,JT11000567-1,WO700482,AP9000567,5025,1004,CSP1,PCTILE,N,N,,Y,N,1,2026-03-31T08:12:00,2026-03-31T08:47:00,35,148.07,Completed
JT11000568,JT11000568-1,WO700483,AP9000568,5096,1002,CSP1,PCCARP,N,N,,Y,N,1,2026-03-31T07:59:00,2026-03-31T08:38:00,39,192.29,Completed
JT11000569,JT11000569-1,WO700484,AP9000569,5022,1004,CSP1,PCPLAST,N,N,,Y,N,1,2026-03-31T08:12:00,2026-03-31T09:47:00,95,308.45,Completed
JT11000570,JT11000570-1,WO700485,AP9000570,5146,1008,CSP2,PCFENCE,N,N,,Y,N,1,2026-03-31T07:54:00,2026-03-31T08:30:00,36,317.36,Completed
JT11000571,JT11000571-1,WO700486,AP9000571,5142,1009,CSP2,PCTILE,N,N,,Y,N,1,2026-03-31T08:06:00,2026-03-31T09:17:00,71,150.13,Completed
JT11000572,JT11000572-1,WO700487,AP9000572,5158,1006,CSP2,PCVINYL,N,N,,Y,N,1,2026-03-31T08:04:00,2026-03-31T09:24:00,80,192.93,Completed
JT11000573,JT11000573-1,WO700488,AP9000573,5139,1007,CSP2,PCPLUMB,N,N,,Y,N,1,2026-03-31T12:09:00,2026-03-31T12:29:00,20,250.91,Completed
JT11000574,JT11000574-1,WO700489,AP9000574,5136,1007,CSP2,PCGROUND,N,N,,Y,N,1,2026-03-31T08:02:00,2026-03-31T09:17:00,75,426.91,Completed
JT11000575,JT11000575-1,WO700490,AP9000575,5118,1006,CSP2,PCBRICK,N,N,,Y,N,1,2026-03-31T11:53:00,2026-03-31T13:14:00,81,368.64,Completed
JT11000576,JT11000576-1,WO700491,AP9000576,5173,1007,CSP2,PCTILE,N,N,,Y,N,1,2026-03-31T08:11:00,2026-03-31T09:35:00,84,207.64,Completed
JT11000577,JT11000577-1,WO700492,AP9000577,5174,1007,CSP2,PCCARP,N,N,,Y,N,1,2026-03-31T07:52:00,2026-03-31T09:35:00,103,218.20,Completed
JT11000578,JT11000578-1,WO700493,AP9000578,5143,1009,CSP2,PCFENCE,Y,N,,N,N,1,2026-03-31T08:14:00,2026-03-31T09:22:00,68,126.81,No Access
JT11000579,JT11000579-1,WO700493,AP9000579,5143,1009,CSP2,PCFENCE,N,N,,Y,Y,2,2026-04-02T12:07:00,2026-04-02T13:49:00,102,126.81,Completed
JT11000580,JT11000580-1,WO700494,AP9000580,5178,1008,CSP2,PCPLUMB,N,N,,Y,N,1,2026-03-31T12:14:00,2026-03-31T12:55:00,41,251.79,Completed
JT11000581,JT11000581-1,WO700495,AP9000581,5120,1007,CSP2,PCFENCE,N,N,,Y,N,1,2026-03-31T08:20:00,2026-03-31T09:42:00,82,125.90,Completed
JT11000582,JT11000582-1,WO700496,AP9000582,5197,1007,CSP2,PCGROUND,N,N,,Y,N,1,2026-03-31T08:06:00,2026-03-31T09:58:00,112,463.55,Completed
JT11000583,JT11000583-1,WO700497,AP9000583,5196,1006,CSP2,PCPLUMB,N,N,,Y,N,1,2026-03-31T07:59:00,2026-03-31T09:13:00,74,239.15,Completed
JT11000584,JT11000584-1,WO700498,AP9000584,5118,1007,CSP2,PCELEC,N,N,,Y,N,1,2026-03-31T08:16:00,2026-03-31T09:45:00,89,233.97,Completed
JT11000585,JT11000585-1,WO700499,AP9000585,5168,1007,CSP2,PCTILE,N,N,,Y,N,1,2026-03-31T08:13:00,2026-03-31T09:52:00,99,218.57,Completed
JT11000586,JT11000586-1,WO700500,AP9000586,5186,1008,CSP2,PCVINYL,N,N,,Y,N,1,2026-03-31T08:01:00,2026-03-31T09:09:00,68,267.91,Completed
JT11000587,JT11000587-1,WO700501,AP9000587,5122,1009,CSP2,PCFENCE,N,N,,Y,N,1,2026-03-31T08:16:00,2026-03-31T10:06:00,110,242.04,Completed
JT11000588,JT11000588-1,WO700502,AP9000588,5130,1007,CSP2,PCTILE,N,N,,Y,N,1,2026-03-31T08:17:00,2026-03-31T09:05:00,48,166.26,Completed
JT11000589,JT11000589-1,WO700503,AP9000589,5119,1006,CSP2,PCBRICK,N,N,,Y,N,1,2026-03-31T12:02:00,2026-03-31T13:05:00,63,381.16,Completed
JT11000590,JT11000590-1,WO700504,AP9000590,5195,1007,CSP2,PCGROUND,N,N,,Y,N,1,2026-03-31T08:05:00,2026-03-31T08:53:00,48,378.88,Completed
JT11000591,JT11000591-1,WO700505,AP9000591,5189,1007,CSP2,PCPLUMB,N,N,,Y,N,1,2026-03-31T08:20:00,2026-03-31T09:30:00,70,247.12,Completed
JT11000592,JT11000592-1,WO700506,AP9000592,5190,1007,CSP2,PCBRICK,N,N,,Y,N,1,2026-03-31T08:18:00,2026-03-31T09:45:00,87,354.40,Completed
JT11000593,JT11000593-1,WO700507,AP9000593,5285,1012,CSP4,PCFENCE,N,N,,Y,N,1,2026-03-31T11:55:00,2026-03-31T13:03:00,68,372.09,Completed
JT11000594,JT11000594-1,WO700508,AP9000594,5291,1014,CSP4,PCCARP,Y,N,,N,N,1,2026-03-31T08:08:00,2026-03-31T09:27:00,79,87.95,No Access
JT11000595,JT11000595-1,WO700508,AP9000595,5291,1014,CSP4,PCCARP,N,N,,Y,Y,2,2026-04-02T08:05:00,2026-04-02T09:06:00,61,87.95,Completed
JT11000596,JT11000596-1,WO700509,AP9000596,5259,1013,CSP4,PCGROUND,N,N,,Y,N,1,2026-03-31T11:51:00,2026-03-31T12:45:00,54,380.47,Completed
JT11000597,JT11000597-1,WO700510,AP9000597,5296,1013,CSP4,PCPLAST,N,N,,Y,N,1,2026-03-31T07:52:00,2026-03-31T09:24:00,92,181.29,Completed
JT11000598,JT11000598-1,WO700512,AP9000598,5272,1013,CSP4,PCBRICK,N,N,,Y,N,1,2026-03-31T08:03:00,2026-03-31T08:23:00,20,299.41,Completed
JT11000599,JT11000599-1,WO700513,AP9000599,5287,1013,CSP4,PCTILE,N,Y,Tenant requesting extra work,N,N,1,2026-03-31T07:52:00,2026-03-31T09:10:00,78,74.19,Completed
JT11000600,JT11000600-1,WO700513,AP9000600,5287,1013,CSP4,PCTILE,N,N,,Y,Y,2,2026-04-02T12:03:00,2026-04-02T12:40:00,37,74.19,Completed
JT11000601,JT11000601-1,WO700514,AP9000601,5270,1011,CSP4,PCPLAST,N,N,,Y,N,1,2026-03-31T08:13:00,2026-03-31T08:36:00,23,177.84,Completed
JT11000602,JT11000602-1,WO700515,AP9000602,5289,1014,CSP4,PCGROUND,N,N,,Y,N,1,2026-03-31T08:05:00,2026-03-31T10:10:00,125,330.85,Completed
JT11000603,JT11000603-1,WO700516,AP9000603,5209,1012,CSP4,PCGROUND,N,N,,Y,N,1,2026-03-31T08:05:00,2026-03-31T09:35:00,90,548.37,Completed
JT11000604,JT11000604-1,WO700517,AP9000604,5298,1012,CSP4,PCFENCE,N,N,,Y,N,1,2026-03-31T11:55:00,2026-03-31T12:26:00,31,358.75,Completed
JT11000605,JT11000605-1,WO700518,AP9000605,5282,1011,CSP4,PCBRICK,N,N,,Y,N,1,2026-03-31T08:17:00,2026-03-31T09:25:00,68,409.57,Completed
JT11000606,JT11000606-1,WO700519,AP9000606,5235,1011,CSP4,PCTILE,N,N,,Y,N,1,2026-03-31T07:59:00,2026-03-31T09:04:00,65,194.01,Completed
JT11000607,JT11000607-1,WO700520,AP9000607,5265,1012,CSP4,PCELEC,N,N,,Y,N,1,2026-03-31T07:57:00,2026-03-31T09:12:00,75,261.37,Completed
JT11000608,JT11000608-1,WO700521,AP9000608,5205,1014,CSP4,PCVINYL,N,Y,Tenant requesting extra work,N,N,1,2026-03-31T12:07:00,2026-03-31T12:55:00,48,105.67,Completed
JT11000609,JT11000609-1,WO700521,AP9000609,5205,1014,CSP4,PCVINYL,N,N,,Y,Y,2,2026-04-02T08:04:00,2026-04-02T08:52:00,48,105.67,Completed
JT11000610,JT11000610-1,WO700522,AP9000610,5226,1012,CSP4,PCTILE,N,N,,Y,N,1,2026-03-31T07:55:00,2026-03-31T09:28:00,93,135.23,Completed
JT11000611,JT11000611-1,WO700523,AP9000611,5259,1014,CSP4,PCTILE,N,N,,Y,N,1,2026-03-31T07:52:00,2026-03-31T09:28:00,96,131.94,Completed
JT11000612,JT11000612-1,WO700524,AP9000612,5279,1014,CSP4,PCGROUND,N,N,,Y,N,1,2026-03-31T08:02:00,2026-03-31T08:22:00,20,399.53,Completed
JT11000613,JT11000613-1,WO700525,AP9000613,5206,1011,CSP4,PCTILE,N,N,,Y,N,1,2026-03-31T12:20:00,2026-03-31T13:17:00,57,147.69,Completed
JT11000614,JT11000614-1,WO700526,AP9000614,5207,1014,CSP4,PCTILE,N,N,,Y,N,1,2026-03-31T08:07:00,2026-03-31T09:49:00,102,136.63,Completed
JT11000615,JT11000615-1,WO700527,AP9000615,5238,1012,CSP4,PCPLUMB,N,N,,Y,N,1,2026-03-31T08:19:00,2026-03-31T09:43:00,84,198.48,Completed
JT11000616,JT11000616-1,WO700528,AP9000616,5215,1013,CSP4,PCPLAST,N,N,,Y,N,1,2026-03-31T07:53:00,2026-03-31T09:42:00,109,189.66,Completed
JT11000617,JT11000617-1,WO700529,AP9000617,5004,1004,CSP1,PCPLAST,N,N,,Y,N,1,2026-04-01T11:59:00,2026-04-01T13:37:00,98,189.47,Completed
JT11000618,JT11000618-1,WO700530,AP9000618,5084,1003,CSP1,PCPLAST,N,N,,Y,N,1,2026-04-01T07:57:00,2026-04-01T10:09:00,132,150.87,Completed
JT11000619,JT11000619-1,WO700531,AP9000619,5091,1001,CSP1,PCVINYL,N,N,,Y,N,1,2026-04-01T07:53:00,2026-04-01T08:48:00,55,208.00,Completed
JT11000620,JT11000620-1,WO700532,AP9000620,5099,1003,CSP1,PCPLAST,N,N,,Y,N,1,2026-04-01T12:15:00,2026-04-01T13:18:00,63,183.73,Completed
JT11000621,JT11000621-1,WO700533,AP9000621,5099,1003,CSP1,PCPLUMB,N,N,,Y,N,1,2026-04-01T08:10:00,2026-04-01T08:30:00,20,266.47,Completed
JT11000622,JT11000622-1,WO700534,AP9000622,5026,1001,CSP1,PCPLUMB,N,N,,Y,N,1,2026-04-01T07:54:00,2026-04-01T09:24:00,90,240.76,Completed
JT11000623,JT11000623-1,WO700535,AP9000623,5078,1004,CSP1,PCELEC,N,N,,Y,N,1,2026-04-01T11:59:00,2026-04-01T13:00:00,61,274.49,Completed
JT11000624,JT11000624-1,WO700537,AP9000624,5019,1004,CSP1,PCPLUMB,N,N,,Y,N,1,2026-04-01T12:08:00,2026-04-01T13:57:00,109,168.53,Completed
JT11000625,JT11000625-1,WO700538,AP9000625,5012,1004,CSP1,PCPLUMB,N,N,,Y,N,1,2026-04-01T12:18:00,2026-04-01T13:57:00,99,187.60,Completed
JT11000626,JT11000626-1,WO700539,AP9000626,5077,1003,CSP1,PCGROUND,N,N,,Y,N,1,2026-04-01T12:12:00,2026-04-01T13:17:00,65,425.35,Completed
JT11000627,JT11000627-1,WO700540,AP9000627,5042,1003,CSP1,PCFENCE,N,Y,Asbestos found,N,N,1,2026-04-01T11:51:00,2026-04-01T12:46:00,55,132.31,Completed
JT11000628,JT11000628-1,WO700540,AP9000628,5042,1003,CSP1,PCFENCE,N,N,,Y,Y,2,2026-04-03T07:57:00,2026-04-03T09:24:00,87,132.31,Completed
JT11000629,JT11000629-1,WO700541,AP9000629,5016,1001,CSP1,PCBRICK,N,N,,Y,N,1,2026-04-01T08:13:00,2026-04-01T09:12:00,59,245.28,Completed
JT11000630,JT11000630-1,WO700542,AP9000630,5094,1002,CSP1,PCGROUND,N,N,,Y,N,1,2026-04-01T12:04:00,2026-04-01T13:32:00,88,330.45,Completed
JT11000631,JT11000631-1,WO700543,AP9000631,5055,1003,CSP1,PCFENCE,N,N,,Y,N,1,2026-04-01T08:08:00,2026-04-01T09:17:00,69,301.11,Completed
JT11000632,JT11000632-1,WO700544,AP9000632,5067,1003,CSP1,PCELEC,N,N,,Y,N,1,2026-04-01T08:04:00,2026-04-01T09:02:00,58,298.54,Completed
JT11000633,JT11000633-1,WO700545,AP9000633,5016,1002,CSP1,PCPLUMB,N,N,,Y,N,1,2026-04-01T12:01:00,2026-04-01T13:39:00,98,87.30,Completed
JT11000634,JT11000634-1,WO700546,AP9000634,5043,1002,CSP1,PCFENCE,N,N,,Y,N,1,2026-04-01T11:59:00,2026-04-01T13:33:00,94,220.37,Completed
JT11000635,JT11000635-1,WO700547,AP9000635,5009,1001,CSP1,PCBRICK,N,N,,Y,N,1,2026-04-01T12:09:00,2026-04-01T13:16:00,67,354.01,Completed
JT11000636,JT11000636-1,WO700548,AP9000636,5073,1003,CSP1,PCPLUMB,Y,N,,N,N,1,2026-04-01T08:02:00,2026-04-01T09:46:00,104,108.42,No Access
JT11000637,JT11000637-1,WO700548,AP9000637,5073,1003,CSP1,PCPLUMB,N,N,,Y,Y,2,2026-04-03T12:19:00,2026-04-03T13:26:00,67,108.42,Completed
JT11000638,JT11000638-1,WO700549,AP9000638,5005,1003,CSP1,PCPLAST,N,N,,Y,N,1,2026-04-01T12:17:00,2026-04-01T14:07:00,110,175.60,Completed
JT11000639,JT11000639-1,WO700550,AP9000639,5096,1003,CSP1,PCPLUMB,N,Y,Planned referral required,N,N,1,2026-04-01T07:57:00,2026-04-01T09:00:00,63,144.53,Completed
JT11000640,JT11000640-1,WO700550,AP9000640,5096,1003,CSP1,PCPLUMB,N,N,,Y,Y,2,2026-04-03T12:09:00,2026-04-03T12:41:00,32,144.53,Completed
JT11000641,JT11000641-1,WO700551,AP9000641,5188,1007,CSP2,PCFENCE,N,N,,Y,N,1,2026-04-01T07:57:00,2026-04-01T09:42:00,105,291.58,Completed
JT11000642,JT11000642-1,WO700552,AP9000642,5144,1009,CSP2,PCVINYL,N,N,,Y,N,1,2026-04-01T11:57:00,2026-04-01T12:19:00,22,204.28,Completed
JT11000643,JT11000643-1,WO700553,AP9000643,5197,1008,CSP2,PCBRICK,N,N,,Y,N,1,2026-04-01T11:58:00,2026-04-01T13:54:00,116,344.32,Completed
JT11000644,JT11000644-1,WO700554,AP9000644,5148,1007,CSP2,PCELEC,Y,N,,N,N,1,2026-04-01T07:57:00,2026-04-01T09:16:00,79,140.81,No Access
JT11000645,JT11000645-1,WO700554,AP9000645,5148,1007,CSP2,PCELEC,N,N,,Y,Y,2,2026-04-03T08:08:00,2026-04-03T09:10:00,62,140.81,Completed
JT11000646,JT11000646-1,WO700555,AP9000646,5200,1009,CSP2,PCTILE,N,N,,Y,N,1,2026-04-01T08:19:00,2026-04-01T09:57:00,98,100.46,Completed
JT11000647,JT11000647-1,WO700556,AP9000647,5144,1008,CSP2,PCELEC,N,N,,Y,N,1,2026-04-01T07:57:00,2026-04-01T09:47:00,110,334.33,Completed
JT11000648,JT11000648-1,WO700558,AP9000648,5106,1009,CSP2,PCCARP,N,Y,Weather condition,N,N,1,2026-04-01T07:51:00,2026-04-01T10:00:00,129,86.94,Completed
JT11000649,JT11000649-1,WO700558,AP9000649,5106,1009,CSP2,PCCARP,N,N,,Y,Y,2,2026-04-03T07:53:00,2026-04-03T09:35:00,102,86.94,Completed
JT11000650,JT11000650-1,WO700559,AP9000650,5174,1008,CSP2,PCBRICK,N,N,,Y,N,1,2026-04-01T08:01:00,2026-04-01T08:43:00,42,363.37,Completed
JT11000651,JT11000651-1,WO700560,AP9000651,5157,1009,CSP2,PCCARP,N,N,,Y,N,1,2026-04-01T12:00:00,2026-04-01T12:42:00,42,184.33,Completed
JT11000652,JT11000652-1,WO700561,AP9000652,5127,1007,CSP2,PCGROUND,Y,N,,N,N,1,2026-04-01T07:57:00,2026-04-01T09:17:00,80,181.75,No Access
JT11000653,JT11000653-1,WO700561,AP9000653,5127,1007,CSP2,PCGROUND,N,N,,Y,Y,2,2026-04-03T07:51:00,2026-04-03T08:55:00,64,181.75,Completed
JT11000654,JT11000654-1,WO700562,AP9000654,5122,1009,CSP2,PCCARP,Y,N,,N,N,1,2026-04-01T07:54:00,2026-04-01T09:39:00,105,92.97,No Access
JT11000655,JT11000655-1,WO700562,AP9000655,5122,1009,CSP2,PCCARP,N,N,,Y,Y,2,2026-04-03T08:09:00,2026-04-03T09:25:00,76,92.97,Completed
JT11000656,JT11000656-1,WO700563,AP9000656,5187,1008,CSP2,PCPLUMB,N,N,,Y,N,1,2026-04-01T07:54:00,2026-04-01T09:17:00,83,282.38,Completed
JT11000657,JT11000657-1,WO700564,AP9000657,5181,1007,CSP2,PCELEC,N,N,,Y,N,1,2026-04-01T08:17:00,2026-04-01T08:44:00,27,192.12,Completed
JT11000658,JT11000658-1,WO700565,AP9000658,5197,1009,CSP2,PCELEC,Y,N,,N,N,1,2026-04-01T08:00:00,2026-04-01T09:26:00,86,135.11,No Access
JT11000659,JT11000659-1,WO700565,AP9000659,5197,1009,CSP2,PCELEC,N,N,,Y,Y,2,2026-04-03T08:00:00,2026-04-03T08:41:00,41,135.11,Completed
JT11000660,JT11000660-1,WO700566,AP9000660,5191,1009,CSP2,PCELEC,N,Y,Tenant requesting extra work,N,N,1,2026-04-01T08:19:00,2026-04-01T08:59:00,40,105.17,Completed
JT11000661,JT11000661-1,WO700566,AP9000661,5191,1009,CSP2,PCELEC,N,N,,Y,Y,2,2026-04-03T07:56:00,2026-04-03T09:29:00,93,105.17,Completed
JT11000662,JT11000662-1,WO700567,AP9000662,5151,1008,CSP2,PCPLAST,N,N,,Y,N,1,2026-04-01T07:58:00,2026-04-01T09:06:00,68,202.58,Completed
JT11000663,JT11000663-1,WO700568,AP9000663,5145,1009,CSP2,PCELEC,N,N,,Y,N,1,2026-04-01T11:57:00,2026-04-01T13:27:00,90,245.09,Completed
JT11000664,JT11000664-1,WO700569,AP9000664,5192,1008,CSP2,PCCARP,N,N,,Y,N,1,2026-04-01T08:18:00,2026-04-01T09:42:00,84,173.30,Completed
JT11000665,JT11000665-1,WO700570,AP9000665,5180,1007,CSP2,PCTILE,N,N,,Y,N,1,2026-04-01T08:16:00,2026-04-01T08:42:00,26,167.94,Completed
JT11000666,JT11000666-1,WO700571,AP9000666,5156,1006,CSP2,PCVINYL,N,N,,Y,N,1,2026-04-01T07:56:00,2026-04-01T09:42:00,106,278.15,Completed
JT11000667,JT11000667-1,WO700572,AP9000667,5192,1008,CSP2,PCELEC,N,N,,Y,N,1,2026-04-01T07:58:00,2026-04-01T08:42:00,44,230.50,Completed
JT11000668,JT11000668-1,WO700573,AP9000668,5252,1012,CSP4,PCCARP,N,N,,Y,N,1,2026-04-01T08:04:00,2026-04-01T09:39:00,95,148.66,Completed
JT11000669,JT11000669-1,WO700575,AP9000669,5219,1014,CSP4,PCPLAST,N,N,,Y,N,1,2026-04-01T08:13:00,2026-04-01T09:12:00,59,188.83,Completed
JT11000670,JT11000670-1,WO700576,AP9000670,5241,1011,CSP4,PCBRICK,N,N,,Y,N,1,2026-04-01T08:07:00,2026-04-01T08:39:00,32,253.70,Completed
JT11000671,JT11000671-1,WO700577,AP9000671,5245,1013,CSP4,PCCARP,Y,N,,N,N,1,2026-04-01T08:12:00,2026-04-01T09:52:00,100,94.79,No Access
JT11000672,JT11000672-1,WO700577,AP9000672,5245,1013,CSP4,PCCARP,N,N,,Y,Y,2,2026-04-03T12:02:00,2026-04-03T12:57:00,55,94.79,Completed
JT11000673,JT11000673-1,WO700578,AP9000673,5248,1011,CSP4,PCGROUND,N,N,,Y,N,1,2026-04-01T08:18:00,2026-04-01T09:36:00,78,347.14,Completed
JT11000674,JT11000674-1,WO700579,AP9000674,5204,1014,CSP4,PCTILE,N,N,,Y,N,1,2026-04-01T12:18:00,2026-04-01T13:22:00,64,185.74,Completed
JT11000675,JT11000675-1,WO700580,AP9000675,5270,1014,CSP4,PCTILE,N,N,,Y,N,1,2026-04-01T11:56:00,2026-04-01T13:32:00,96,141.08,Completed
JT11000676,JT11000676-1,WO700582,AP9000676,5293,1011,CSP4,PCELEC,Y,N,,N,N,1,2026-04-01T07:57:00,2026-04-01T09:11:00,74,147.02,No Access
JT11000677,JT11000677-1,WO700582,AP9000677,5293,1011,CSP4,PCELEC,N,N,,Y,Y,2,2026-04-03T08:15:00,2026-04-03T09:36:00,81,147.02,Completed
JT11000678,JT11000678-1,WO700583,AP9000678,5259,1012,CSP4,PCVINYL,N,N,,Y,N,1,2026-04-01T08:09:00,2026-04-01T09:00:00,51,206.09,Completed
JT11000679,JT11000679-1,WO700584,AP9000679,5224,1014,CSP4,PCVINYL,N,Y,Follow on weather conditions,N,N,1,2026-04-01T12:00:00,2026-04-01T12:53:00,53,94.76,Completed
JT11000680,JT11000680-1,WO700584,AP9000680,5224,1014,CSP4,PCVINYL,N,N,,Y,Y,2,2026-04-03T07:56:00,2026-04-03T09:18:00,82,94.76,Completed
JT11000681,JT11000681-1,WO700585,AP9000681,5274,1012,CSP4,PCFENCE,N,N,,Y,N,1,2026-04-01T08:15:00,2026-04-01T09:31:00,76,256.29,Completed
JT11000682,JT11000682-1,WO700586,AP9000682,5289,1014,CSP4,PCCARP,N,N,,Y,N,1,2026-04-01T07:53:00,2026-04-01T09:21:00,88,182.86,Completed
JT11000683,JT11000683-1,WO700587,AP9000683,5212,1011,CSP4,PCTILE,N,N,,Y,N,1,2026-04-01T07:50:00,2026-04-01T09:08:00,78,179.23,Completed
JT11000684,JT11000684-1,WO700588,AP9000684,5240,1011,CSP4,PCPLUMB,N,N,,Y,N,1,2026-04-01T08:12:00,2026-04-01T09:45:00,93,250.07,Completed
JT11000685,JT11000685-1,WO700589,AP9000685,5294,1014,CSP4,PCFENCE,N,N,,Y,N,1,2026-04-01T12:01:00,2026-04-01T13:19:00,78,293.11,Completed
JT11000686,JT11000686-1,WO700590,AP9000686,5296,1012,CSP4,PCBRICK,Y,N,,N,N,1,2026-04-01T12:09:00,2026-04-01T13:22:00,73,132.53,No Access
JT11000687,JT11000687-1,WO700590,AP9000687,5296,1012,CSP4,PCBRICK,N,N,,Y,Y,2,2026-04-03T08:01:00,2026-04-03T09:16:00,75,132.53,Completed
JT11000688,JT11000688-1,WO700591,AP9000688,5285,1011,CSP4,PCBRICK,N,Y,Warning risk / Warning vulnerable,N,N,1,2026-04-01T07:58:00,2026-04-01T08:51:00,53,161.44,Completed
JT11000689,JT11000689-1,WO700591,AP9000689,5285,1011,CSP4,PCBRICK,N,N,,Y,Y,2,2026-04-03T11:56:00,2026-04-03T14:06:00,130,161.44,Completed
JT11000690,JT11000690-1,WO700592,AP9000690,5236,1012,CSP4,PCBRICK,N,N,,Y,N,1,2026-04-01T08:08:00,2026-04-01T09:43:00,95,322.50,Completed
JT11000691,JT11000691-1,WO700593,AP9000691,5276,1013,CSP4,PCPLAST,N,N,,Y,N,1,2026-04-01T11:55:00,2026-04-01T13:11:00,76,255.78,Completed
JT11000692,JT11000692-1,WO700594,AP9000692,5268,1012,CSP4,PCPLUMB,N,N,,Y,N,1,2026-04-01T07:54:00,2026-04-01T09:26:00,92,194.68,Completed
JT11000693,JT11000693-1,WO700595,AP9000693,5097,1004,CSP1,PCVINYL,N,N,,Y,N,1,2026-04-02T08:20:00,2026-04-02T10:07:00,107,196.31,Completed
JT11000694,JT11000694-1,WO700596,AP9000694,5045,1001,CSP1,PCPLUMB,N,N,,Y,N,1,2026-04-02T08:04:00,2026-04-02T09:13:00,69,255.63,Completed
JT11000695,JT11000695-1,WO700597,AP9000695,5061,1002,CSP1,PCGROUND,N,N,,Y,N,1,2026-04-02T08:15:00,2026-04-02T09:35:00,80,416.57,Completed
JT11000696,JT11000696-1,WO700598,AP9000696,5002,1004,CSP1,PCBRICK,N,N,,Y,N,1,2026-04-02T08:03:00,2026-04-02T09:24:00,81,384.86,Completed
JT11000697,JT11000697-1,WO700599,AP9000697,5013,1003,CSP1,PCGROUND,N,Y,Specialist equipment required,N,N,1,2026-04-02T08:18:00,2026-04-02T08:50:00,32,170.69,Completed
JT11000698,JT11000698-1,WO700599,AP9000698,5013,1003,CSP1,PCGROUND,N,N,,Y,Y,2,2026-04-06T08:16:00,2026-04-06T09:41:00,85,170.69,Completed
JT11000699,JT11000699-1,WO700600,AP9000699,5035,1004,CSP1,PCBRICK,N,Y,Planned referral required,N,N,1,2026-04-02T12:16:00,2026-04-02T13:01:00,45,191.34,Completed
JT11000700,JT11000700-1,WO700600,AP9000700,5035,1004,CSP1,PCBRICK,N,N,,Y,Y,2,2026-04-06T08:19:00,2026-04-06T09:51:00,92,191.34,Completed
JT11000701,JT11000701-1,WO700602,AP9000701,5009,1003,CSP1,PCPLUMB,Y,N,,N,N,1,2026-04-02T08:02:00,2026-04-02T08:57:00,55,125.06,No Access
JT11000702,JT11000702-1,WO700602,AP9000702,5009,1003,CSP1,PCPLUMB,N,N,,Y,Y,2,2026-04-06T08:17:00,2026-04-06T09:56:00,99,125.06,Completed
JT11000703,JT11000703-1,WO700603,AP9000703,5025,1002,CSP1,PCPLUMB,N,Y,Warning risk / Warning vulnerable,N,N,1,2026-04-02T08:05:00,2026-04-02T09:37:00,92,85.83,Completed
JT11000704,JT11000704-1,WO700603,AP9000704,5025,1002,CSP1,PCPLUMB,N,N,,Y,Y,2,2026-04-06T07:55:00,2026-04-06T09:33:00,98,85.83,Completed
JT11000705,JT11000705-1,WO700604,AP9000705,5082,1001,CSP1,PCCARP,N,N,,Y,N,1,2026-04-02T08:15:00,2026-04-02T09:20:00,65,214.50,Completed
JT11000706,JT11000706-1,WO700605,AP9000706,5073,1003,CSP1,PCPLAST,N,N,,Y,N,1,2026-04-02T07:58:00,2026-04-02T08:50:00,52,250.85,Completed
JT11000707,JT11000707-1,WO700606,AP9000707,5059,1002,CSP1,PCBRICK,N,Y,Inspection required,N,N,1,2026-04-02T08:05:00,2026-04-02T09:00:00,55,134.74,Completed
JT11000708,JT11000708-1,WO700606,AP9000708,5059,1002,CSP1,PCBRICK,N,N,,Y,Y,2,2026-04-06T08:15:00,2026-04-06T09:10:00,55,134.74,Completed
JT11000709,JT11000709-1,WO700607,AP9000709,5010,1002,CSP1,PCBRICK,N,N,,Y,N,1,2026-04-02T07:52:00,2026-04-02T09:19:00,87,318.87,Completed
JT11000710,JT11000710-1,WO700608,AP9000710,5023,1001,CSP1,PCELEC,N,N,,Y,N,1,2026-04-02T08:12:00,2026-04-02T09:25:00,73,241.25,Completed
JT11000711,JT11000711-1,WO700609,AP9000711,5019,1004,CSP1,PCGROUND,N,N,,Y,N,1,2026-04-02T08:09:00,2026-04-02T10:16:00,127,459.32,Completed
JT11000712,JT11000712-1,WO700610,AP9000712,5005,1001,CSP1,PCCARP,N,Y,Asbestos found,N,N,1,2026-04-02T12:17:00,2026-04-02T13:49:00,92,92.23,Completed
JT11000713,JT11000713-1,WO700610,AP9000713,5005,1001,CSP1,PCCARP,N,N,,Y,Y,2,2026-04-06T11:59:00,2026-04-06T12:58:00,59,92.23,Completed
JT11000714,JT11000714-1,WO700612,AP9000714,5091,1002,CSP1,PCELEC,N,Y,Tenant requesting extra work,N,N,1,2026-04-02T11:53:00,2026-04-02T12:26:00,33,129.53,Completed
JT11000715,JT11000715-1,WO700612,AP9000715,5091,1002,CSP1,PCELEC,N,N,,Y,Y,2,2026-04-06T08:09:00,2026-04-06T09:23:00,74,129.53,Completed
JT11000716,JT11000716-1,WO700614,AP9000716,5083,1001,CSP1,PCCARP,N,N,,Y,N,1,2026-04-02T11:53:00,2026-04-02T13:31:00,98,197.41,Completed
JT11000717,JT11000717-1,WO700615,AP9000717,5083,1002,CSP1,PCTILE,N,N,,Y,N,1,2026-04-02T12:20:00,2026-04-02T13:20:00,60,139.45,Completed
JT11000718,JT11000718-1,WO700616,AP9000718,5014,1004,CSP1,PCFENCE,N,N,,Y,N,1,2026-04-02T07:55:00,2026-04-02T09:22:00,87,252.44,Completed
JT11000719,JT11000719-1,WO700617,AP9000719,5193,1008,CSP2,PCTILE,N,N,,Y,N,1,2026-04-02T07:54:00,2026-04-02T09:20:00,86,133.43,Completed
JT11000720,JT11000720-1,WO700618,AP9000720,5158,1008,CSP2,PCPLUMB,N,N,,Y,N,1,2026-04-02T08:18:00,2026-04-02T09:43:00,85,256.67,Completed
JT11000721,JT11000721-1,WO700619,AP9000721,5167,1007,CSP2,PCELEC,N,N,,Y,N,1,2026-04-02T08:13:00,2026-04-02T09:24:00,71,309.59,Completed
JT11000722,JT11000722-1,WO700620,AP9000722,5105,1007,CSP2,PCPLAST,Y,N,,N,N,1,2026-04-02T11:59:00,2026-04-02T12:35:00,36,107.94,No Access
JT11000723,JT11000723-1,WO700620,AP9000723,5105,1007,CSP2,PCPLAST,N,N,,Y,Y,2,2026-04-06T12:04:00,2026-04-06T13:52:00,108,107.94,Completed
JT11000724,JT11000724-1,WO700621,AP9000724,5123,1009,CSP2,PCPLUMB,N,N,,Y,N,1,2026-04-02T08:09:00,2026-04-02T08:50:00,41,247.18,Completed
JT11000725,JT11000725-1,WO700622,AP9000725,5114,1008,CSP2,PCCARP,N,N,,Y,N,1,2026-04-02T07:58:00,2026-04-02T08:28:00,30,188.42,Completed
JT11000726,JT11000726-1,WO700623,AP9000726,5195,1008,CSP2,PCVINYL,N,N,,Y,N,1,2026-04-02T08:11:00,2026-04-02T09:35:00,84,210.08,Completed
JT11000727,JT11000727-1,WO700624,AP9000727,5128,1008,CSP2,PCPLUMB,N,N,,Y,N,1,2026-04-02T08:09:00,2026-04-02T09:26:00,77,311.91,Completed
JT11000728,JT11000728-1,WO700625,AP9000728,5148,1009,CSP2,PCGROUND,Y,N,,N,N,1,2026-04-02T11:58:00,2026-04-02T12:51:00,53,209.28,No Access
JT11000729,JT11000729-1,WO700625,AP9000729,5148,1009,CSP2,PCGROUND,N,N,,Y,Y,2,2026-04-06T08:12:00,2026-04-06T09:47:00,95,209.28,Completed
JT11000730,JT11000730-1,WO700626,AP9000730,5179,1007,CSP2,PCVINYL,N,N,,Y,N,1,2026-04-02T08:20:00,2026-04-02T09:20:00,60,222.32,Completed
JT11000731,JT11000731-1,WO700627,AP9000731,5191,1008,CSP2,PCBRICK,Y,N,,N,N,1,2026-04-02T11:57:00,2026-04-02T13:08:00,71,141.70,No Access
JT11000732,JT11000732-1,WO700627,AP9000732,5191,1008,CSP2,PCBRICK,N,N,,Y,Y,2,2026-04-06T12:05:00,2026-04-06T13:47:00,102,141.70,Completed
JT11000733,JT11000733-1,WO700628,AP9000733,5167,1007,CSP2,PCELEC,N,N,,Y,N,1,2026-04-02T08:19:00,2026-04-02T09:24:00,65,201.15,Completed
JT11000734,JT11000734-1,WO700629,AP9000734,5179,1009,CSP2,PCCARP,N,N,,Y,N,1,2026-04-02T12:07:00,2026-04-02T13:33:00,86,200.21,Completed
JT11000735,JT11000735-1,WO700630,AP9000735,5168,1007,CSP2,PCCARP,N,N,,Y,N,1,2026-04-02T08:10:00,2026-04-02T08:57:00,47,178.29,Completed
JT11000736,JT11000736-1,WO700631,AP9000736,5127,1008,CSP2,PCBRICK,N,N,,Y,N,1,2026-04-02T07:52:00,2026-04-02T09:36:00,104,180.85,Completed
JT11000737,JT11000737-1,WO700632,AP9000737,5123,1009,CSP2,PCPLAST,N,N,,Y,N,1,2026-04-02T07:51:00,2026-04-02T09:18:00,87,218.60,Completed
JT11000738,JT11000738-1,WO700633,AP9000738,5179,1009,CSP2,PCELEC,N,N,,Y,N,1,2026-04-02T08:03:00,2026-04-02T09:35:00,92,333.37,Completed
JT11000739,JT11000739-1,WO700634,AP9000739,5115,1007,CSP2,PCCARP,N,N,,Y,N,1,2026-04-02T08:03:00,2026-04-02T09:34:00,91,163.78,Completed
JT11000740,JT11000740-1,WO700635,AP9000740,5142,1007,CSP2,PCTILE,N,N,,Y,N,1,2026-04-02T08:03:00,2026-04-02T09:48:00,105,189.61,Completed
JT11000741,JT11000741-1,WO700636,AP9000741,5129,1008,CSP2,PCCARP,N,N,,Y,N,1,2026-04-02T07:58:00,2026-04-02T09:08:00,70,238.69,Completed
JT11000742,JT11000742-1,WO700637,AP9000742,5150,1008,CSP2,PCFENCE,N,N,,Y,N,1,2026-04-02T07:56:00,2026-04-02T09:06:00,70,311.01,Completed
JT11000743,JT11000743-1,WO700638,AP9000743,5105,1006,CSP2,PCPLUMB,N,N,,Y,N,1,2026-04-02T08:10:00,2026-04-02T08:37:00,27,246.81,Completed
JT11000744,JT11000744-1,WO700639,AP9000744,5238,1012,CSP4,PCPLAST,N,N,,Y,N,1,2026-04-02T08:17:00,2026-04-02T09:20:00,63,173.56,Completed
JT11000745,JT11000745-1,WO700640,AP9000745,5230,1011,CSP4,PCCARP,N,N,,Y,N,1,2026-04-02T08:17:00,2026-04-02T10:07:00,110,146.42,Completed
JT11000746,JT11000746-1,WO700641,AP9000746,5294,1011,CSP4,PCVINYL,N,N,,Y,N,1,2026-04-02T12:13:00,2026-04-02T14:17:00,124,231.28,Completed
JT11000747,JT11000747-1,WO700642,AP9000747,5220,1011,CSP4,PCPLUMB,N,N,,Y,N,1,2026-04-02T08:01:00,2026-04-02T08:26:00,25,189.10,Completed
JT11000748,JT11000748-1,WO700643,AP9000748,5251,1014,CSP4,PCELEC,N,N,,Y,N,1,2026-04-02T11:59:00,2026-04-02T13:01:00,62,270.22,Completed
JT11000749,JT11000749-1,WO700645,AP9000749,5286,1011,CSP4,PCBRICK,N,Y,Specialist equipment required,N,N,1,2026-04-02T07:53:00,2026-04-02T08:53:00,60,153.60,Completed
JT11000750,JT11000750-1,WO700645,AP9000750,5286,1011,CSP4,PCBRICK,N,N,,Y,Y,2,2026-04-06T08:02:00,2026-04-06T09:45:00,103,153.60,Completed
JT11000751,JT11000751-1,WO700647,AP9000751,5281,1013,CSP4,PCCARP,N,N,,Y,N,1,2026-04-02T08:16:00,2026-04-02T09:31:00,75,186.97,Completed
JT11000752,JT11000752-1,WO700648,AP9000752,5279,1012,CSP4,PCGROUND,Y,N,,N,N,1,2026-04-02T08:19:00,2026-04-02T09:33:00,74,242.07,No Access
JT11000753,JT11000753-1,WO700648,AP9000753,5279,1012,CSP4,PCGROUND,N,N,,Y,Y,2,2026-04-06T08:19:00,2026-04-06T09:58:00,99,242.07,Completed
JT11000754,JT11000754-1,WO700649,AP9000754,5208,1012,CSP4,PCGROUND,N,N,,Y,N,1,2026-04-02T12:06:00,2026-04-02T13:09:00,63,455.21,Completed
JT11000755,JT11000755-1,WO700650,AP9000755,5247,1014,CSP4,PCFENCE,N,N,,Y,N,1,2026-04-02T08:02:00,2026-04-02T09:06:00,64,247.64,Completed
JT11000756,JT11000756-1,WO700651,AP9000756,5243,1011,CSP4,PCTILE,N,N,,Y,N,1,2026-04-02T08:03:00,2026-04-02T10:07:00,124,127.51,Completed
JT11000757,JT11000757-1,WO700653,AP9000757,5245,1012,CSP4,PCELEC,N,N,,Y,N,1,2026-04-02T12:11:00,2026-04-02T13:40:00,89,270.75,Completed
JT11000758,JT11000758-1,WO700655,AP9000758,5259,1014,CSP4,PCCARP,N,N,,Y,N,1,2026-04-02T07:55:00,2026-04-02T09:41:00,106,176.64,Completed
JT11000759,JT11000759-1,WO700656,AP9000759,5215,1012,CSP4,PCPLAST,N,N,,Y,N,1,2026-04-02T07:59:00,2026-04-02T09:11:00,72,197.71,Completed
JT11000760,JT11000760-1,WO700657,AP9000760,5288,1013,CSP4,PCGROUND,N,N,,Y,N,1,2026-04-02T07:56:00,2026-04-02T09:03:00,67,446.68,Completed
JT11000761,JT11000761-1,WO700658,AP9000761,5209,1011,CSP4,PCPLUMB,Y,N,,N,N,1,2026-04-02T12:13:00,2026-04-02T12:58:00,45,102.45,No Access
JT11000762,JT11000762-1,WO700658,AP9000762,5209,1011,CSP4,PCPLUMB,N,N,,Y,Y,2,2026-04-06T08:14:00,2026-04-06T09:31:00,77,102.45,Completed
JT11000763,JT11000763-1,WO700659,AP9000763,5283,1011,CSP4,PCFENCE,Y,N,,N,N,1,2026-04-02T08:05:00,2026-04-02T09:37:00,92,117.08,No Access
JT11000764,JT11000764-1,WO700659,AP9000764,5283,1011,CSP4,PCFENCE,N,N,,Y,Y,2,2026-04-06T12:08:00,2026-04-06T13:02:00,54,117.08,Completed
JT11000765,JT11000765-1,WO700660,AP9000765,5217,1013,CSP4,PCBRICK,N,N,,Y,N,1,2026-04-02T08:12:00,2026-04-02T08:51:00,39,354.23,Completed
JT11000766,JT11000766-1,WO700661,AP9000766,5019,1002,CSP1,PCFENCE,N,N,,Y,N,1,2026-04-03T08:13:00,2026-04-03T09:21:00,68,243.52,Completed
JT11000767,JT11000767-1,WO700662,AP9000767,5023,1001,CSP1,PCPLAST,N,N,,Y,N,1,2026-04-03T08:18:00,2026-04-03T09:09:00,51,182.48,Completed
JT11000768,JT11000768-1,WO700663,AP9000768,5027,1002,CSP1,PCGROUND,N,N,,Y,N,1,2026-04-03T07:50:00,2026-04-03T09:15:00,85,474.51,Completed
JT11000769,JT11000769-1,WO700664,AP9000769,5069,1003,CSP1,PCBRICK,N,N,,Y,N,1,2026-04-03T08:13:00,2026-04-03T09:39:00,86,180.98,Completed
JT11000770,JT11000770-1,WO700665,AP9000770,5020,1002,CSP1,PCPLUMB,N,N,,Y,N,1,2026-04-03T07:50:00,2026-04-03T09:24:00,94,298.93,Completed
JT11000771,JT11000771-1,WO700666,AP9000771,5038,1001,CSP1,PCPLAST,N,N,,Y,N,1,2026-04-03T12:15:00,2026-04-03T13:38:00,83,214.91,Completed
JT11000772,JT11000772-1,WO700667,AP9000772,5006,1002,CSP1,PCPLAST,N,N,,Y,N,1,2026-04-03T08:12:00,2026-04-03T09:43:00,91,240.00,Completed
JT11000773,JT11000773-1,WO700668,AP9000773,5012,1003,CSP1,PCFENCE,N,N,,Y,N,1,2026-04-03T08:12:00,2026-04-03T09:40:00,88,265.47,Completed
JT11000774,JT11000774-1,WO700669,AP9000774,5026,1002,CSP1,PCPLUMB,Y,N,,N,N,1,2026-04-03T08:14:00,2026-04-03T09:51:00,97,111.86,No Access
JT11000775,JT11000775-1,WO700669,AP9000775,5026,1002,CSP1,PCPLUMB,N,N,,Y,Y,2,2026-04-06T08:14:00,2026-04-06T09:22:00,68,111.86,Completed
JT11000776,JT11000776-1,WO700670,AP9000776,5025,1004,CSP1,PCELEC,N,N,,Y,N,1,2026-04-03T08:16:00,2026-04-03T09:25:00,69,235.90,Completed
JT11000777,JT11000777-1,WO700671,AP9000777,5055,1004,CSP1,PCFENCE,N,N,,Y,N,1,2026-04-03T08:17:00,2026-04-03T09:38:00,81,391.64,Completed
JT11000778,JT11000778-1,WO700672,AP9000778,5012,1002,CSP1,PCTILE,N,Y,Re-directed work,N,N,1,2026-04-03T08:09:00,2026-04-03T10:11:00,122,68.78,Completed
JT11000779,JT11000779-1,WO700672,AP9000779,5012,1002,CSP1,PCTILE,N,N,,Y,Y,2,2026-04-06T08:15:00,2026-04-06T09:42:00,87,68.78,Completed
JT11000780,JT11000780-1,WO700673,AP9000780,5055,1004,CSP1,PCVINYL,Y,N,,N,N,1,2026-04-03T07:52:00,2026-04-03T08:55:00,63,123.21,No Access
JT11000781,JT11000781-1,WO700673,AP9000781,5055,1004,CSP1,PCVINYL,N,N,,Y,Y,2,2026-04-06T08:00:00,2026-04-06T08:40:00,40,123.21,Completed
JT11000782,JT11000782-1,WO700674,AP9000782,5068,1004,CSP1,PCFENCE,N,Y,Scaffolding required,N,N,1,2026-04-03T08:02:00,2026-04-03T08:38:00,36,153.65,Completed
JT11000783,JT11000783-1,WO700674,AP9000783,5068,1004,CSP1,PCFENCE,N,N,,Y,Y,2,2026-04-06T07:57:00,2026-04-06T08:52:00,55,153.65,Completed
JT11000784,JT11000784-1,WO700675,AP9000784,5054,1001,CSP1,PCPLAST,N,N,,Y,N,1,2026-04-03T07:56:00,2026-04-03T09:19:00,83,264.60,Completed
JT11000785,JT11000785-1,WO700676,AP9000785,5063,1002,CSP1,PCPLUMB,N,N,,Y,N,1,2026-04-03T08:18:00,2026-04-03T09:38:00,80,292.16,Completed
JT11000786,JT11000786-1,WO700677,AP9000786,5004,1002,CSP1,PCPLUMB,N,N,,Y,N,1,2026-04-03T12:18:00,2026-04-03T14:06:00,108,197.82,Completed
JT11000787,JT11000787-1,WO700678,AP9000787,5037,1001,CSP1,PCVINYL,N,N,,Y,N,1,2026-04-03T08:05:00,2026-04-03T08:53:00,48,239.95,Completed
JT11000788,JT11000788-1,WO700679,AP9000788,5009,1001,CSP1,PCFENCE,N,N,,Y,N,1,2026-04-03T12:20:00,2026-04-03T14:27:00,127,238.73,Completed
JT11000789,JT11000789-1,WO700680,AP9000789,5016,1004,CSP1,PCFENCE,N,Y,Warning risk / Warning vulnerable,N,N,1,2026-04-03T11:53:00,2026-04-03T13:48:00,115,147.47,Completed
JT11000790,JT11000790-1,WO700680,AP9000790,5016,1004,CSP1,PCFENCE,N,N,,Y,Y,2,2026-04-06T08:01:00,2026-04-06T09:27:00,86,147.47,Completed
JT11000791,JT11000791-1,WO700681,AP9000791,5089,1002,CSP1,PCPLAST,Y,N,,N,N,1,2026-04-03T08:10:00,2026-04-03T09:50:00,100,119.23,No Access
JT11000792,JT11000792-1,WO700681,AP9000792,5089,1002,CSP1,PCPLAST,N,N,,Y,Y,2,2026-04-06T08:17:00,2026-04-06T09:13:00,56,119.23,Completed
JT11000793,JT11000793-1,WO700682,AP9000793,5038,1003,CSP1,PCBRICK,N,N,,Y,N,1,2026-04-03T08:14:00,2026-04-03T09:40:00,86,396.01,Completed
JT11000794,JT11000794-1,WO700683,AP9000794,5177,1009,CSP2,PCPLAST,N,N,,Y,N,1,2026-04-03T08:04:00,2026-04-03T09:24:00,80,172.74,Completed
JT11000795,JT11000795-1,WO700684,AP9000795,5147,1006,CSP2,PCCARP,N,Y,Re-directed work,N,N,1,2026-04-03T12:08:00,2026-04-03T12:55:00,47,91.58,Completed
JT11000796,JT11000796-1,WO700684,AP9000796,5147,1006,CSP2,PCCARP,N,N,,Y,Y,2,2026-04-06T08:07:00,2026-04-06T09:07:00,60,91.58,Completed
JT11000797,JT11000797-1,WO700685,AP9000797,5163,1008,CSP2,PCVINYL,N,N,,Y,N,1,2026-04-03T08:05:00,2026-04-03T09:36:00,91,265.90,Completed
JT11000798,JT11000798-1,WO700686,AP9000798,5172,1007,CSP2,PCGROUND,N,Y,Re-directed work,N,N,1,2026-04-03T08:02:00,2026-04-03T09:50:00,108,186.86,Completed
JT11000799,JT11000799-1,WO700686,AP9000799,5172,1007,CSP2,PCGROUND,N,N,,Y,Y,2,2026-04-06T12:12:00,2026-04-06T13:51:00,99,186.86,Completed
JT11000800,JT11000800-1,WO700687,AP9000800,5110,1007,CSP2,PCCARP,N,N,,Y,N,1,2026-04-03T08:17:00,2026-04-03T09:24:00,67,220.50,Completed
JT11000801,JT11000801-1,WO700688,AP9000801,5157,1006,CSP2,PCGROUND,N,N,,Y,N,1,2026-04-03T08:00:00,2026-04-03T08:54:00,54,434.35,Completed
JT11000802,JT11000802-1,WO700689,AP9000802,5189,1007,CSP2,PCPLAST,N,N,,Y,N,1,2026-04-03T12:00:00,2026-04-03T13:21:00,81,210.63,Completed
JT11000803,JT11000803-1,WO700690,AP9000803,5115,1008,CSP2,PCCARP,N,N,,Y,N,1,2026-04-03T08:03:00,2026-04-03T09:15:00,72,184.09,Completed
JT11000804,JT11000804-1,WO700691,AP9000804,5166,1008,CSP2,PCPLUMB,N,N,,Y,N,1,2026-04-03T08:08:00,2026-04-03T09:20:00,72,265.92,Completed
JT11000805,JT11000805-1,WO700692,AP9000805,5116,1006,CSP2,PCTILE,Y,N,,N,N,1,2026-04-03T11:58:00,2026-04-03T13:03:00,65,85.05,No Access
JT11000806,JT11000806-1,WO700692,AP9000806,5116,1006,CSP2,PCTILE,N,N,,Y,Y,2,2026-04-06T08:03:00,2026-04-06T09:08:00,65,85.05,Completed
JT11000807,JT11000807-1,WO700693,AP9000807,5136,1008,CSP2,PCFENCE,N,N,,Y,N,1,2026-04-03T08:14:00,2026-04-03T08:56:00,42,345.41,Completed
JT11000808,JT11000808-1,WO700695,AP9000808,5193,1006,CSP2,PCCARP,N,N,,Y,N,1,2026-04-03T08:15:00,2026-04-03T09:43:00,88,212.16,Completed
JT11000809,JT11000809-1,WO700696,AP9000809,5114,1008,CSP2,PCPLAST,N,N,,Y,N,1,2026-04-03T08:11:00,2026-04-03T08:54:00,43,225.22,Completed
JT11000810,JT11000810-1,WO700697,AP9000810,5141,1008,CSP2,PCCARP,N,N,,Y,N,1,2026-04-03T11:58:00,2026-04-03T13:13:00,75,129.54,Completed
JT11000811,JT11000811-1,WO700698,AP9000811,5106,1007,CSP2,PCCARP,N,N,,Y,N,1,2026-04-03T08:15:00,2026-04-03T09:08:00,53,194.13,Completed
JT11000812,JT11000812-1,WO700699,AP9000812,5157,1007,CSP2,PCTILE,N,N,,Y,N,1,2026-04-03T12:16:00,2026-04-03T13:30:00,74,170.14,Completed
JT11000813,JT11000813-1,WO700700,AP9000813,5161,1008,CSP2,PCFENCE,N,N,,Y,N,1,2026-04-03T08:02:00,2026-04-03T09:13:00,71,235.31,Completed
JT11000814,JT11000814-1,WO700701,AP9000814,5187,1009,CSP2,PCCARP,N,N,,Y,N,1,2026-04-03T12:14:00,2026-04-03T12:58:00,44,171.91,Completed
JT11000815,JT11000815-1,WO700702,AP9000815,5122,1006,CSP2,PCCARP,N,N,,Y,N,1,2026-04-03T11:59:00,2026-04-03T12:56:00,57,124.34,Completed
JT11000816,JT11000816-1,WO700703,AP9000816,5155,1009,CSP2,PCELEC,N,N,,Y,N,1,2026-04-03T08:00:00,2026-04-03T09:55:00,115,216.35,Completed
JT11000817,JT11000817-1,WO700704,AP9000817,5152,1006,CSP2,PCFENCE,N,Y,Re-directed work,N,N,1,2026-04-03T07:55:00,2026-04-03T09:27:00,92,137.64,Completed
JT11000818,JT11000818-1,WO700704,AP9000818,5152,1006,CSP2,PCFENCE,N,N,,Y,Y,2,2026-04-06T12:02:00,2026-04-06T13:38:00,96,137.64,Completed
JT11000819,JT11000819-1,WO700705,AP9000819,5259,1011,CSP4,PCCARP,N,N,,Y,N,1,2026-04-03T08:16:00,2026-04-03T09:11:00,55,167.42,Completed
JT11000820,JT11000820-1,WO700706,AP9000820,5207,1013,CSP4,PCCARP,Y,N,,N,N,1,2026-04-03T07:53:00,2026-04-03T09:02:00,69,106.42,No Access
JT11000821,JT11000821-1,WO700706,AP9000821,5207,1013,CSP4,PCCARP,N,N,,Y,Y,2,2026-04-06T07:50:00,2026-04-06T08:35:00,45,106.42,Completed
JT11000822,JT11000822-1,WO700707,AP9000822,5280,1011,CSP4,PCCARP,N,N,,Y,N,1,2026-04-03T12:05:00,2026-04-03T13:09:00,64,122.87,Completed
JT11000823,JT11000823-1,WO700709,AP9000823,5298,1012,CSP4,PCPLUMB,N,N,,Y,N,1,2026-04-03T08:09:00,2026-04-03T09:22:00,73,265.07,Completed
JT11000824,JT11000824-1,WO700710,AP9000824,5259,1011,CSP4,PCPLUMB,Y,N,,N,N,1,2026-04-03T08:01:00,2026-04-03T08:56:00,55,111.43,No Access
JT11000825,JT11000825-1,WO700710,AP9000825,5259,1011,CSP4,PCPLUMB,N,N,,Y,Y,2,2026-04-06T12:17:00,2026-04-06T13:33:00,76,111.43,Completed
JT11000826,JT11000826-1,WO700711,AP9000826,5240,1013,CSP4,PCVINYL,N,Y,Asbestos found,N,N,1,2026-04-03T07:51:00,2026-04-03T09:20:00,89,111.49,Completed
JT11000827,JT11000827-1,WO700711,AP9000827,5240,1013,CSP4,PCVINYL,N,N,,Y,Y,2,2026-04-06T07:51:00,2026-04-06T08:48:00,57,111.49,Completed
JT11000828,JT11000828-1,WO700712,AP9000828,5261,1014,CSP4,PCELEC,N,N,,Y,N,1,2026-04-03T08:08:00,2026-04-03T08:46:00,38,294.49,Completed
JT11000829,JT11000829-1,WO700713,AP9000829,5279,1013,CSP4,PCFENCE,N,Y,Asbestos found,N,N,1,2026-04-03T07:56:00,2026-04-03T10:02:00,126,141.34,Completed
JT11000830,JT11000830-1,WO700713,AP9000830,5279,1013,CSP4,PCFENCE,N,N,,Y,Y,2,2026-04-06T11:59:00,2026-04-06T12:41:00,42,141.34,Completed
JT11000831,JT11000831-1,WO700714,AP9000831,5245,1013,CSP4,PCPLUMB,N,N,,Y,N,1,2026-04-03T07:56:00,2026-04-03T09:42:00,106,262.83,Completed
JT11000832,JT11000832-1,WO700715,AP9000832,5245,1013,CSP4,PCPLUMB,N,N,,Y,N,1,2026-04-03T12:04:00,2026-04-03T12:24:00,20,256.83,Completed
JT11000833,JT11000833-1,WO700716,AP9000833,5240,1014,CSP4,PCCARP,N,N,,Y,N,1,2026-04-03T08:19:00,2026-04-03T09:46:00,87,191.04,Completed
JT11000834,JT11000834-1,WO700717,AP9000834,5266,1014,CSP4,PCVINYL,N,N,,Y,N,1,2026-04-03T08:15:00,2026-04-03T09:31:00,76,224.81,Completed
JT11000835,JT11000835-1,WO700718,AP9000835,5242,1011,CSP4,PCCARP,N,N,,Y,N,1,2026-04-03T08:14:00,2026-04-03T09:35:00,81,216.52,Completed
JT11000836,JT11000836-1,WO700719,AP9000836,5286,1011,CSP4,PCFENCE,N,N,,Y,N,1,2026-04-03T07:58:00,2026-04-03T09:36:00,98,348.34,Completed
JT11000837,JT11000837-1,WO700720,AP9000837,5210,1013,CSP4,PCGROUND,N,Y,Tenant requesting extra work,N,N,1,2026-04-03T11:54:00,2026-04-03T13:02:00,68,204.12,Completed
JT11000838,JT11000838-1,WO700720,AP9000838,5210,1013,CSP4,PCGROUND,N,N,,Y,Y,2,2026-04-06T11:58:00,2026-04-06T13:08:00,70,204.12,Completed
JT11000839,JT11000839-1,WO700721,AP9000839,5296,1014,CSP4,PCCARP,N,N,,Y,N,1,2026-04-03T08:18:00,2026-04-03T10:14:00,116,190.34,Completed
JT11000840,JT11000840-1,WO700722,AP9000840,5261,1013,CSP4,PCVINYL,N,N,,Y,N,1,2026-04-03T08:02:00,2026-04-03T08:57:00,55,178.01,Completed
JT11000841,JT11000841-1,WO700723,AP9000841,5285,1012,CSP4,PCGROUND,N,N,,Y,N,1,2026-04-03T08:00:00,2026-04-03T09:44:00,104,352.67,Completed
JT11000842,JT11000842-1,WO700724,AP9000842,5224,1014,CSP4,PCPLUMB,N,N,,Y,N,1,2026-04-03T08:00:00,2026-04-03T08:56:00,56,226.12,Completed
JT11000843,JT11000843-1,WO700725,AP9000843,5296,1012,CSP4,PCELEC,N,Y,Follow on weather conditions,N,N,1,2026-04-03T08:20:00,2026-04-03T09:37:00,77,89.28,Completed
JT11000844,JT11000844-1,WO700725,AP9000844,5296,1012,CSP4,PCELEC,N,N,,Y,Y,2,2026-04-06T07:56:00,2026-04-06T09:13:00,77,89.28,Completed
JT11000845,JT11000845-1,WO700726,AP9000845,5294,1013,CSP4,PCPLUMB,N,Y,Asbestos found,N,N,1,2026-04-03T12:15:00,2026-04-03T13:28:00,73,155.72,Completed
JT11000846,JT11000846-1,WO700726,AP9000846,5294,1013,CSP4,PCPLUMB,N,N,,Y,Y,2,2026-04-06T11:59:00,2026-04-06T13:35:00,96,155.72,Completed
JT11000847,JT11000847-1,WO700727,AP9000847,5056,1003,CSP1,PCVINYL,N,N,,Y,N,1,2026-04-06T12:09:00,2026-04-06T13:28:00,79,162.89,Completed
JT11000848,JT11000848-1,WO700729,AP9000848,5040,1002,CSP1,PCELEC,N,N,,Y,N,1,2026-04-06T07:57:00,2026-04-06T09:38:00,101,249.75,Completed
JT11000849,JT11000849-1,WO700732,AP9000849,5053,1004,CSP1,PCFENCE,N,N,,Y,N,1,2026-04-06T07:54:00,2026-04-06T08:59:00,65,251.72,Completed
JT11000850,JT11000850-1,WO700733,AP9000850,5015,1002,CSP1,PCGROUND,N,N,,Y,N,1,2026-04-06T08:16:00,2026-04-06T10:10:00,114,356.85,Completed
JT11000851,JT11000851-1,WO700734,AP9000851,5012,1001,CSP1,PCTILE,Y,N,,N,N,1,2026-04-06T08:13:00,2026-04-06T09:28:00,75,96.76,No Access
JT11000852,JT11000852-1,WO700734,AP9000852,5012,1001,CSP1,PCTILE,N,N,,Y,Y,2,2026-04-08T08:20:00,2026-04-08T09:48:00,88,96.76,Completed
JT11000853,JT11000853-1,WO700735,AP9000853,5096,1001,CSP1,PCTILE,N,N,,Y,N,1,2026-04-06T08:14:00,2026-04-06T08:34:00,20,227.96,Completed
JT11000854,JT11000854-1,WO700736,AP9000854,5033,1004,CSP1,PCPLUMB,N,N,,Y,N,1,2026-04-06T11:55:00,2026-04-06T13:19:00,84,281.46,Completed
JT11000855,JT11000855-1,WO700737,AP9000855,5036,1003,CSP1,PCPLAST,N,N,,Y,N,1,2026-04-06T08:10:00,2026-04-06T09:06:00,56,212.40,Completed
JT11000856,JT11000856-1,WO700738,AP9000856,5095,1003,CSP1,PCPLUMB,N,N,,Y,N,1,2026-04-06T08:11:00,2026-04-06T09:20:00,69,282.57,Completed
JT11000857,JT11000857-1,WO700739,AP9000857,5090,1003,CSP1,PCFENCE,N,N,,Y,N,1,2026-04-06T07:55:00,2026-04-06T08:51:00,56,206.16,Completed
JT11000858,JT11000858-1,WO700740,AP9000858,5051,1003,CSP1,PCBRICK,N,N,,Y,N,1,2026-04-06T08:12:00,2026-04-06T09:16:00,64,429.07,Completed
JT11000859,JT11000859-1,WO700741,AP9000859,5057,1001,CSP1,PCFENCE,Y,N,,N,N,1,2026-04-06T11:53:00,2026-04-06T13:30:00,97,120.44,No Access
JT11000860,JT11000860-1,WO700741,AP9000860,5057,1001,CSP1,PCFENCE,N,N,,Y,Y,2,2026-04-08T12:09:00,2026-04-08T13:20:00,71,120.44,Completed
JT11000861,JT11000861-1,WO700742,AP9000861,5100,1001,CSP1,PCELEC,N,N,,Y,N,1,2026-04-06T08:00:00,2026-04-06T09:41:00,101,166.24,Completed
JT11000862,JT11000862-1,WO700743,AP9000862,5021,1003,CSP1,PCBRICK,N,N,,Y,N,1,2026-04-06T12:09:00,2026-04-06T13:08:00,59,248.06,Completed
JT11000863,JT11000863-1,WO700744,AP9000863,5089,1004,CSP1,PCPLUMB,N,N,,Y,N,1,2026-04-06T11:59:00,2026-04-06T13:11:00,72,184.23,Completed
JT11000864,JT11000864-1,WO700745,AP9000864,5052,1002,CSP1,PCTILE,N,N,,Y,N,1,2026-04-06T12:14:00,2026-04-06T13:46:00,92,174.00,Completed
JT11000865,JT11000865-1,WO700746,AP9000865,5099,1004,CSP1,PCPLAST,N,N,,Y,N,1,2026-04-06T08:13:00,2026-04-06T09:26:00,73,221.97,Completed
JT11000866,JT11000866-1,WO700747,AP9000866,5023,1004,CSP1,PCFENCE,N,N,,Y,N,1,2026-04-06T08:01:00,2026-04-06T08:35:00,34,317.26,Completed
JT11000867,JT11000867-1,WO700748,AP9000867,5074,1004,CSP1,PCTILE,N,N,,Y,N,1,2026-04-06T07:58:00,2026-04-06T08:59:00,61,127.73,Completed
JT11000868,JT11000868-1,WO700749,AP9000868,5160,1008,CSP2,PCTILE,N,N,,Y,N,1,2026-04-06T08:05:00,2026-04-06T10:12:00,127,177.76,Completed
JT11000869,JT11000869-1,WO700750,AP9000869,5112,1006,CSP2,PCFENCE,N,N,,Y,N,1,2026-04-06T07:56:00,2026-04-06T09:23:00,87,227.18,Completed
JT11000870,JT11000870-1,WO700751,AP9000870,5159,1006,CSP2,PCELEC,N,N,,Y,N,1,2026-04-06T07:56:00,2026-04-06T09:23:00,87,231.49,Completed
JT11000871,JT11000871-1,WO700752,AP9000871,5196,1007,CSP2,PCELEC,N,N,,Y,N,1,2026-04-06T12:19:00,2026-04-06T14:01:00,102,170.03,Completed
JT11000872,JT11000872-1,WO700753,AP9000872,5187,1007,CSP2,PCTILE,N,N,,Y,N,1,2026-04-06T07:52:00,2026-04-06T09:13:00,81,174.15,Completed
JT11000873,JT11000873-1,WO700754,AP9000873,5158,1007,CSP2,PCTILE,N,N,,Y,N,1,2026-04-06T12:07:00,2026-04-06T13:18:00,71,176.62,Completed
JT11000874,JT11000874-1,WO700755,AP9000874,5189,1009,CSP2,PCVINYL,Y,N,,N,N,1,2026-04-06T08:00:00,2026-04-06T09:15:00,75,94.83,No Access
JT11000875,JT11000875-1,WO700755,AP9000875,5189,1009,CSP2,PCVINYL,N,N,,Y,Y,2,2026-04-08T07:52:00,2026-04-08T09:02:00,70,94.83,Completed
JT11000876,JT11000876-1,WO700756,AP9000876,5108,1009,CSP2,PCPLUMB,N,N,,Y,N,1,2026-04-06T12:16:00,2026-04-06T13:42:00,86,237.90,Completed
JT11000877,JT11000877-1,WO700757,AP9000877,5177,1008,CSP2,PCPLUMB,N,N,,Y,N,1,2026-04-06T07:57:00,2026-04-06T08:27:00,30,280.95,Completed
JT11000878,JT11000878-1,WO700758,AP9000878,5172,1006,CSP2,PCPLUMB,N,N,,Y,N,1,2026-04-06T08:08:00,2026-04-06T09:27:00,79,241.77,Completed
JT11000879,JT11000879-1,WO700759,AP9000879,5112,1008,CSP2,PCFENCE,Y,N,,N,N,1,2026-04-06T12:11:00,2026-04-06T13:05:00,54,145.07,No Access
JT11000880,JT11000880-1,WO700759,AP9000880,5112,1008,CSP2,PCFENCE,N,N,,Y,Y,2,2026-04-08T12:05:00,2026-04-08T13:22:00,77,145.07,Completed
JT11000881,JT11000881-1,WO700760,AP9000881,5136,1009,CSP2,PCFENCE,N,N,,Y,N,1,2026-04-06T12:13:00,2026-04-06T13:17:00,64,224.40,Completed
JT11000882,JT11000882-1,WO700761,AP9000882,5141,1006,CSP2,PCVINYL,Y,N,,N,N,1,2026-04-06T11:57:00,2026-04-06T13:22:00,85,98.70,No Access
JT11000883,JT11000883-1,WO700761,AP9000883,5141,1006,CSP2,PCVINYL,N,N,,Y,Y,2,2026-04-08T08:16:00,2026-04-08T09:04:00,48,98.70,Completed
JT11000884,JT11000884-1,WO700762,AP9000884,5185,1009,CSP2,PCELEC,N,N,,Y,N,1,2026-04-06T08:15:00,2026-04-06T09:50:00,95,308.17,Completed
JT11000885,JT11000885-1,WO700763,AP9000885,5160,1008,CSP2,PCVINYL,N,N,,Y,N,1,2026-04-06T08:09:00,2026-04-06T08:55:00,46,229.43,Completed
JT11000886,JT11000886-1,WO700764,AP9000886,5163,1006,CSP2,PCELEC,N,N,,Y,N,1,2026-04-06T07:51:00,2026-04-06T08:48:00,57,274.54,Completed
JT11000887,JT11000887-1,WO700765,AP9000887,5124,1008,CSP2,PCPLAST,N,N,,Y,N,1,2026-04-06T11:57:00,2026-04-06T12:44:00,47,169.75,Completed
JT11000888,JT11000888-1,WO700766,AP9000888,5101,1008,CSP2,PCGROUND,N,N,,Y,N,1,2026-04-06T07:53:00,2026-04-06T08:53:00,60,496.63,Completed
JT11000889,JT11000889-1,WO700767,AP9000889,5143,1009,CSP2,PCPLUMB,N,N,,Y,N,1,2026-04-06T08:06:00,2026-04-06T09:15:00,69,275.61,Completed
JT11000890,JT11000890-1,WO700768,AP9000890,5142,1009,CSP2,PCPLAST,N,N,,Y,N,1,2026-04-06T12:13:00,2026-04-06T13:47:00,94,206.39,Completed
JT11000891,JT11000891-1,WO700769,AP9000891,5185,1008,CSP2,PCPLUMB,N,Y,Warning risk / Warning vulnerable,N,N,1,2026-04-06T08:14:00,2026-04-06T09:08:00,54,114.19,Completed
JT11000892,JT11000892-1,WO700769,AP9000892,5185,1008,CSP2,PCPLUMB,N,N,,Y,Y,2,2026-04-08T12:04:00,2026-04-08T13:00:00,56,114.19,Completed
JT11000893,JT11000893-1,WO700770,AP9000893,5194,1008,CSP2,PCPLAST,N,N,,Y,N,1,2026-04-06T12:00:00,2026-04-06T12:53:00,53,263.03,Completed
JT11000894,JT11000894-1,WO700771,AP9000894,5271,1012,CSP4,PCVINYL,N,N,,Y,N,1,2026-04-06T08:13:00,2026-04-06T09:03:00,50,202.72,Completed
JT11000895,JT11000895-1,WO700772,AP9000895,5227,1011,CSP4,PCPLAST,N,N,,Y,N,1,2026-04-06T07:54:00,2026-04-06T09:46:00,112,147.55,Completed
JT11000896,JT11000896-1,WO700773,AP9000896,5263,1011,CSP4,PCVINYL,N,N,,Y,N,1,2026-04-06T07:59:00,2026-04-06T09:31:00,92,197.38,Completed
JT11000897,JT11000897-1,WO700774,AP9000897,5248,1012,CSP4,PCGROUND,N,N,,Y,N,1,2026-04-06T08:09:00,2026-04-06T09:46:00,97,424.01,Completed
JT11000898,JT11000898-1,WO700775,AP9000898,5297,1011,CSP4,PCVINYL,N,N,,Y,N,1,2026-04-06T12:14:00,2026-04-06T13:13:00,59,207.20,Completed
JT11000899,JT11000899-1,WO700776,AP9000899,5260,1013,CSP4,PCTILE,N,N,,Y,N,1,2026-04-06T12:19:00,2026-04-06T13:28:00,69,152.91,Completed
JT11000900,JT11000900-1,WO700777,AP9000900,5260,1012,CSP4,PCVINYL,N,N,,Y,N,1,2026-04-06T12:05:00,2026-04-06T13:30:00,85,236.65,Completed
JT11000901,JT11000901-1,WO700778,AP9000901,5232,1012,CSP4,PCGROUND,N,N,,Y,N,1,2026-04-06T08:02:00,2026-04-06T09:28:00,86,420.37,Completed
JT11000902,JT11000902-1,WO700779,AP9000902,5255,1012,CSP4,PCVINYL,N,N,,Y,N,1,2026-04-06T07:50:00,2026-04-06T09:03:00,73,185.74,Completed
JT11000903,JT11000903-1,WO700780,AP9000903,5299,1013,CSP4,PCGROUND,N,N,,Y,N,1,2026-04-06T12:17:00,2026-04-06T12:49:00,32,452.30,Completed
JT11000904,JT11000904-1,WO700781,AP9000904,5211,1014,CSP4,PCVINYL,N,N,,Y,N,1,2026-04-06T07:52:00,2026-04-06T08:57:00,65,154.24,Completed
JT11000905,JT11000905-1,WO700782,AP9000905,5234,1013,CSP4,PCFENCE,N,N,,Y,N,1,2026-04-06T07:50:00,2026-04-06T09:09:00,79,299.74,Completed
JT11000906,JT11000906-1,WO700783,AP9000906,5234,1012,CSP4,PCCARP,Y,N,,N,N,1,2026-04-06T08:04:00,2026-04-06T09:15:00,71,96.66,No Access
JT11000907,JT11000907-1,WO700783,AP9000907,5234,1012,CSP4,PCCARP,N,N,,Y,Y,2,2026-04-08T12:08:00,2026-04-08T13:43:00,95,96.66,Completed
JT11000908,JT11000908-1,WO700784,AP9000908,5289,1014,CSP4,PCVINYL,N,N,,Y,N,1,2026-04-06T12:08:00,2026-04-06T13:29:00,81,186.75,Completed
JT11000909,JT11000909-1,WO700785,AP9000909,5279,1013,CSP4,PCFENCE,N,N,,Y,N,1,2026-04-06T08:10:00,2026-04-06T09:35:00,85,306.23,Completed
JT11000910,JT11000910-1,WO700786,AP9000910,5202,1011,CSP4,PCTILE,N,N,,Y,N,1,2026-04-06T08:04:00,2026-04-06T08:59:00,55,144.72,Completed
JT11000911,JT11000911-1,WO700787,AP9000911,5284,1011,CSP4,PCTILE,N,Y,Inspection required,N,N,1,2026-04-06T08:00:00,2026-04-06T09:32:00,92,91.36,Completed
JT11000912,JT11000912-1,WO700787,AP9000912,5284,1011,CSP4,PCTILE,N,N,,Y,Y,2,2026-04-08T08:13:00,2026-04-08T09:45:00,92,91.36,Completed
JT11000913,JT11000913-1,WO700788,AP9000913,5261,1012,CSP4,PCVINYL,N,N,,Y,N,1,2026-04-06T07:52:00,2026-04-06T10:09:00,137,177.12,Completed
JT11000914,JT11000914-1,WO700789,AP9000914,5203,1014,CSP4,PCELEC,N,N,,Y,N,1,2026-04-06T11:54:00,2026-04-06T13:13:00,79,219.03,Completed
JT11000915,JT11000915-1,WO700790,AP9000915,5214,1013,CSP4,PCVINYL,N,N,,Y,N,1,2026-04-06T11:53:00,2026-04-06T13:09:00,76,191.48,Completed
JT11000916,JT11000916-1,WO700791,AP9000916,5263,1013,CSP4,PCVINYL,N,N,,Y,N,1,2026-04-06T08:15:00,2026-04-06T09:56:00,101,186.01,Completed
JT11000917,JT11000917-1,WO700792,AP9000917,5230,1011,CSP4,PCPLUMB,N,N,,Y,N,1,2026-04-06T07:59:00,2026-04-06T08:49:00,50,228.80,Completed
JT11000918,JT11000918-1,WO700793,AP9000918,5061,1004,CSP1,PCCARP,N,N,,Y,N,1,2026-04-07T08:02:00,2026-04-07T10:02:00,120,191.07,Completed
JT11000919,JT11000919-1,WO700794,AP9000919,5093,1003,CSP1,PCTILE,N,N,,Y,N,1,2026-04-07T08:15:00,2026-04-07T09:36:00,81,221.93,Completed
JT11000920,JT11000920-1,WO700795,AP9000920,5078,1004,CSP1,PCELEC,N,N,,Y,N,1,2026-04-07T08:19:00,2026-04-07T09:05:00,46,237.87,Completed
JT11000921,JT11000921-1,WO700796,AP9000921,5095,1002,CSP1,PCFENCE,N,N,,Y,N,1,2026-04-07T08:01:00,2026-04-07T08:42:00,41,251.54,Completed
JT11000922,JT11000922-1,WO700797,AP9000922,5086,1002,CSP1,PCELEC,N,N,,Y,N,1,2026-04-07T11:57:00,2026-04-07T13:09:00,72,264.08,Completed
JT11000923,JT11000923-1,WO700798,AP9000923,5064,1001,CSP1,PCBRICK,Y,N,,N,N,1,2026-04-07T07:50:00,2026-04-07T08:43:00,53,177.36,No Access
JT11000924,JT11000924-1,WO700798,AP9000924,5064,1001,CSP1,PCPLUMB,N,Y,Materials unavailable,N,Y,2,2026-04-09T11:52:00,2026-04-09T12:44:00,52,177.36,Follow-On
JT11000925,JT11000925-1,WO700799,AP9000925,5023,1003,CSP1,PCGROUND,N,N,,Y,N,1,2026-04-07T12:11:00,2026-04-07T13:26:00,75,444.74,Completed
JT11000926,JT11000926-1,WO700800,AP9000926,5063,1004,CSP1,PCBRICK,Y,N,,N,N,1,2026-04-07T08:08:00,2026-04-07T09:59:00,111,123.54,No Access
JT11000927,JT11000927-1,WO700800,AP9000927,5063,1004,CSP1,PCPLUMB,N,Y,Materials unavailable,N,Y,2,2026-04-09T12:08:00,2026-04-09T13:32:00,84,123.54,Follow-On
JT11000928,JT11000928-1,WO700801,AP9000928,5089,1001,CSP1,PCGROUND,Y,N,,N,N,1,2026-04-07T11:59:00,2026-04-07T13:35:00,96,187.38,No Access
JT11000929,JT11000929-1,WO700801,AP9000929,5089,1001,CSP1,PCPLUMB,N,Y,Materials unavailable,N,Y,2,2026-04-09T08:02:00,2026-04-09T09:50:00,108,187.38,Follow-On
JT11000930,JT11000930-1,WO700802,AP9000930,5097,1002,CSP1,PCCARP,N,N,,Y,N,1,2026-04-07T12:05:00,2026-04-07T13:10:00,65,102.97,Completed
JT11000931,JT11000931-1,WO700803,AP9000931,5006,1001,CSP1,PCGROUND,N,N,,Y,N,1,2026-04-07T08:07:00,2026-04-07T08:27:00,20,387.11,Completed
JT11000932,JT11000932-1,WO700804,AP9000932,5057,1004,CSP1,PCGROUND,N,N,,Y,N,1,2026-04-07T08:00:00,2026-04-07T08:27:00,27,356.83,Completed
JT11000933,JT11000933-1,WO700805,AP9000933,5026,1003,CSP1,PCELEC,N,Y,Follow on planned inspection/measure,N,N,1,2026-04-07T08:06:00,2026-04-07T09:07:00,61,172.57,Completed
JT11000934,JT11000934-1,WO700805,AP9000934,5026,1003,CSP1,PCPLUMB,N,Y,Materials unavailable,N,Y,2,2026-04-09T08:16:00,2026-04-09T09:44:00,88,172.57,Follow-On
JT11000935,JT11000935-1,WO700806,AP9000935,5065,1004,CSP1,PCPLAST,N,N,,Y,N,1,2026-04-07T07:51:00,2026-04-07T09:33:00,102,240.89,Completed
JT11000936,JT11000936-1,WO700807,AP9000936,5097,1003,CSP1,PCGROUND,N,N,,Y,N,1,2026-04-07T08:18:00,2026-04-07T09:11:00,53,449.20,Completed
JT11000937,JT11000937-1,WO700809,AP9000937,5044,1003,CSP1,PCFENCE,N,N,,Y,N,1,2026-04-07T12:16:00,2026-04-07T13:24:00,68,312.04,Completed
JT11000938,JT11000938-1,WO700810,AP9000938,5083,1001,CSP1,PCPLAST,N,Y,Specialist equipment required,N,N,1,2026-04-07T08:11:00,2026-04-07T10:33:00,142,95.97,Completed
JT11000939,JT11000939-1,WO700810,AP9000939,5083,1001,CSP1,PCPLAST,N,N,,Y,Y,2,2026-04-09T07:50:00,2026-04-09T09:51:00,121,95.97,Completed
JT11000940,JT11000940-1,WO700811,AP9000940,5038,1002,CSP1,PCVINYL,N,N,,Y,N,1,2026-04-07T12:03:00,2026-04-07T14:10:00,127,174.82,Completed
JT11000941,JT11000941-1,WO700812,AP9000941,5045,1002,CSP1,PCPLUMB,N,N,,Y,N,1,2026-04-07T08:17:00,2026-04-07T10:00:00,103,207.86,Completed
JT11000942,JT11000942-1,WO700813,AP9000942,5027,1004,CSP1,PCGROUND,N,N,,Y,N,1,2026-04-07T08:06:00,2026-04-07T09:42:00,96,264.01,Completed
JT11000943,JT11000943-1,WO700814,AP9000943,5052,1002,CSP1,PCTILE,N,N,,Y,N,1,2026-04-07T08:00:00,2026-04-07T09:30:00,90,199.91,Completed
JT11000944,JT11000944-1,WO700815,AP9000944,5117,1006,CSP2,PCGROUND,N,N,,Y,N,1,2026-04-07T12:05:00,2026-04-07T12:25:00,20,405.32,Completed
JT11000945,JT11000945-1,WO700816,AP9000945,5182,1006,CSP2,PCPLAST,N,N,,Y,N,1,2026-04-07T07:55:00,2026-04-07T09:24:00,89,185.31,Completed
JT11000946,JT11000946-1,WO700817,AP9000946,5193,1009,CSP2,PCVINYL,Y,N,,N,N,1,2026-04-07T12:17:00,2026-04-07T13:59:00,102,97.11,No Access
JT11000947,JT11000947-1,WO700817,AP9000947,5193,1009,CSP2,PCVINYL,N,N,,Y,Y,2,2026-04-09T12:14:00,2026-04-09T13:40:00,86,97.11,Completed
JT11000948,JT11000948-1,WO700818,AP9000948,5116,1008,CSP2,PCPLUMB,N,N,,Y,N,1,2026-04-07T08:13:00,2026-04-07T09:25:00,72,307.41,Completed
JT11000949,JT11000949-1,WO700819,AP9000949,5131,1007,CSP2,PCGROUND,N,Y,Scaffolding required,N,N,1,2026-04-07T11:53:00,2026-04-07T13:06:00,73,268.16,Completed
JT11000950,JT11000950-1,WO700819,AP9000950,5131,1007,CSP2,PCGROUND,N,N,,Y,Y,2,2026-04-09T08:20:00,2026-04-09T09:51:00,91,268.16,Completed
JT11000951,JT11000951-1,WO700820,AP9000951,5187,1006,CSP2,PCPLAST,N,N,,Y,N,1,2026-04-07T08:14:00,2026-04-07T08:53:00,39,226.65,Completed
JT11000952,JT11000952-1,WO700822,AP9000952,5117,1006,CSP2,PCELEC,N,N,,Y,N,1,2026-04-07T07:59:00,2026-04-07T09:45:00,106,249.76,Completed
JT11000953,JT11000953-1,WO700823,AP9000953,5151,1006,CSP2,PCBRICK,N,Y,Inspection required,N,N,1,2026-04-07T08:05:00,2026-04-07T08:54:00,49,95.08,Completed
JT11000954,JT11000954-1,WO700823,AP9000954,5151,1006,CSP2,PCBRICK,N,N,,Y,Y,2,2026-04-09T08:01:00,2026-04-09T09:07:00,66,95.08,Completed
JT11000955,JT11000955-1,WO700824,AP9000955,5154,1007,CSP2,PCPLAST,N,Y,Inspection required,N,N,1,2026-04-07T07:57:00,2026-04-07T08:37:00,40,120.42,Completed
JT11000956,JT11000956-1,WO700824,AP9000956,5154,1007,CSP2,PCPLAST,N,N,,Y,Y,2,2026-04-09T11:50:00,2026-04-09T13:28:00,98,120.42,Completed
JT11000957,JT11000957-1,WO700825,AP9000957,5116,1006,CSP2,PCTILE,Y,N,,N,N,1,2026-04-07T08:12:00,2026-04-07T09:30:00,78,75.24,No Access
JT11000958,JT11000958-1,WO700825,AP9000958,5116,1006,CSP2,PCTILE,N,N,,Y,Y,2,2026-04-09T08:20:00,2026-04-09T09:35:00,75,75.24,Completed
JT11000959,JT11000959-1,WO700826,AP9000959,5178,1007,CSP2,PCVINYL,N,Y,Warning risk / Warning vulnerable,N,N,1,2026-04-07T08:16:00,2026-04-07T10:17:00,121,112.86,Completed
JT11000960,JT11000960-1,WO700826,AP9000960,5178,1007,CSP2,PCVINYL,N,N,,Y,Y,2,2026-04-09T08:07:00,2026-04-09T08:34:00,27,112.86,Completed
JT11000961,JT11000961-1,WO700829,AP9000961,5106,1007,CSP2,PCVINYL,N,N,,Y,N,1,2026-04-07T11:58:00,2026-04-07T13:28:00,90,179.51,Completed
JT11000962,JT11000962-1,WO700830,AP9000962,5193,1006,CSP2,PCPLAST,N,Y,Follow on weather conditions,N,N,1,2026-04-07T08:17:00,2026-04-07T08:37:00,20,73.37,Completed
JT11000963,JT11000963-1,WO700830,AP9000963,5193,1006,CSP2,PCPLAST,N,N,,Y,Y,2,2026-04-09T08:18:00,2026-04-09T09:38:00,80,73.37,Completed
JT11000964,JT11000964-1,WO700831,AP9000964,5194,1009,CSP2,PCFENCE,N,N,,Y,N,1,2026-04-07T11:54:00,2026-04-07T13:12:00,78,299.73,Completed
JT11000965,JT11000965-1,WO700832,AP9000965,5170,1008,CSP2,PCPLUMB,N,N,,Y,N,1,2026-04-07T07:50:00,2026-04-07T09:40:00,110,171.26,Completed
JT11000966,JT11000966-1,WO700833,AP9000966,5174,1008,CSP2,PCBRICK,N,N,,Y,N,1,2026-04-07T08:08:00,2026-04-07T09:36:00,88,393.18,Completed
JT11000967,JT11000967-1,WO700834,AP9000967,5197,1008,CSP2,PCPLUMB,N,N,,Y,N,1,2026-04-07T12:14:00,2026-04-07T13:30:00,76,239.86,Completed
JT11000968,JT11000968-1,WO700835,AP9000968,5169,1009,CSP2,PCPLAST,N,N,,Y,N,1,2026-04-07T08:09:00,2026-04-07T09:55:00,106,256.28,Completed
JT11000969,JT11000969-1,WO700836,AP9000969,5157,1007,CSP2,PCCARP,N,N,,Y,N,1,2026-04-07T08:14:00,2026-04-07T09:18:00,64,160.03,Completed
JT11000970,JT11000970-1,WO700837,AP9000970,5244,1014,CSP4,PCVINYL,N,N,,Y,N,1,2026-04-07T08:13:00,2026-04-07T10:28:00,135,247.84,Completed
JT11000971,JT11000971-1,WO700838,AP9000971,5213,1013,CSP4,PCGROUND,N,N,,Y,N,1,2026-04-07T08:03:00,2026-04-07T09:22:00,79,367.57,Completed
JT11000972,JT11000972-1,WO700839,AP9000972,5287,1014,CSP4,PCPLAST,N,N,,Y,N,1,2026-04-07T12:15:00,2026-04-07T13:44:00,89,202.12,Completed
JT11000973,JT11000973-1,WO700841,AP9000973,5231,1013,CSP4,PCTILE,N,N,,Y,N,1,2026-04-07T07:58:00,2026-04-07T09:32:00,94,152.86,Completed
JT11000974,JT11000974-1,WO700842,AP9000974,5271,1012,CSP4,PCVINYL,N,N,,Y,N,1,2026-04-07T11:53:00,2026-04-07T12:34:00,41,302.12,Completed
JT11000975,JT11000975-1,WO700843,AP9000975,5276,1011,CSP4,PCCARP,N,N,,Y,N,1,2026-04-07T07:56:00,2026-04-07T09:00:00,64,211.18,Completed
JT11000976,JT11000976-1,WO700844,AP9000976,5282,1014,CSP4,PCGROUND,N,N,,Y,N,1,2026-04-07T07:51:00,2026-04-07T09:34:00,103,398.74,Completed
JT11000977,JT11000977-1,WO700845,AP9000977,5255,1012,CSP4,PCGROUND,N,N,,Y,N,1,2026-04-07T08:02:00,2026-04-07T08:42:00,40,385.14,Completed
JT11000978,JT11000978-1,WO700846,AP9000978,5222,1012,CSP4,PCPLUMB,N,N,,Y,N,1,2026-04-07T07:51:00,2026-04-07T09:17:00,86,192.33,Completed
JT11000979,JT11000979-1,WO700848,AP9000979,5212,1012,CSP4,PCVINYL,N,N,,Y,N,1,2026-04-07T12:18:00,2026-04-07T13:45:00,87,219.40,Completed
JT11000980,JT11000980-1,WO700849,AP9000980,5265,1013,CSP4,PCFENCE,N,N,,Y,N,1,2026-04-07T08:03:00,2026-04-07T08:40:00,37,364.03,Completed
JT11000981,JT11000981-1,WO700850,AP9000981,5232,1011,CSP4,PCFENCE,N,Y,Scaffolding required,N,N,1,2026-04-07T08:00:00,2026-04-07T08:53:00,53,189.18,Completed
JT11000982,JT11000982-1,WO700850,AP9000982,5232,1011,CSP4,PCFENCE,N,N,,Y,Y,2,2026-04-09T07:53:00,2026-04-09T09:11:00,78,189.18,Completed
JT11000983,JT11000983-1,WO700851,AP9000983,5201,1012,CSP4,PCELEC,N,N,,Y,N,1,2026-04-07T12:20:00,2026-04-07T13:54:00,94,311.59,Completed
JT11000984,JT11000984-1,WO700852,AP9000984,5298,1014,CSP4,PCVINYL,N,N,,Y,N,1,2026-04-07T08:09:00,2026-04-07T08:29:00,20,179.92,Completed
JT11000985,JT11000985-1,WO700853,AP9000985,5286,1012,CSP4,PCELEC,N,N,,Y,N,1,2026-04-07T08:10:00,2026-04-07T09:10:00,60,221.06,Completed
JT11000986,JT11000986-1,WO700855,AP9000986,5236,1014,CSP4,PCFENCE,N,N,,Y,N,1,2026-04-07T07:51:00,2026-04-07T09:10:00,79,355.74,Completed
JT11000987,JT11000987-1,WO700856,AP9000987,5264,1014,CSP4,PCFENCE,N,N,,Y,N,1,2026-04-07T08:10:00,2026-04-07T09:14:00,64,246.73,Completed
JT11000988,JT11000988-1,WO700857,AP9000988,5282,1013,CSP4,PCVINYL,N,N,,Y,N,1,2026-04-07T12:17:00,2026-04-07T13:40:00,83,221.89,Completed
JT11000989,JT11000989-1,WO700858,AP9000989,5273,1013,CSP4,PCPLAST,N,Y,Works not required,N,N,1,2026-04-07T08:03:00,2026-04-07T09:40:00,97,130.09,Completed
JT11000990,JT11000990-1,WO700858,AP9000990,5273,1013,CSP4,PCPLAST,N,N,,Y,Y,2,2026-04-09T07:55:00,2026-04-09T09:28:00,93,130.09,Completed
JT11000991,JT11000991-1,WO700859,AP9000991,5067,1001,CSP1,PCBRICK,N,N,,Y,N,1,2026-04-08T12:16:00,2026-04-08T13:50:00,94,248.53,Completed
JT11000992,JT11000992-1,WO700860,AP9000992,5059,1001,CSP1,PCPLUMB,N,N,,Y,N,1,2026-04-08T08:16:00,2026-04-08T09:31:00,75,272.69,Completed
JT11000993,JT11000993-1,WO700861,AP9000993,5053,1003,CSP1,PCBRICK,N,N,,Y,N,1,2026-04-08T12:17:00,2026-04-08T13:44:00,87,394.30,Completed
JT11000994,JT11000994-1,WO700862,AP9000994,5029,1002,CSP1,PCPLUMB,N,N,,Y,N,1,2026-04-08T08:10:00,2026-04-08T08:32:00,22,279.41,Completed
JT11000995,JT11000995-1,WO700863,AP9000995,5074,1002,CSP1,PCPLUMB,N,N,,Y,N,1,2026-04-08T11:55:00,2026-04-08T13:17:00,82,247.83,Completed
JT11000996,JT11000996-1,WO700866,AP9000996,5043,1002,CSP1,PCGROUND,N,N,,Y,N,1,2026-04-08T08:19:00,2026-04-08T10:06:00,107,324.39,Completed
JT11000997,JT11000997-1,WO700867,AP9000997,5075,1001,CSP1,PCCARP,N,Y,Planned referral required,N,N,1,2026-04-08T07:58:00,2026-04-08T09:11:00,73,113.70,Completed
JT11000998,JT11000998-1,WO700867,AP9000998,5075,1001,CSP1,PCCARP,N,N,,Y,Y,2,2026-04-10T12:18:00,2026-04-10T13:05:00,47,113.70,Completed
JT11000999,JT11000999-1,WO700868,AP9000999,5017,1001,CSP1,PCPLUMB,N,N,,Y,N,1,2026-04-08T08:11:00,2026-04-08T09:40:00,89,210.56,Completed
JT11001000,JT11001000-1,WO700869,AP9001000,5008,1001,CSP1,PCGROUND,N,N,,Y,N,1,2026-04-08T08:19:00,2026-04-08T10:06:00,107,479.80,Completed
JT11001001,JT11001001-1,WO700870,AP9001001,5077,1004,CSP1,PCPLUMB,N,N,,Y,N,1,2026-04-08T08:10:00,2026-04-08T08:39:00,29,198.89,Completed
JT11001002,JT11001002-1,WO700871,AP9001002,5087,1001,CSP1,PCPLUMB,N,N,,Y,N,1,2026-04-08T07:54:00,2026-04-08T09:18:00,84,244.26,Completed
JT11001003,JT11001003-1,WO700872,AP9001003,5076,1003,CSP1,PCTILE,N,N,,Y,N,1,2026-04-08T08:01:00,2026-04-08T08:55:00,54,190.08,Completed
JT11001004,JT11001004-1,WO700873,AP9001004,5057,1002,CSP1,PCPLAST,N,N,,Y,N,1,2026-04-08T07:53:00,2026-04-08T08:56:00,63,234.30,Completed
JT11001005,JT11001005-1,WO700874,AP9001005,5084,1001,CSP1,PCFENCE,N,N,,Y,N,1,2026-04-08T12:20:00,2026-04-08T14:04:00,104,314.62,Completed
JT11001006,JT11001006-1,WO700875,AP9001006,5048,1002,CSP1,PCPLUMB,Y,N,,N,N,1,2026-04-08T12:07:00,2026-04-08T13:07:00,60,129.06,No Access
JT11001007,JT11001007-1,WO700875,AP9001007,5048,1002,CSP1,PCPLUMB,N,N,,Y,Y,2,2026-04-10T12:14:00,2026-04-10T13:17:00,63,129.06,Completed
JT11001008,JT11001008-1,WO700876,AP9001008,5007,1004,CSP1,PCVINYL,Y,N,,N,N,1,2026-04-08T12:05:00,2026-04-08T12:41:00,36,91.11,No Access
JT11001009,JT11001009-1,WO700876,AP9001009,5007,1004,CSP1,PCVINYL,N,N,,Y,Y,2,2026-04-10T08:03:00,2026-04-10T09:31:00,88,91.11,Completed
JT11001010,JT11001010-1,WO700877,AP9001010,5086,1004,CSP1,PCELEC,N,N,,Y,N,1,2026-04-08T07:56:00,2026-04-08T08:18:00,22,174.44,Completed
JT11001011,JT11001011-1,WO700878,AP9001011,5043,1001,CSP1,PCBRICK,N,N,,Y,N,1,2026-04-08T08:06:00,2026-04-08T08:59:00,53,231.13,Completed
JT11001012,JT11001012-1,WO700879,AP9001012,5001,1002,CSP1,PCTILE,N,N,,Y,N,1,2026-04-08T12:16:00,2026-04-08T13:27:00,71,206.80,Completed
JT11001013,JT11001013-1,WO700881,AP9001013,5115,1006,CSP2,PCPLAST,N,N,,Y,N,1,2026-04-08T07:53:00,2026-04-08T08:41:00,48,182.27,Completed
JT11001014,JT11001014-1,WO700882,AP9001014,5126,1007,CSP2,PCTILE,N,N,,Y,N,1,2026-04-08T08:03:00,2026-04-08T09:05:00,62,134.26,Completed
JT11001015,JT11001015-1,WO700883,AP9001015,5123,1006,CSP2,PCTILE,N,N,,Y,N,1,2026-04-08T12:08:00,2026-04-08T13:19:00,71,165.70,Completed
JT11001016,JT11001016-1,WO700884,AP9001016,5115,1007,CSP2,PCFENCE,N,Y,Weather condition,N,N,1,2026-04-08T12:09:00,2026-04-08T12:41:00,32,157.77,Completed
JT11001017,JT11001017-1,WO700884,AP9001017,5115,1007,CSP2,PCFENCE,N,N,,Y,Y,2,2026-04-10T07:54:00,2026-04-10T09:30:00,96,157.77,Completed
JT11001018,JT11001018-1,WO700885,AP9001018,5168,1008,CSP2,PCVINYL,N,Y,Specialist equipment required,N,N,1,2026-04-08T07:58:00,2026-04-08T08:35:00,37,102.95,Completed
JT11001019,JT11001019-1,WO700885,AP9001019,5168,1008,CSP2,PCVINYL,N,N,,Y,Y,2,2026-04-10T11:58:00,2026-04-10T12:18:00,20,102.95,Completed
JT11001020,JT11001020-1,WO700887,AP9001020,5179,1006,CSP2,PCTILE,N,N,,Y,N,1,2026-04-08T08:08:00,2026-04-08T09:42:00,94,168.42,Completed
JT11001021,JT11001021-1,WO700888,AP9001021,5117,1009,CSP2,PCGROUND,N,Y,Re-directed work,N,N,1,2026-04-08T11:58:00,2026-04-08T13:28:00,90,140.99,Completed
JT11001022,JT11001022-1,WO700888,AP9001022,5117,1009,CSP2,PCGROUND,N,N,,Y,Y,2,2026-04-10T07:55:00,2026-04-10T09:46:00,111,140.99,Completed
JT11001023,JT11001023-1,WO700889,AP9001023,5179,1007,CSP2,PCCARP,N,N,,Y,N,1,2026-04-08T08:13:00,2026-04-08T09:22:00,69,148.63,Completed
JT11001024,JT11001024-1,WO700890,AP9001024,5123,1006,CSP2,PCFENCE,N,N,,Y,N,1,2026-04-08T12:18:00,2026-04-08T12:55:00,37,222.47,Completed
JT11001025,JT11001025-1,WO700891,AP9001025,5152,1007,CSP2,PCPLUMB,N,N,,Y,N,1,2026-04-08T07:50:00,2026-04-08T09:09:00,79,207.14,Completed
JT11001026,JT11001026-1,WO700892,AP9001026,5149,1007,CSP2,PCPLAST,N,N,,Y,N,1,2026-04-08T12:13:00,2026-04-08T13:29:00,76,230.51,Completed
JT11001027,JT11001027-1,WO700893,AP9001027,5167,1009,CSP2,PCFENCE,N,N,,Y,N,1,2026-04-08T11:57:00,2026-04-08T12:43:00,46,243.37,Completed
JT11001028,JT11001028-1,WO700894,AP9001028,5153,1006,CSP2,PCFENCE,N,N,,Y,N,1,2026-04-08T07:58:00,2026-04-08T08:53:00,55,288.42,Completed
JT11001029,JT11001029-1,WO700895,AP9001029,5110,1006,CSP2,PCFENCE,N,N,,Y,N,1,2026-04-08T08:08:00,2026-04-08T10:09:00,121,274.19,Completed
JT11001030,JT11001030-1,WO700896,AP9001030,5130,1007,CSP2,PCCARP,N,N,,Y,N,1,2026-04-08T07:54:00,2026-04-08T08:55:00,61,200.40,Completed
JT11001031,JT11001031-1,WO700897,AP9001031,5139,1007,CSP2,PCBRICK,N,N,,Y,N,1,2026-04-08T12:13:00,2026-04-08T13:46:00,93,319.04,Completed
JT11001032,JT11001032-1,WO700898,AP9001032,5134,1009,CSP2,PCPLUMB,N,Y,Tenant requesting extra work,N,N,1,2026-04-08T08:12:00,2026-04-08T08:54:00,42,98.50,Completed
JT11001033,JT11001033-1,WO700898,AP9001033,5134,1009,CSP2,PCPLUMB,N,N,,Y,Y,2,2026-04-10T08:02:00,2026-04-10T10:01:00,119,98.50,Completed
JT11001034,JT11001034-1,WO700899,AP9001034,5175,1006,CSP2,PCPLUMB,N,N,,Y,N,1,2026-04-08T08:03:00,2026-04-08T09:20:00,77,216.77,Completed
JT11001035,JT11001035-1,WO700900,AP9001035,5127,1008,CSP2,PCELEC,N,N,,Y,N,1,2026-04-08T11:57:00,2026-04-08T13:17:00,80,185.15,Completed
JT11001036,JT11001036-1,WO700901,AP9001036,5111,1008,CSP2,PCFENCE,N,N,,Y,N,1,2026-04-08T07:57:00,2026-04-08T09:13:00,76,306.78,Completed
JT11001037,JT11001037-1,WO700902,AP9001037,5104,1006,CSP2,PCFENCE,N,N,,Y,N,1,2026-04-08T08:13:00,2026-04-08T09:59:00,106,277.55,Completed
JT11001038,JT11001038-1,WO700903,AP9001038,5246,1011,CSP4,PCFENCE,N,N,,Y,N,1,2026-04-08T08:18:00,2026-04-08T08:39:00,21,203.06,Completed
JT11001039,JT11001039-1,WO700904,AP9001039,5276,1011,CSP4,PCPLUMB,N,N,,Y,N,1,2026-04-08T08:09:00,2026-04-08T09:01:00,52,327.75,Completed
JT11001040,JT11001040-1,WO700905,AP9001040,5281,1012,CSP4,PCVINYL,N,N,,Y,N,1,2026-04-08T08:20:00,2026-04-08T09:26:00,66,235.25,Completed
JT11001041,JT11001041-1,WO700907,AP9001041,5289,1012,CSP4,PCELEC,Y,N,,N,N,1,2026-04-08T07:56:00,2026-04-08T08:41:00,45,146.66,No Access
JT11001042,JT11001042-1,WO700907,AP9001042,5289,1012,CSP4,PCELEC,N,N,,Y,Y,2,2026-04-10T07:50:00,2026-04-10T08:30:00,40,146.66,Completed
JT11001043,JT11001043-1,WO700908,AP9001043,5209,1012,CSP4,PCELEC,N,N,,Y,N,1,2026-04-08T12:14:00,2026-04-08T13:30:00,76,350.95,Completed
JT11001044,JT11001044-1,WO700909,AP9001044,5215,1013,CSP4,PCPLAST,N,N,,Y,N,1,2026-04-08T12:20:00,2026-04-08T14:00:00,100,250.01,Completed
JT11001045,JT11001045-1,WO700910,AP9001045,5227,1013,CSP4,PCBRICK,N,N,,Y,N,1,2026-04-08T12:08:00,2026-04-08T13:38:00,90,383.32,Completed
JT11001046,JT11001046-1,WO700912,AP9001046,5252,1014,CSP4,PCTILE,N,N,,Y,N,1,2026-04-08T08:12:00,2026-04-08T09:14:00,62,169.34,Completed
JT11001047,JT11001047-1,WO700913,AP9001047,5237,1011,CSP4,PCELEC,N,N,,Y,N,1,2026-04-08T07:54:00,2026-04-08T09:05:00,71,315.09,Completed
JT11001048,JT11001048-1,WO700914,AP9001048,5254,1012,CSP4,PCTILE,N,N,,Y,N,1,2026-04-08T08:14:00,2026-04-08T10:04:00,110,176.58,Completed
JT11001049,JT11001049-1,WO700915,AP9001049,5273,1011,CSP4,PCCARP,N,N,,Y,N,1,2026-04-08T08:06:00,2026-04-08T09:28:00,82,167.49,Completed
JT11001050,JT11001050-1,WO700916,AP9001050,5269,1014,CSP4,PCBRICK,N,N,,Y,N,1,2026-04-08T08:19:00,2026-04-08T09:45:00,86,287.83,Completed
JT11001051,JT11001051-1,WO700917,AP9001051,5216,1011,CSP4,PCFENCE,N,N,,Y,N,1,2026-04-08T08:20:00,2026-04-08T09:45:00,85,296.19,Completed
JT11001052,JT11001052-1,WO700918,AP9001052,5206,1011,CSP4,PCELEC,N,N,,Y,N,1,2026-04-08T11:58:00,2026-04-08T13:04:00,66,214.15,Completed
JT11001053,JT11001053-1,WO700919,AP9001053,5225,1012,CSP4,PCVINYL,N,N,,Y,N,1,2026-04-08T11:57:00,2026-04-08T13:17:00,80,278.24,Completed
JT11001054,JT11001054-1,WO700920,AP9001054,5209,1014,CSP4,PCCARP,N,Y,Inspection required,N,N,1,2026-04-08T11:55:00,2026-04-08T12:47:00,52,113.17,Completed
JT11001055,JT11001055-1,WO700920,AP9001055,5209,1014,CSP4,PCCARP,N,N,,Y,Y,2,2026-04-10T12:04:00,2026-04-10T13:39:00,95,113.17,Completed
JT11001056,JT11001056-1,WO700921,AP9001056,5222,1011,CSP4,PCPLUMB,N,N,,Y,N,1,2026-04-08T08:20:00,2026-04-08T09:37:00,77,230.71,Completed
JT11001057,JT11001057-1,WO700922,AP9001057,5298,1013,CSP4,PCPLUMB,N,N,,Y,N,1,2026-04-08T08:07:00,2026-04-08T09:41:00,94,301.50,Completed
JT11001058,JT11001058-1,WO700923,AP9001058,5269,1012,CSP4,PCTILE,N,N,,Y,N,1,2026-04-08T08:00:00,2026-04-08T09:32:00,92,121.82,Completed
JT11001059,JT11001059-1,WO700924,AP9001059,5214,1011,CSP4,PCVINYL,N,N,,Y,N,1,2026-04-08T12:11:00,2026-04-08T13:42:00,91,222.00,Completed
JT11001060,JT11001060-1,WO700925,AP9001060,5032,1001,CSP1,PCFENCE,N,Y,Follow on weather conditions,N,N,1,2026-04-09T12:09:00,2026-04-09T13:05:00,56,175.87,Completed
JT11001061,JT11001061-1,WO700925,AP9001061,5032,1001,CSP1,PCFENCE,N,N,,Y,Y,2,2026-04-13T07:51:00,2026-04-13T09:03:00,72,175.87,Completed
JT11001062,JT11001062-1,WO700926,AP9001062,5025,1002,CSP1,PCCARP,N,N,,Y,N,1,2026-04-09T07:57:00,2026-04-09T09:37:00,100,197.04,Completed
JT11001063,JT11001063-1,WO700927,AP9001063,5014,1004,CSP1,PCFENCE,N,N,,Y,N,1,2026-04-09T07:50:00,2026-04-09T09:48:00,118,340.69,Completed
JT11001064,JT11001064-1,WO700930,AP9001064,5028,1002,CSP1,PCVINYL,N,Y,Weather condition,N,N,1,2026-04-09T08:08:00,2026-04-09T09:50:00,102,75.92,Completed
JT11001065,JT11001065-1,WO700930,AP9001065,5028,1002,CSP1,PCVINYL,N,N,,Y,Y,2,2026-04-13T08:03:00,2026-04-13T09:27:00,84,75.92,Completed
JT11001066,JT11001066-1,WO700931,AP9001066,5073,1003,CSP1,PCPLAST,N,N,,Y,N,1,2026-04-09T08:12:00,2026-04-09T09:31:00,79,193.52,Completed
JT11001067,JT11001067-1,WO700932,AP9001067,5099,1004,CSP1,PCPLAST,N,N,,Y,N,1,2026-04-09T08:03:00,2026-04-09T08:57:00,54,264.00,Completed
JT11001068,JT11001068-1,WO700933,AP9001068,5043,1003,CSP1,PCPLUMB,N,Y,Weather condition,N,N,1,2026-04-09T12:02:00,2026-04-09T13:25:00,83,117.54,Completed
JT11001069,JT11001069-1,WO700933,AP9001069,5043,1003,CSP1,PCPLUMB,N,N,,Y,Y,2,2026-04-13T08:18:00,2026-04-13T09:27:00,69,117.54,Completed
JT11001070,JT11001070-1,WO700934,AP9001070,5091,1004,CSP1,PCPLUMB,N,N,,Y,N,1,2026-04-09T11:57:00,2026-04-09T13:26:00,89,305.92,Completed
JT11001071,JT11001071-1,WO700935,AP9001071,5080,1003,CSP1,PCCARP,Y,N,,N,N,1,2026-04-09T12:16:00,2026-04-09T13:42:00,86,105.02,No Access
JT11001072,JT11001072-1,WO700935,AP9001072,5080,1003,CSP1,PCCARP,N,N,,Y,Y,2,2026-04-13T08:00:00,2026-04-13T09:12:00,72,105.02,Completed
JT11001073,JT11001073-1,WO700938,AP9001073,5086,1003,CSP1,PCTILE,N,N,,Y,N,1,2026-04-09T12:13:00,2026-04-09T13:26:00,73,142.27,Completed
JT11001074,JT11001074-1,WO700939,AP9001074,5057,1003,CSP1,PCPLUMB,N,N,,Y,N,1,2026-04-09T12:17:00,2026-04-09T12:56:00,39,283.18,Completed
JT11001075,JT11001075-1,WO700940,AP9001075,5017,1002,CSP1,PCCARP,N,N,,Y,N,1,2026-04-09T12:07:00,2026-04-09T13:32:00,85,193.02,Completed
JT11001076,JT11001076-1,WO700941,AP9001076,5040,1002,CSP1,PCPLAST,N,Y,Previously done,N,N,1,2026-04-09T08:20:00,2026-04-09T09:32:00,72,90.56,Completed
JT11001077,JT11001077-1,WO700941,AP9001077,5040,1002,CSP1,PCPLAST,N,N,,Y,Y,2,2026-04-13T08:13:00,2026-04-13T09:07:00,54,90.56,Completed
JT11001078,JT11001078-1,WO700942,AP9001078,5082,1002,CSP1,PCTILE,N,N,,Y,N,1,2026-04-09T12:04:00,2026-04-09T12:36:00,32,151.76,Completed
JT11001079,JT11001079-1,WO700943,AP9001079,5061,1004,CSP1,PCELEC,N,Y,Works not required,N,N,1,2026-04-09T12:12:00,2026-04-09T13:09:00,57,86.78,Completed
JT11001080,JT11001080-1,WO700943,AP9001080,5061,1004,CSP1,PCELEC,N,N,,Y,Y,2,2026-04-13T08:15:00,2026-04-13T09:45:00,90,86.78,Completed
JT11001081,JT11001081-1,WO700944,AP9001081,5003,1002,CSP1,PCVINYL,N,N,,Y,N,1,2026-04-09T07:58:00,2026-04-09T10:15:00,137,207.16,Completed
JT11001082,JT11001082-1,WO700945,AP9001082,5033,1004,CSP1,PCVINYL,N,N,,Y,N,1,2026-04-09T12:17:00,2026-04-09T13:25:00,68,202.74,Completed
JT11001083,JT11001083-1,WO700946,AP9001083,5092,1003,CSP1,PCELEC,N,N,,Y,N,1,2026-04-09T07:59:00,2026-04-09T08:27:00,28,264.44,Completed
JT11001084,JT11001084-1,WO700947,AP9001084,5163,1006,CSP2,PCVINYL,N,N,,Y,N,1,2026-04-09T07:56:00,2026-04-09T09:18:00,82,242.62,Completed
JT11001085,JT11001085-1,WO700948,AP9001085,5110,1006,CSP2,PCVINYL,N,N,,Y,N,1,2026-04-09T12:19:00,2026-04-09T13:57:00,98,253.86,Completed
JT11001086,JT11001086-1,WO700949,AP9001086,5156,1009,CSP2,PCBRICK,N,N,,Y,N,1,2026-04-09T11:54:00,2026-04-09T13:27:00,93,315.98,Completed
JT11001087,JT11001087-1,WO700950,AP9001087,5190,1008,CSP2,PCPLUMB,N,N,,Y,N,1,2026-04-09T12:15:00,2026-04-09T13:32:00,77,251.44,Completed
JT11001088,JT11001088-1,WO700951,AP9001088,5181,1009,CSP2,PCPLUMB,N,N,,Y,N,1,2026-04-09T07:54:00,2026-04-09T09:17:00,83,176.15,Completed
JT11001089,JT11001089-1,WO700952,AP9001089,5132,1007,CSP2,PCPLAST,N,Y,Works not required,N,N,1,2026-04-09T08:00:00,2026-04-09T08:43:00,43,82.78,Completed
JT11001090,JT11001090-1,WO700952,AP9001090,5132,1007,CSP2,PCPLAST,N,N,,Y,Y,2,2026-04-13T08:13:00,2026-04-13T08:51:00,38,82.78,Completed
JT11001091,JT11001091-1,WO700953,AP9001091,5111,1007,CSP2,PCGROUND,N,N,,Y,N,1,2026-04-09T11:58:00,2026-04-09T12:59:00,61,360.58,Completed
JT11001092,JT11001092-1,WO700954,AP9001092,5169,1008,CSP2,PCVINYL,N,Y,Follow on planned inspection/measure,N,N,1,2026-04-09T12:10:00,2026-04-09T13:18:00,68,126.36,Completed
JT11001093,JT11001093-1,WO700954,AP9001093,5169,1008,CSP2,PCVINYL,N,N,,Y,Y,2,2026-04-13T07:53:00,2026-04-13T08:51:00,58,126.36,Completed
JT11001094,JT11001094-1,WO700955,AP9001094,5119,1006,CSP2,PCBRICK,N,N,,Y,N,1,2026-04-09T07:54:00,2026-04-09T08:38:00,44,313.80,Completed
JT11001095,JT11001095-1,WO700956,AP9001095,5163,1006,CSP2,PCPLUMB,N,N,,Y,N,1,2026-04-09T08:03:00,2026-04-09T09:19:00,76,230.16,Completed
JT11001096,JT11001096-1,WO700957,AP9001096,5122,1008,CSP2,PCPLAST,N,N,,Y,N,1,2026-04-09T08:17:00,2026-04-09T09:49:00,92,203.61,Completed
JT11001097,JT11001097-1,WO700958,AP9001097,5173,1007,CSP2,PCTILE,Y,N,,N,N,1,2026-04-09T07:52:00,2026-04-09T08:47:00,55,71.25,No Access
JT11001098,JT11001098-1,WO700958,AP9001098,5173,1007,CSP2,PCTILE,N,N,,Y,Y,2,2026-04-13T12:07:00,2026-04-13T13:18:00,71,71.25,Completed
JT11001099,JT11001099-1,WO700959,AP9001099,5153,1009,CSP2,PCELEC,N,N,,Y,N,1,2026-04-09T11:58:00,2026-04-09T13:16:00,78,293.69,Completed
JT11001100,JT11001100-1,WO700962,AP9001100,5178,1006,CSP2,PCGROUND,Y,N,,N,N,1,2026-04-09T07:55:00,2026-04-09T09:06:00,71,210.60,No Access
JT11001101,JT11001101-1,WO700962,AP9001101,5178,1006,CSP2,PCGROUND,N,N,,Y,Y,2,2026-04-13T07:55:00,2026-04-13T09:19:00,84,210.60,Completed
JT11001102,JT11001102-1,WO700964,AP9001102,5146,1008,CSP2,PCFENCE,N,N,,Y,N,1,2026-04-09T08:15:00,2026-04-09T09:07:00,52,335.39,Completed
JT11001103,JT11001103-1,WO700965,AP9001103,5104,1007,CSP2,PCCARP,N,N,,Y,N,1,2026-04-09T07:53:00,2026-04-09T09:05:00,72,155.51,Completed
JT11001104,JT11001104-1,WO700966,AP9001104,5188,1009,CSP2,PCELEC,N,N,,Y,N,1,2026-04-09T08:16:00,2026-04-09T09:23:00,67,249.80,Completed
JT11001105,JT11001105-1,WO700967,AP9001105,5103,1009,CSP2,PCFENCE,N,Y,Weather condition,N,N,1,2026-04-09T07:53:00,2026-04-09T09:01:00,68,123.47,Completed
JT11001106,JT11001106-1,WO700967,AP9001106,5103,1009,CSP2,PCFENCE,N,N,,Y,Y,2,2026-04-13T11:51:00,2026-04-13T12:15:00,24,123.47,Completed
JT11001107,JT11001107-1,WO700968,AP9001107,5195,1007,CSP2,PCCARP,N,Y,Weather condition,N,N,1,2026-04-09T07:51:00,2026-04-09T09:16:00,85,87.36,Completed
JT11001108,JT11001108-1,WO700968,AP9001108,5195,1007,CSP2,PCCARP,N,N,,Y,Y,2,2026-04-13T08:16:00,2026-04-13T10:03:00,107,87.36,Completed
JT11001109,JT11001109-1,WO700969,AP9001109,5294,1011,CSP4,PCVINYL,N,N,,Y,N,1,2026-04-09T07:52:00,2026-04-09T09:09:00,77,160.94,Completed
JT11001110,JT11001110-1,WO700970,AP9001110,5292,1013,CSP4,PCGROUND,N,N,,Y,N,1,2026-04-09T12:16:00,2026-04-09T13:24:00,68,514.66,Completed
JT11001111,JT11001111-1,WO700971,AP9001111,5260,1011,CSP4,PCPLAST,N,N,,Y,N,1,2026-04-09T08:05:00,2026-04-09T09:19:00,74,177.20,Completed
JT11001112,JT11001112-1,WO700972,AP9001112,5297,1014,CSP4,PCCARP,N,N,,Y,N,1,2026-04-09T08:14:00,2026-04-09T08:55:00,41,242.97,Completed
JT11001113,JT11001113-1,WO700973,AP9001113,5299,1014,CSP4,PCBRICK,N,N,,Y,N,1,2026-04-09T08:14:00,2026-04-09T09:52:00,98,294.25,Completed
JT11001114,JT11001114-1,WO700974,AP9001114,5269,1011,CSP4,PCELEC,N,N,,Y,N,1,2026-04-09T08:06:00,2026-04-09T09:19:00,73,226.83,Completed
JT11001115,JT11001115-1,WO700975,AP9001115,5283,1013,CSP4,PCFENCE,N,N,,Y,N,1,2026-04-09T08:04:00,2026-04-09T09:28:00,84,207.24,Completed
JT11001116,JT11001116-1,WO700976,AP9001116,5256,1011,CSP4,PCTILE,N,N,,Y,N,1,2026-04-09T07:53:00,2026-04-09T08:47:00,54,176.92,Completed
JT11001117,JT11001117-1,WO700978,AP9001117,5208,1014,CSP4,PCGROUND,N,N,,Y,N,1,2026-04-09T11:57:00,2026-04-09T13:04:00,67,473.71,Completed
JT11001118,JT11001118-1,WO700979,AP9001118,5217,1014,CSP4,PCGROUND,N,N,,Y,N,1,2026-04-09T08:07:00,2026-04-09T09:34:00,87,466.09,Completed
JT11001119,JT11001119-1,WO700980,AP9001119,5219,1014,CSP4,PCBRICK,N,N,,Y,N,1,2026-04-09T08:13:00,2026-04-09T09:41:00,88,357.59,Completed
JT11001120,JT11001120-1,WO700981,AP9001120,5290,1011,CSP4,PCPLUMB,N,N,,Y,N,1,2026-04-09T07:57:00,2026-04-09T09:12:00,75,342.67,Completed
JT11001121,JT11001121-1,WO700982,AP9001121,5262,1014,CSP4,PCTILE,N,N,,Y,N,1,2026-04-09T08:03:00,2026-04-09T09:55:00,112,178.96,Completed
JT11001122,JT11001122-1,WO700983,AP9001122,5292,1014,CSP4,PCTILE,N,N,,Y,N,1,2026-04-09T07:54:00,2026-04-09T09:15:00,81,150.99,Completed
JT11001123,JT11001123-1,WO700985,AP9001123,5251,1014,CSP4,PCFENCE,N,Y,Scaffolding required,N,N,1,2026-04-09T12:05:00,2026-04-09T13:24:00,79,114.93,Completed
JT11001124,JT11001124-1,WO700985,AP9001124,5251,1014,CSP4,PCFENCE,N,N,,Y,Y,2,2026-04-13T12:00:00,2026-04-13T12:44:00,44,114.93,Completed
JT11001125,JT11001125-1,WO700986,AP9001125,5237,1011,CSP4,PCBRICK,Y,N,,N,N,1,2026-04-09T12:18:00,2026-04-09T12:49:00,31,169.44,No Access
JT11001126,JT11001126-1,WO700986,AP9001126,5237,1011,CSP4,PCBRICK,N,N,,Y,Y,2,2026-04-13T07:55:00,2026-04-13T09:34:00,99,169.44,Completed
JT11001127,JT11001127-1,WO700987,AP9001127,5275,1011,CSP4,PCPLUMB,Y,N,,N,N,1,2026-04-09T08:13:00,2026-04-09T09:22:00,69,96.59,No Access
JT11001128,JT11001128-1,WO700987,AP9001128,5275,1011,CSP4,PCPLUMB,N,N,,Y,Y,2,2026-04-13T12:04:00,2026-04-13T12:55:00,51,96.59,Completed
JT11001129,JT11001129-1,WO700988,AP9001129,5262,1011,CSP4,PCBRICK,Y,N,,N,N,1,2026-04-09T07:55:00,2026-04-09T08:48:00,53,156.12,No Access
JT11001130,JT11001130-1,WO700988,AP9001130,5262,1011,CSP4,PCBRICK,N,N,,Y,Y,2,2026-04-13T11:56:00,2026-04-13T12:40:00,44,156.12,Completed
JT11001131,JT11001131-1,WO700989,AP9001131,5274,1012,CSP4,PCCARP,Y,N,,N,N,1,2026-04-09T08:18:00,2026-04-09T09:20:00,62,122.31,No Access
JT11001132,JT11001132-1,WO700989,AP9001132,5274,1012,CSP4,PCCARP,N,N,,Y,Y,2,2026-04-13T08:02:00,2026-04-13T09:26:00,84,122.31,Completed
JT11001133,JT11001133-1,WO700990,AP9001133,5222,1014,CSP4,PCPLUMB,N,N,,Y,N,1,2026-04-09T08:11:00,2026-04-09T09:28:00,77,232.70,Completed
JT11001134,JT11001134-1,WO700991,AP9001134,5044,1003,CSP1,PCVINYL,Y,N,,N,N,1,2026-04-10T12:11:00,2026-04-10T12:54:00,43,119.95,No Access
JT11001135,JT11001135-1,WO700991,AP9001135,5044,1003,CSP1,PCVINYL,N,N,,Y,Y,2,2026-04-13T11:50:00,2026-04-13T12:44:00,54,119.95,Completed
JT11001136,JT11001136-1,WO700992,AP9001136,5039,1001,CSP1,PCPLAST,N,N,,Y,N,1,2026-04-10T12:09:00,2026-04-10T13:41:00,92,197.02,Completed
JT11001137,JT11001137-1,WO700993,AP9001137,5060,1002,CSP1,PCVINYL,N,N,,Y,N,1,2026-04-10T08:17:00,2026-04-10T10:29:00,132,221.44,Completed
JT11001138,JT11001138-1,WO700994,AP9001138,5083,1002,CSP1,PCGROUND,N,N,,Y,N,1,2026-04-10T08:00:00,2026-04-10T09:08:00,68,424.58,Completed
JT11001139,JT11001139-1,WO700995,AP9001139,5076,1001,CSP1,PCPLAST,N,N,,Y,N,1,2026-04-10T12:18:00,2026-04-10T13:28:00,70,218.97,Completed
JT11001140,JT11001140-1,WO700996,AP9001140,5009,1004,CSP1,PCGROUND,N,N,,Y,N,1,2026-04-10T07:56:00,2026-04-10T09:24:00,88,494.24,Completed
JT11001141,JT11001141-1,WO700997,AP9001141,5068,1001,CSP1,PCELEC,N,N,,Y,N,1,2026-04-10T08:06:00,2026-04-10T09:26:00,80,179.44,Completed
JT11001142,JT11001142-1,WO700999,AP9001142,5058,1002,CSP1,PCFENCE,N,N,,Y,N,1,2026-04-10T08:13:00,2026-04-10T08:35:00,22,262.31,Completed
JT11001143,JT11001143-1,WO701000,AP9001143,5097,1002,CSP1,PCPLUMB,N,N,,Y,N,1,2026-04-10T07:54:00,2026-04-10T08:57:00,63,280.96,Completed
JT11001144,JT11001144-1,WO701001,AP9001144,5085,1002,CSP1,PCPLUMB,N,N,,Y,N,1,2026-04-10T07:50:00,2026-04-10T09:52:00,122,219.69,Completed
JT11001145,JT11001145-1,WO701002,AP9001145,5018,1001,CSP1,PCELEC,N,N,,Y,N,1,2026-04-10T08:03:00,2026-04-10T08:41:00,38,225.38,Completed
JT11001146,JT11001146-1,WO701003,AP9001146,5085,1003,CSP1,PCPLUMB,Y,N,,N,N,1,2026-04-10T07:51:00,2026-04-10T08:39:00,48,108.18,No Access
JT11001147,JT11001147-1,WO701003,AP9001147,5085,1003,CSP1,PCPLUMB,N,N,,Y,Y,2,2026-04-13T07:53:00,2026-04-13T09:01:00,68,108.18,Completed
JT11001148,JT11001148-1,WO701004,AP9001148,5071,1003,CSP1,PCTILE,N,N,,Y,N,1,2026-04-10T08:07:00,2026-04-10T09:29:00,82,177.12,Completed
JT11001149,JT11001149-1,WO701005,AP9001149,5084,1003,CSP1,PCPLAST,N,Y,Works not required,N,N,1,2026-04-10T12:12:00,2026-04-10T13:28:00,76,61.75,Completed
JT11001150,JT11001150-1,WO701005,AP9001150,5084,1003,CSP1,PCPLAST,N,N,,Y,Y,2,2026-04-13T08:17:00,2026-04-13T10:09:00,112,61.75,Completed
JT11001151,JT11001151-1,WO701006,AP9001151,5027,1003,CSP1,PCCARP,N,N,,Y,N,1,2026-04-10T07:52:00,2026-04-10T09:25:00,93,159.98,Completed
JT11001152,JT11001152-1,WO701007,AP9001152,5085,1003,CSP1,PCGROUND,Y,N,,N,N,1,2026-04-10T12:03:00,2026-04-10T13:30:00,87,264.40,No Access
JT11001153,JT11001153-1,WO701007,AP9001153,5085,1003,CSP1,PCGROUND,N,N,,Y,Y,2,2026-04-13T12:14:00,2026-04-13T13:58:00,104,264.40,Completed
JT11001154,JT11001154-1,WO701008,AP9001154,5078,1004,CSP1,PCTILE,Y,N,,N,N,1,2026-04-10T08:00:00,2026-04-10T09:13:00,73,66.53,No Access
JT11001155,JT11001155-1,WO701008,AP9001155,5078,1004,CSP1,PCTILE,N,N,,Y,Y,2,2026-04-13T11:57:00,2026-04-13T12:51:00,54,66.53,Completed
JT11001156,JT11001156-1,WO701010,AP9001156,5049,1001,CSP1,PCTILE,N,N,,Y,N,1,2026-04-10T08:07:00,2026-04-10T09:14:00,67,201.52,Completed
JT11001157,JT11001157-1,WO701011,AP9001157,5063,1004,CSP1,PCCARP,N,N,,Y,N,1,2026-04-10T12:00:00,2026-04-10T13:19:00,79,165.90,Completed
JT11001158,JT11001158-1,WO701012,AP9001158,5022,1004,CSP1,PCFENCE,N,N,,Y,N,1,2026-04-10T07:53:00,2026-04-10T08:55:00,62,208.81,Completed
JT11001159,JT11001159-1,WO701013,AP9001159,5171,1008,CSP2,PCVINYL,N,N,,Y,N,1,2026-04-10T08:02:00,2026-04-10T09:38:00,96,162.30,Completed
JT11001160,JT11001160-1,WO701014,AP9001160,5119,1009,CSP2,PCVINYL,N,N,,Y,N,1,2026-04-10T07:57:00,2026-04-10T08:43:00,46,210.09,Completed
JT11001161,JT11001161-1,WO701015,AP9001161,5178,1006,CSP2,PCVINYL,N,N,,Y,N,1,2026-04-10T07:59:00,2026-04-10T09:20:00,81,175.38,Completed
JT11001162,JT11001162-1,WO701016,AP9001162,5155,1008,CSP2,PCGROUND,N,N,,Y,N,1,2026-04-10T12:03:00,2026-04-10T12:51:00,48,547.12,Completed
JT11001163,JT11001163-1,WO701017,AP9001163,5153,1009,CSP2,PCFENCE,N,N,,Y,N,1,2026-04-10T07:51:00,2026-04-10T08:49:00,58,159.62,Completed
JT11001164,JT11001164-1,WO701018,AP9001164,5108,1007,CSP2,PCCARP,N,N,,Y,N,1,2026-04-10T08:16:00,2026-04-10T09:51:00,95,175.56,Completed
JT11001165,JT11001165-1,WO701019,AP9001165,5187,1006,CSP2,PCGROUND,N,N,,Y,N,1,2026-04-10T12:02:00,2026-04-10T13:31:00,89,385.54,Completed
JT11001166,JT11001166-1,WO701020,AP9001166,5190,1007,CSP2,PCCARP,N,N,,Y,N,1,2026-04-10T12:11:00,2026-04-10T12:46:00,35,130.82,Completed
JT11001167,JT11001167-1,WO701021,AP9001167,5132,1007,CSP2,PCGROUND,N,N,,Y,N,1,2026-04-10T08:05:00,2026-04-10T08:51:00,46,385.64,Completed
JT11001168,JT11001168-1,WO701022,AP9001168,5168,1007,CSP2,PCTILE,N,N,,Y,N,1,2026-04-10T11:59:00,2026-04-10T14:17:00,138,153.89,Completed
JT11001169,JT11001169-1,WO701023,AP9001169,5149,1008,CSP2,PCPLAST,Y,N,,N,N,1,2026-04-10T08:17:00,2026-04-10T09:19:00,62,122.41,No Access
JT11001170,JT11001170-1,WO701023,AP9001170,5149,1008,CSP2,PCPLAST,N,N,,Y,Y,2,2026-04-13T08:02:00,2026-04-13T09:41:00,99,122.41,Completed
JT11001171,JT11001171-1,WO701024,AP9001171,5116,1007,CSP2,PCBRICK,N,N,,Y,N,1,2026-04-10T11:58:00,2026-04-10T13:16:00,78,321.14,Completed
JT11001172,JT11001172-1,WO701026,AP9001172,5101,1007,CSP2,PCELEC,N,N,,Y,N,1,2026-04-10T11:55:00,2026-04-10T12:45:00,50,320.70,Completed
JT11001173,JT11001173-1,WO701027,AP9001173,5102,1008,CSP2,PCCARP,N,N,,Y,N,1,2026-04-10T08:04:00,2026-04-10T09:02:00,58,178.32,Completed
JT11001174,JT11001174-1,WO701028,AP9001174,5163,1009,CSP2,PCPLUMB,N,N,,Y,N,1,2026-04-10T07:56:00,2026-04-10T09:20:00,84,247.66,Completed
JT11001175,JT11001175-1,WO701029,AP9001175,5124,1006,CSP2,PCGROUND,N,N,,Y,N,1,2026-04-10T07:56:00,2026-04-10T09:27:00,91,343.98,Completed
JT11001176,JT11001176-1,WO701030,AP9001176,5196,1009,CSP2,PCVINYL,N,N,,Y,N,1,2026-04-10T12:03:00,2026-04-10T13:12:00,69,240.78,Completed
JT11001177,JT11001177-1,WO701031,AP9001177,5154,1008,CSP2,PCFENCE,N,N,,Y,N,1,2026-04-10T07:54:00,2026-04-10T09:15:00,81,239.29,Completed
JT11001178,JT11001178-1,WO701032,AP9001178,5116,1009,CSP2,PCVINYL,N,N,,Y,N,1,2026-04-10T07:51:00,2026-04-10T09:36:00,105,185.78,Completed
JT11001179,JT11001179-1,WO701033,AP9001179,5152,1006,CSP2,PCGROUND,N,N,,Y,N,1,2026-04-10T12:06:00,2026-04-10T13:47:00,101,546.42,Completed
JT11001180,JT11001180-1,WO701034,AP9001180,5117,1007,CSP2,PCPLAST,N,N,,Y,N,1,2026-04-10T07:51:00,2026-04-10T08:51:00,60,254.02,Completed
JT11001181,JT11001181-1,WO701035,AP9001181,5277,1013,CSP4,PCPLUMB,N,N,,Y,N,1,2026-04-10T07:58:00,2026-04-10T09:57:00,119,262.69,Completed
JT11001182,JT11001182-1,WO701036,AP9001182,5294,1012,CSP4,PCGROUND,N,N,,Y,N,1,2026-04-10T11:56:00,2026-04-10T13:12:00,76,231.35,Completed
JT11001183,JT11001183-1,WO701037,AP9001183,5255,1011,CSP4,PCTILE,N,N,,Y,N,1,2026-04-10T12:09:00,2026-04-10T13:40:00,91,127.57,Completed
JT11001184,JT11001184-1,WO701038,AP9001184,5276,1011,CSP4,PCPLAST,N,N,,Y,N,1,2026-04-10T11:56:00,2026-04-10T12:49:00,53,223.26,Completed
JT11001185,JT11001185-1,WO701039,AP9001185,5203,1013,CSP4,PCTILE,N,N,,Y,N,1,2026-04-10T12:04:00,2026-04-10T13:45:00,101,153.02,Completed
JT11001186,JT11001186-1,WO701040,AP9001186,5229,1014,CSP4,PCFENCE,N,N,,Y,N,1,2026-04-10T12:12:00,2026-04-10T13:37:00,85,246.26,Completed
JT11001187,JT11001187-1,WO701041,AP9001187,5236,1013,CSP4,PCFENCE,N,N,,Y,N,1,2026-04-10T08:03:00,2026-04-10T09:37:00,94,281.50,Completed
JT11001188,JT11001188-1,WO701042,AP9001188,5242,1012,CSP4,PCTILE,Y,N,,N,N,1,2026-04-10T07:58:00,2026-04-10T08:46:00,48,85.44,No Access
JT11001189,JT11001189-1,WO701042,AP9001189,5242,1012,CSP4,PCTILE,N,N,,Y,Y,2,2026-04-13T08:17:00,2026-04-13T09:39:00,82,85.44,Completed
JT11001190,JT11001190-1,WO701043,AP9001190,5247,1012,CSP4,PCFENCE,N,N,,Y,N,1,2026-04-10T12:13:00,2026-04-10T13:43:00,90,201.09,Completed
JT11001191,JT11001191-1,WO701044,AP9001191,5247,1011,CSP4,PCFENCE,N,N,,Y,N,1,2026-04-10T07:55:00,2026-04-10T09:26:00,91,332.75,Completed
JT11001192,JT11001192-1,WO701045,AP9001192,5250,1011,CSP4,PCCARP,N,N,,Y,N,1,2026-04-10T08:16:00,2026-04-10T10:03:00,107,209.55,Completed
JT11001193,JT11001193-1,WO701046,AP9001193,5284,1013,CSP4,PCTILE,N,N,,Y,N,1,2026-04-10T08:18:00,2026-04-10T08:58:00,40,176.42,Completed
JT11001194,JT11001194-1,WO701047,AP9001194,5293,1011,CSP4,PCELEC,N,Y,Asbestos found,N,N,1,2026-04-10T11:55:00,2026-04-10T13:12:00,77,134.15,Completed
JT11001195,JT11001195-1,WO701047,AP9001195,5293,1011,CSP4,PCELEC,N,N,,Y,Y,2,2026-04-13T11:55:00,2026-04-13T12:46:00,51,134.15,Completed
JT11001196,JT11001196-1,WO701048,AP9001196,5233,1013,CSP4,PCGROUND,N,N,,Y,N,1,2026-04-10T08:02:00,2026-04-10T08:56:00,54,383.13,Completed
JT11001197,JT11001197-1,WO701049,AP9001197,5262,1012,CSP4,PCVINYL,N,N,,Y,N,1,2026-04-10T08:01:00,2026-04-10T09:21:00,80,247.48,Completed
JT11001198,JT11001198-1,WO701050,AP9001198,5238,1011,CSP4,PCPLUMB,N,N,,Y,N,1,2026-04-10T08:08:00,2026-04-10T09:33:00,85,313.77,Completed
JT11001199,JT11001199-1,WO701051,AP9001199,5269,1012,CSP4,PCGROUND,Y,N,,N,N,1,2026-04-10T07:50:00,2026-04-10T09:38:00,108,247.68,No Access
JT11001200,JT11001200-1,WO701051,AP9001200,5269,1012,CSP4,PCGROUND,N,N,,Y,Y,2,2026-04-13T08:15:00,2026-04-13T09:05:00,50,247.68,Completed
JT11001201,JT11001201-1,WO701052,AP9001201,5235,1011,CSP4,PCTILE,N,N,,Y,N,1,2026-04-10T11:55:00,2026-04-10T13:01:00,66,157.90,Completed
JT11001202,JT11001202-1,WO701053,AP9001202,5266,1011,CSP4,PCELEC,Y,N,,N,N,1,2026-04-10T12:07:00,2026-04-10T13:04:00,57,145.59,No Access
JT11001203,JT11001203-1,WO701053,AP9001203,5266,1011,CSP4,PCELEC,N,N,,Y,Y,2,2026-04-13T08:17:00,2026-04-13T09:57:00,100,145.59,Completed
JT11001204,JT11001204-1,WO701054,AP9001204,5271,1011,CSP4,PCCARP,N,Y,Follow on planned inspection/measure,N,N,1,2026-04-10T08:15:00,2026-04-10T09:42:00,87,112.35,Completed
JT11001205,JT11001205-1,WO701054,AP9001205,5271,1011,CSP4,PCCARP,N,N,,Y,Y,2,2026-04-13T12:19:00,2026-04-13T13:51:00,92,112.35,Completed
JT11001206,JT11001206-1,WO701055,AP9001206,5236,1013,CSP4,PCPLAST,N,N,,Y,N,1,2026-04-10T07:50:00,2026-04-10T09:54:00,124,186.39,Completed
JT11001207,JT11001207-1,WO701056,AP9001207,5215,1013,CSP4,PCPLUMB,N,Y,Inspection required,N,N,1,2026-04-10T07:56:00,2026-04-10T09:29:00,93,166.63,Completed
JT11001208,JT11001208-1,WO701056,AP9001208,5215,1013,CSP4,PCPLUMB,N,N,,Y,Y,2,2026-04-13T07:58:00,2026-04-13T09:56:00,118,166.63,Completed
JT11001209,JT11001209-1,WO701058,AP9001209,5046,1004,CSP1,PCTILE,N,Y,Follow on planned inspection/measure,N,N,1,2026-04-13T07:57:00,2026-04-13T09:29:00,92,76.83,Completed
JT11001210,JT11001210-1,WO701058,AP9001210,5046,1004,CSP1,PCTILE,N,N,,Y,Y,2,2026-04-15T07:58:00,2026-04-15T08:52:00,54,76.83,Completed
JT11001211,JT11001211-1,WO701059,AP9001211,5100,1004,CSP1,PCCARP,Y,N,,N,N,1,2026-04-13T08:19:00,2026-04-13T09:04:00,45,112.70,No Access
JT11001212,JT11001212-1,WO701059,AP9001212,5100,1004,CSP1,PCCARP,N,N,,Y,Y,2,2026-04-15T07:51:00,2026-04-15T08:55:00,64,112.70,Completed
JT11001213,JT11001213-1,WO701060,AP9001213,5027,1003,CSP1,PCELEC,N,N,,Y,N,1,2026-04-13T11:51:00,2026-04-13T13:18:00,87,192.65,Completed
JT11001214,JT11001214-1,WO701061,AP9001214,5058,1003,CSP1,PCTILE,N,N,,Y,N,1,2026-04-13T08:12:00,2026-04-13T09:46:00,94,152.63,Completed
JT11001215,JT11001215-1,WO701062,AP9001215,5024,1002,CSP1,PCPLAST,N,N,,Y,N,1,2026-04-13T08:04:00,2026-04-13T08:55:00,51,194.06,Completed
JT11001216,JT11001216-1,WO701063,AP9001216,5023,1001,CSP1,PCVINYL,N,N,,Y,N,1,2026-04-13T08:18:00,2026-04-13T08:38:00,20,232.99,Completed
JT11001217,JT11001217-1,WO701066,AP9001217,5002,1004,CSP1,PCCARP,N,N,,Y,N,1,2026-04-13T08:01:00,2026-04-13T09:03:00,62,215.43,Completed
JT11001218,JT11001218-1,WO701067,AP9001218,5057,1004,CSP1,PCPLAST,N,N,,Y,N,1,2026-04-13T07:54:00,2026-04-13T08:51:00,57,219.00,Completed
JT11001219,JT11001219-1,WO701068,AP9001219,5016,1004,CSP1,PCPLUMB,Y,N,,N,N,1,2026-04-13T12:02:00,2026-04-13T12:48:00,46,147.07,No Access
JT11001220,JT11001220-1,WO701068,AP9001220,5016,1004,CSP1,PCPLUMB,N,N,,Y,Y,2,2026-04-15T12:17:00,2026-04-15T12:55:00,38,147.07,Completed
JT11001221,JT11001221-1,WO701069,AP9001221,5001,1003,CSP1,PCTILE,N,N,,Y,N,1,2026-04-13T11:56:00,2026-04-13T12:54:00,58,178.86,Completed
JT11001222,JT11001222-1,WO701070,AP9001222,5088,1003,CSP1,PCVINYL,N,N,,Y,N,1,2026-04-13T08:04:00,2026-04-13T09:08:00,64,226.23,Completed
JT11001223,JT11001223-1,WO701071,AP9001223,5037,1004,CSP1,PCFENCE,N,N,,Y,N,1,2026-04-13T12:16:00,2026-04-13T14:12:00,116,227.53,Completed
JT11001224,JT11001224-1,WO701072,AP9001224,5078,1004,CSP1,PCPLAST,N,Y,Asbestos found,N,N,1,2026-04-13T07:55:00,2026-04-13T09:10:00,75,117.21,Completed
JT11001225,JT11001225-1,WO701072,AP9001225,5078,1004,CSP1,PCPLAST,N,N,,Y,Y,2,2026-04-15T07:50:00,2026-04-15T08:36:00,46,117.21,Completed
JT11001226,JT11001226-1,WO701073,AP9001226,5088,1002,CSP1,PCBRICK,N,N,,Y,N,1,2026-04-13T07:51:00,2026-04-13T08:17:00,26,387.15,Completed
JT11001227,JT11001227-1,WO701074,AP9001227,5034,1001,CSP1,PCCARP,N,N,,Y,N,1,2026-04-13T12:14:00,2026-04-13T13:38:00,84,162.03,Completed
JT11001228,JT11001228-1,WO701075,AP9001228,5058,1001,CSP1,PCELEC,Y,N,,N,N,1,2026-04-13T11:58:00,2026-04-13T12:54:00,56,125.25,No Access
JT11001229,JT11001229-1,WO701075,AP9001229,5058,1001,CSP1,PCELEC,N,N,,Y,Y,2,2026-04-15T08:08:00,2026-04-15T09:51:00,103,125.25,Completed
JT11001230,JT11001230-1,WO701076,AP9001230,5017,1002,CSP1,PCPLAST,N,N,,Y,N,1,2026-04-13T12:20:00,2026-04-13T13:17:00,57,225.49,Completed
JT11001231,JT11001231-1,WO701077,AP9001231,5082,1002,CSP1,PCFENCE,N,N,,Y,N,1,2026-04-13T07:50:00,2026-04-13T09:23:00,93,322.62,Completed
JT11001232,JT11001232-1,WO701078,AP9001232,5064,1002,CSP1,PCGROUND,N,N,,Y,N,1,2026-04-13T12:18:00,2026-04-13T13:28:00,70,372.37,Completed
JT11001233,JT11001233-1,WO701079,AP9001233,5189,1008,CSP2,PCTILE,N,N,,Y,N,1,2026-04-13T12:17:00,2026-04-13T13:44:00,87,213.76,Completed
JT11001234,JT11001234-1,WO701080,AP9001234,5161,1007,CSP2,PCPLAST,N,Y,Previously done,N,N,1,2026-04-13T11:59:00,2026-04-13T13:11:00,72,126.86,Completed
JT11001235,JT11001235-1,WO701080,AP9001235,5161,1007,CSP2,PCPLAST,N,N,,Y,Y,2,2026-04-15T08:11:00,2026-04-15T09:40:00,89,126.86,Completed
JT11001236,JT11001236-1,WO701081,AP9001236,5118,1008,CSP2,PCBRICK,N,N,,Y,N,1,2026-04-13T08:15:00,2026-04-13T09:19:00,64,297.58,Completed
JT11001237,JT11001237-1,WO701083,AP9001237,5155,1007,CSP2,PCFENCE,N,N,,Y,N,1,2026-04-13T07:56:00,2026-04-13T09:25:00,89,322.95,Completed
JT11001238,JT11001238-1,WO701084,AP9001238,5104,1007,CSP2,PCPLAST,N,N,,Y,N,1,2026-04-13T08:03:00,2026-04-13T09:03:00,60,205.32,Completed
JT11001239,JT11001239-1,WO701085,AP9001239,5198,1006,CSP2,PCPLAST,N,N,,Y,N,1,2026-04-13T12:08:00,2026-04-13T13:22:00,74,171.20,Completed
JT11001240,JT11001240-1,WO701086,AP9001240,5144,1006,CSP2,PCELEC,N,N,,Y,N,1,2026-04-13T08:16:00,2026-04-13T08:59:00,43,270.59,Completed
JT11001241,JT11001241-1,WO701087,AP9001241,5178,1008,CSP2,PCPLAST,N,Y,Follow on weather conditions,N,N,1,2026-04-13T11:52:00,2026-04-13T13:13:00,81,66.73,Completed
JT11001242,JT11001242-1,WO701087,AP9001242,5178,1008,CSP2,PCPLAST,N,N,,Y,Y,2,2026-04-15T12:14:00,2026-04-15T13:23:00,69,66.73,Completed
JT11001243,JT11001243-1,WO701088,AP9001243,5134,1008,CSP2,PCGROUND,N,N,,Y,N,1,2026-04-13T08:09:00,2026-04-13T08:37:00,28,442.11,Completed
JT11001244,JT11001244-1,WO701089,AP9001244,5117,1007,CSP2,PCTILE,N,N,,Y,N,1,2026-04-13T12:02:00,2026-04-13T12:36:00,34,203.60,Completed
JT11001245,JT11001245-1,WO701090,AP9001245,5110,1009,CSP2,PCELEC,N,N,,Y,N,1,2026-04-13T11:59:00,2026-04-13T12:56:00,57,235.16,Completed
JT11001246,JT11001246-1,WO701091,AP9001246,5183,1006,CSP2,PCVINYL,N,N,,Y,N,1,2026-04-13T11:55:00,2026-04-13T12:59:00,64,272.25,Completed
JT11001247,JT11001247-1,WO701092,AP9001247,5131,1008,CSP2,PCBRICK,N,N,,Y,N,1,2026-04-13T07:52:00,2026-04-13T08:17:00,25,264.52,Completed
JT11001248,JT11001248-1,WO701094,AP9001248,5162,1006,CSP2,PCPLUMB,N,N,,Y,N,1,2026-04-13T07:54:00,2026-04-13T08:47:00,53,242.16,Completed
JT11001249,JT11001249-1,WO701095,AP9001249,5151,1009,CSP2,PCGROUND,N,N,,Y,N,1,2026-04-13T08:12:00,2026-04-13T09:30:00,78,391.20,Completed
JT11001250,JT11001250-1,WO701096,AP9001250,5153,1009,CSP2,PCGROUND,N,N,,Y,N,1,2026-04-13T08:20:00,2026-04-13T10:03:00,103,429.51,Completed
JT11001251,JT11001251-1,WO701097,AP9001251,5105,1008,CSP2,PCBRICK,N,N,,Y,N,1,2026-04-13T12:00:00,2026-04-13T13:43:00,103,303.17,Completed
JT11001252,JT11001252-1,WO701098,AP9001252,5128,1009,CSP2,PCPLAST,N,N,,Y,N,1,2026-04-13T12:02:00,2026-04-13T13:56:00,114,194.05,Completed
JT11001253,JT11001253-1,WO701099,AP9001253,5199,1007,CSP2,PCFENCE,N,N,,Y,N,1,2026-04-13T07:50:00,2026-04-13T09:25:00,95,356.32,Completed
JT11001254,JT11001254-1,WO701100,AP9001254,5192,1007,CSP2,PCVINYL,N,N,,Y,N,1,2026-04-13T07:50:00,2026-04-13T08:48:00,58,230.34,Completed
JT11001255,JT11001255-1,WO701101,AP9001255,5264,1012,CSP4,PCCARP,N,N,,Y,N,1,2026-04-13T08:13:00,2026-04-13T10:07:00,114,155.08,Completed
JT11001256,JT11001256-1,WO701102,AP9001256,5212,1012,CSP4,PCELEC,N,N,,Y,N,1,2026-04-13T11:51:00,2026-04-13T12:28:00,37,292.22,Completed
JT11001257,JT11001257-1,WO701103,AP9001257,5212,1011,CSP4,PCCARP,N,N,,Y,N,1,2026-04-13T08:01:00,2026-04-13T08:58:00,57,172.19,Completed
JT11001258,JT11001258-1,WO701104,AP9001258,5257,1013,CSP4,PCPLAST,N,N,,Y,N,1,2026-04-13T07:58:00,2026-04-13T08:26:00,28,217.54,Completed
JT11001259,JT11001259-1,WO701105,AP9001259,5280,1012,CSP4,PCPLAST,N,N,,Y,N,1,2026-04-13T08:08:00,2026-04-13T09:09:00,61,189.66,Completed
JT11001260,JT11001260-1,WO701107,AP9001260,5232,1011,CSP4,PCGROUND,N,N,,Y,N,1,2026-04-13T08:17:00,2026-04-13T09:15:00,58,477.46,Completed
JT11001261,JT11001261-1,WO701108,AP9001261,5229,1014,CSP4,PCVINYL,N,N,,Y,N,1,2026-04-13T07:54:00,2026-04-13T09:06:00,72,232.08,Completed
JT11001262,JT11001262-1,WO701109,AP9001262,5260,1013,CSP4,PCCARP,N,N,,Y,N,1,2026-04-13T07:54:00,2026-04-13T09:43:00,109,158.53,Completed
JT11001263,JT11001263-1,WO701110,AP9001263,5241,1012,CSP4,PCFENCE,N,Y,Planned referral required,N,N,1,2026-04-13T08:16:00,2026-04-13T09:05:00,49,127.60,Completed
JT11001264,JT11001264-1,WO701110,AP9001264,5241,1012,CSP4,PCFENCE,N,N,,Y,Y,2,2026-04-15T08:19:00,2026-04-15T09:06:00,47,127.60,Completed
JT11001265,JT11001265-1,WO701111,AP9001265,5270,1011,CSP4,PCPLAST,N,N,,Y,N,1,2026-04-13T07:55:00,2026-04-13T09:04:00,69,208.21,Completed
JT11001266,JT11001266-1,WO701112,AP9001266,5249,1014,CSP4,PCPLUMB,N,N,,Y,N,1,2026-04-13T11:51:00,2026-04-13T12:11:00,20,235.98,Completed
JT11001267,JT11001267-1,WO701113,AP9001267,5203,1014,CSP4,PCVINYL,N,N,,Y,N,1,2026-04-13T07:56:00,2026-04-13T10:01:00,125,244.63,Completed
JT11001268,JT11001268-1,WO701115,AP9001268,5255,1014,CSP4,PCFENCE,N,N,,Y,N,1,2026-04-13T11:53:00,2026-04-13T12:55:00,62,322.64,Completed
JT11001269,JT11001269-1,WO701116,AP9001269,5289,1011,CSP4,PCPLAST,N,N,,Y,N,1,2026-04-13T08:00:00,2026-04-13T08:44:00,44,171.35,Completed
JT11001270,JT11001270-1,WO701117,AP9001270,5277,1014,CSP4,PCTILE,N,N,,Y,N,1,2026-04-13T11:51:00,2026-04-13T13:12:00,81,193.55,Completed
JT11001271,JT11001271-1,WO701118,AP9001271,5294,1013,CSP4,PCFENCE,N,Y,Works not required,N,N,1,2026-04-13T08:06:00,2026-04-13T09:29:00,83,140.07,Completed
JT11001272,JT11001272-1,WO701118,AP9001272,5294,1013,CSP4,PCFENCE,N,N,,Y,Y,2,2026-04-15T07:56:00,2026-04-15T08:31:00,35,140.07,Completed
JT11001273,JT11001273-1,WO701119,AP9001273,5287,1012,CSP4,PCVINYL,Y,N,,N,N,1,2026-04-13T12:12:00,2026-04-13T12:45:00,33,96.38,No Access
JT11001274,JT11001274-1,WO701119,AP9001274,5287,1012,CSP4,PCVINYL,N,N,,Y,Y,2,2026-04-15T08:02:00,2026-04-15T09:34:00,92,96.38,Completed
JT11001275,JT11001275-1,WO701120,AP9001275,5282,1011,CSP4,PCCARP,Y,N,,N,N,1,2026-04-13T08:06:00,2026-04-13T09:18:00,72,99.79,No Access
JT11001276,JT11001276-1,WO701120,AP9001276,5282,1011,CSP4,PCCARP,N,N,,Y,Y,2,2026-04-15T08:08:00,2026-04-15T09:51:00,103,99.79,Completed
JT11001277,JT11001277-1,WO701121,AP9001277,5249,1013,CSP4,PCTILE,N,N,,Y,N,1,2026-04-13T12:19:00,2026-04-13T13:43:00,84,157.73,Completed
JT11001278,JT11001278-1,WO701122,AP9001278,5203,1013,CSP4,PCBRICK,Y,N,,N,N,1,2026-04-13T08:15:00,2026-04-13T10:12:00,117,120.42,No Access
JT11001279,JT11001279-1,WO701122,AP9001279,5203,1013,CSP4,PCBRICK,N,N,,Y,Y,2,2026-04-15T08:02:00,2026-04-15T09:24:00,82,120.42,Completed
JT11001280,JT11001280-1,WO701123,AP9001280,5053,1003,CSP1,PCFENCE,N,N,,Y,N,1,2026-04-14T08:14:00,2026-04-14T09:41:00,87,272.60,Completed
JT11001281,JT11001281-1,WO701124,AP9001281,5059,1002,CSP1,PCVINYL,N,N,,Y,N,1,2026-04-14T12:13:00,2026-04-14T13:44:00,91,209.69,Completed
JT11001282,JT11001282-1,WO701125,AP9001282,5089,1003,CSP1,PCVINYL,N,N,,Y,N,1,2026-04-14T11:55:00,2026-04-14T12:15:00,20,217.91,Completed
JT11001283,JT11001283-1,WO701126,AP9001283,5084,1002,CSP1,PCPLUMB,N,N,,Y,N,1,2026-04-14T08:14:00,2026-04-14T09:28:00,74,179.59,Completed
JT11001284,JT11001284-1,WO701127,AP9001284,5082,1002,CSP1,PCELEC,N,N,,Y,N,1,2026-04-14T07:57:00,2026-04-14T09:27:00,90,307.37,Completed
JT11001285,JT11001285-1,WO701128,AP9001285,5059,1001,CSP1,PCGROUND,N,Y,Tenant requesting extra work,N,N,1,2026-04-14T12:08:00,2026-04-14T13:24:00,76,194.51,Completed
JT11001286,JT11001286-1,WO701128,AP9001286,5059,1001,CSP1,PCGROUND,N,N,,Y,Y,2,2026-04-16T08:09:00,2026-04-16T09:27:00,78,194.51,Completed
JT11001287,JT11001287-1,WO701129,AP9001287,5060,1004,CSP1,PCVINYL,N,N,,Y,N,1,2026-04-14T11:55:00,2026-04-14T13:23:00,88,221.83,Completed
JT11001288,JT11001288-1,WO701130,AP9001288,5037,1004,CSP1,PCBRICK,N,N,,Y,N,1,2026-04-14T07:58:00,2026-04-14T08:49:00,51,315.34,Completed
JT11001289,JT11001289-1,WO701131,AP9001289,5005,1003,CSP1,PCPLUMB,N,Y,Tenant requesting extra work,N,N,1,2026-04-14T08:20:00,2026-04-14T09:24:00,64,93.55,Completed
JT11001290,JT11001290-1,WO701131,AP9001290,5005,1003,CSP1,PCPLUMB,N,N,,Y,Y,2,2026-04-16T08:05:00,2026-04-16T09:32:00,87,93.55,Completed
JT11001291,JT11001291-1,WO701133,AP9001291,5074,1001,CSP1,PCVINYL,Y,N,,N,N,1,2026-04-14T08:12:00,2026-04-14T09:28:00,76,119.91,No Access
JT11001292,JT11001292-1,WO701133,AP9001292,5074,1001,CSP1,PCVINYL,N,N,,Y,Y,2,2026-04-16T08:14:00,2026-04-16T09:38:00,84,119.91,Completed
JT11001293,JT11001293-1,WO701134,AP9001293,5030,1002,CSP1,PCCARP,N,N,,Y,N,1,2026-04-14T08:01:00,2026-04-14T09:18:00,77,138.28,Completed
JT11001294,JT11001294-1,WO701135,AP9001294,5081,1002,CSP1,PCBRICK,N,N,,Y,N,1,2026-04-14T12:16:00,2026-04-14T13:00:00,44,344.42,Completed
JT11001295,JT11001295-1,WO701136,AP9001295,5081,1001,CSP1,PCPLAST,N,N,,Y,N,1,2026-04-14T07:57:00,2026-04-14T09:10:00,73,196.45,Completed
JT11001296,JT11001296-1,WO701137,AP9001296,5059,1001,CSP1,PCFENCE,N,N,,Y,N,1,2026-04-14T07:54:00,2026-04-14T09:10:00,76,339.71,Completed
JT11001297,JT11001297-1,WO701139,AP9001297,5075,1001,CSP1,PCCARP,N,N,,Y,N,1,2026-04-14T12:02:00,2026-04-14T13:14:00,72,196.45,Completed
JT11001298,JT11001298-1,WO701141,AP9001298,5010,1004,CSP1,PCELEC,N,N,,Y,N,1,2026-04-14T08:05:00,2026-04-14T09:31:00,86,307.39,Completed
JT11001299,JT11001299-1,WO701142,AP9001299,5058,1002,CSP1,PCPLAST,N,Y,Inspection required,N,N,1,2026-04-14T11:59:00,2026-04-14T13:03:00,64,78.56,Completed
JT11001300,JT11001300-1,WO701142,AP9001300,5058,1002,CSP1,PCPLAST,N,N,,Y,Y,2,2026-04-16T11:50:00,2026-04-16T12:26:00,36,78.56,Completed
JT11001301,JT11001301-1,WO701143,AP9001301,5016,1003,CSP1,PCFENCE,N,N,,Y,N,1,2026-04-14T08:04:00,2026-04-14T09:28:00,84,277.03,Completed
JT11001302,JT11001302-1,WO701144,AP9001302,5033,1004,CSP1,PCCARP,N,N,,Y,N,1,2026-04-14T07:54:00,2026-04-14T09:26:00,92,173.82,Completed
JT11001303,JT11001303-1,WO701145,AP9001303,5147,1006,CSP2,PCCARP,Y,N,,N,N,1,2026-04-14T08:17:00,2026-04-14T10:05:00,108,115.66,No Access
JT11001304,JT11001304-1,WO701145,AP9001304,5147,1006,CSP2,PCCARP,N,N,,Y,Y,2,2026-04-16T07:50:00,2026-04-16T08:36:00,46,115.66,Completed
JT11001305,JT11001305-1,WO701146,AP9001305,5135,1008,CSP2,PCBRICK,N,N,,Y,N,1,2026-04-14T12:12:00,2026-04-14T13:49:00,97,239.20,Completed
JT11001306,JT11001306-1,WO701147,AP9001306,5164,1007,CSP2,PCVINYL,N,N,,Y,N,1,2026-04-14T07:53:00,2026-04-14T09:22:00,89,246.30,Completed
JT11001307,JT11001307-1,WO701148,AP9001307,5192,1008,CSP2,PCBRICK,N,N,,Y,N,1,2026-04-14T11:53:00,2026-04-14T13:22:00,89,414.83,Completed
JT11001308,JT11001308-1,WO701149,AP9001308,5163,1009,CSP2,PCVINYL,N,N,,Y,N,1,2026-04-14T08:18:00,2026-04-14T09:24:00,66,169.37,Completed
JT11001309,JT11001309-1,WO701150,AP9001309,5155,1008,CSP2,PCTILE,N,N,,Y,N,1,2026-04-14T12:20:00,2026-04-14T12:45:00,25,131.48,Completed
JT11001310,JT11001310-1,WO701151,AP9001310,5166,1007,CSP2,PCBRICK,N,N,,Y,N,1,2026-04-14T12:09:00,2026-04-14T13:50:00,101,298.27,Completed
JT11001311,JT11001311-1,WO701152,AP9001311,5115,1006,CSP2,PCPLAST,N,N,,Y,N,1,2026-04-14T12:18:00,2026-04-14T13:24:00,66,210.90,Completed
JT11001312,JT11001312-1,WO701153,AP9001312,5148,1008,CSP2,PCPLAST,N,N,,Y,N,1,2026-04-14T08:06:00,2026-04-14T09:25:00,79,147.06,Completed
JT11001313,JT11001313-1,WO701154,AP9001313,5173,1006,CSP2,PCFENCE,N,N,,Y,N,1,2026-04-14T08:16:00,2026-04-14T09:50:00,94,314.03,Completed
JT11001314,JT11001314-1,WO701155,AP9001314,5172,1007,CSP2,PCBRICK,N,N,,Y,N,1,2026-04-14T12:12:00,2026-04-14T12:58:00,46,375.13,Completed
JT11001315,JT11001315-1,WO701157,AP9001315,5136,1007,CSP2,PCVINYL,N,N,,Y,N,1,2026-04-14T12:07:00,2026-04-14T13:26:00,79,254.46,Completed
JT11001316,JT11001316-1,WO701158,AP9001316,5137,1006,CSP2,PCPLUMB,N,N,,Y,N,1,2026-04-14T11:55:00,2026-04-14T13:31:00,96,221.37,Completed
JT11001317,JT11001317-1,WO701159,AP9001317,5152,1008,CSP2,PCPLUMB,N,N,,Y,N,1,2026-04-14T12:14:00,2026-04-14T13:20:00,66,246.68,Completed
JT11001318,JT11001318-1,WO701160,AP9001318,5154,1008,CSP2,PCBRICK,Y,N,,N,N,1,2026-04-14T12:08:00,2026-04-14T13:37:00,89,183.88,No Access
JT11001319,JT11001319-1,WO701160,AP9001319,5154,1008,CSP2,PCBRICK,N,N,,Y,Y,2,2026-04-16T07:55:00,2026-04-16T08:56:00,61,183.88,Completed
JT11001320,JT11001320-1,WO701161,AP9001320,5107,1007,CSP2,PCVINYL,N,N,,Y,N,1,2026-04-14T12:16:00,2026-04-14T13:47:00,91,135.76,Completed
JT11001321,JT11001321-1,WO701162,AP9001321,5148,1009,CSP2,PCCARP,N,N,,Y,N,1,2026-04-14T08:08:00,2026-04-14T09:59:00,111,258.75,Completed
JT11001322,JT11001322-1,WO701164,AP9001322,5189,1009,CSP2,PCPLUMB,N,N,,Y,N,1,2026-04-14T08:12:00,2026-04-14T09:36:00,84,250.93,Completed
JT11001323,JT11001323-1,WO701165,AP9001323,5189,1006,CSP2,PCVINYL,N,N,,Y,N,1,2026-04-14T08:09:00,2026-04-14T09:08:00,59,209.98,Completed
JT11001324,JT11001324-1,WO701166,AP9001324,5119,1008,CSP2,PCVINYL,N,N,,Y,N,1,2026-04-14T12:13:00,2026-04-14T13:52:00,99,211.03,Completed
JT11001325,JT11001325-1,WO701167,AP9001325,5236,1012,CSP4,PCFENCE,N,Y,Weather condition,N,N,1,2026-04-14T08:02:00,2026-04-14T09:13:00,71,161.04,Completed
JT11001326,JT11001326-1,WO701167,AP9001326,5236,1012,CSP4,PCFENCE,N,N,,Y,Y,2,2026-04-16T08:09:00,2026-04-16T09:45:00,96,161.04,Completed
JT11001327,JT11001327-1,WO701168,AP9001327,5272,1011,CSP4,PCTILE,N,N,,Y,N,1,2026-04-14T08:14:00,2026-04-14T09:34:00,80,149.29,Completed
JT11001328,JT11001328-1,WO701169,AP9001328,5228,1014,CSP4,PCPLUMB,N,N,,Y,N,1,2026-04-14T07:59:00,2026-04-14T09:44:00,105,258.78,Completed
JT11001329,JT11001329-1,WO701170,AP9001329,5276,1014,CSP4,PCGROUND,N,N,,Y,N,1,2026-04-14T07:53:00,2026-04-14T09:00:00,67,305.93,Completed
JT11001330,JT11001330-1,WO701171,AP9001330,5214,1013,CSP4,PCPLAST,N,Y,Scaffolding required,N,N,1,2026-04-14T11:56:00,2026-04-14T13:37:00,101,84.05,Completed
JT11001331,JT11001331-1,WO701171,AP9001331,5214,1013,CSP4,PCPLAST,N,N,,Y,Y,2,2026-04-16T08:02:00,2026-04-16T09:15:00,73,84.05,Completed
JT11001332,JT11001332-1,WO701172,AP9001332,5225,1013,CSP4,PCCARP,N,N,,Y,N,1,2026-04-14T11:58:00,2026-04-14T13:02:00,64,167.24,Completed
JT11001333,JT11001333-1,WO701173,AP9001333,5260,1014,CSP4,PCCARP,N,Y,Re-directed work,N,N,1,2026-04-14T08:11:00,2026-04-14T09:26:00,75,93.60,Completed
JT11001334,JT11001334-1,WO701173,AP9001334,5260,1014,CSP4,PCCARP,N,N,,Y,Y,2,2026-04-16T08:01:00,2026-04-16T08:50:00,49,93.60,Completed
JT11001335,JT11001335-1,WO701174,AP9001335,5258,1011,CSP4,PCFENCE,N,N,,Y,N,1,2026-04-14T08:01:00,2026-04-14T09:32:00,91,307.57,Completed
JT11001336,JT11001336-1,WO701175,AP9001336,5256,1011,CSP4,PCGROUND,N,N,,Y,N,1,2026-04-14T08:04:00,2026-04-14T08:41:00,37,471.55,Completed
JT11001337,JT11001337-1,WO701176,AP9001337,5255,1012,CSP4,PCTILE,N,N,,Y,N,1,2026-04-14T08:16:00,2026-04-14T10:04:00,108,198.86,Completed
JT11001338,JT11001338-1,WO701177,AP9001338,5214,1011,CSP4,PCPLUMB,N,N,,Y,N,1,2026-04-14T08:04:00,2026-04-14T09:46:00,102,300.74,Completed
JT11001339,JT11001339-1,WO701178,AP9001339,5231,1014,CSP4,PCCARP,N,N,,Y,N,1,2026-04-14T07:59:00,2026-04-14T09:37:00,98,148.65,Completed
JT11001340,JT11001340-1,WO701179,AP9001340,5229,1014,CSP4,PCBRICK,N,N,,Y,N,1,2026-04-14T08:00:00,2026-04-14T09:11:00,71,358.82,Completed
JT11001341,JT11001341-1,WO701180,AP9001341,5294,1012,CSP4,PCPLUMB,N,Y,Scaffolding required,N,N,1,2026-04-14T07:57:00,2026-04-14T09:09:00,72,95.42,Completed
JT11001342,JT11001342-1,WO701180,AP9001342,5294,1012,CSP4,PCPLUMB,N,N,,Y,Y,2,2026-04-16T07:57:00,2026-04-16T09:38:00,101,95.42,Completed
JT11001343,JT11001343-1,WO701181,AP9001343,5289,1014,CSP4,PCTILE,N,N,,Y,N,1,2026-04-14T12:10:00,2026-04-14T13:08:00,58,217.06,Completed
JT11001344,JT11001344-1,WO701182,AP9001344,5202,1014,CSP4,PCELEC,Y,N,,N,N,1,2026-04-14T08:15:00,2026-04-14T09:36:00,81,120.28,No Access
JT11001345,JT11001345-1,WO701182,AP9001345,5202,1014,CSP4,PCELEC,N,N,,Y,Y,2,2026-04-16T08:07:00,2026-04-16T09:36:00,89,120.28,Completed
JT11001346,JT11001346-1,WO701184,AP9001346,5203,1014,CSP4,PCBRICK,N,N,,Y,N,1,2026-04-14T12:19:00,2026-04-14T13:27:00,68,220.52,Completed
JT11001347,JT11001347-1,WO701185,AP9001347,5295,1013,CSP4,PCFENCE,N,N,,Y,N,1,2026-04-14T08:09:00,2026-04-14T09:53:00,104,338.13,Completed
JT11001348,JT11001348-1,WO701186,AP9001348,5202,1014,CSP4,PCFENCE,N,N,,Y,N,1,2026-04-14T11:56:00,2026-04-14T13:14:00,78,181.78,Completed
JT11001349,JT11001349-1,WO701187,AP9001349,5277,1013,CSP4,PCELEC,N,N,,Y,N,1,2026-04-14T08:09:00,2026-04-14T09:26:00,77,276.86,Completed
JT11001350,JT11001350-1,WO701188,AP9001350,5285,1012,CSP4,PCPLAST,N,N,,Y,N,1,2026-04-14T08:03:00,2026-04-14T09:10:00,67,103.25,Completed
JT11001351,JT11001351-1,WO701189,AP9001351,5096,1002,CSP1,PCCARP,N,N,,Y,N,1,2026-04-15T08:06:00,2026-04-15T09:03:00,57,196.26,Completed
JT11001352,JT11001352-1,WO701190,AP9001352,5070,1004,CSP1,PCELEC,N,N,,Y,N,1,2026-04-15T11:50:00,2026-04-15T12:17:00,27,330.23,Completed
JT11001353,JT11001353-1,WO701191,AP9001353,5051,1003,CSP1,PCVINYL,N,N,,Y,N,1,2026-04-15T08:00:00,2026-04-15T09:42:00,102,232.25,Completed
JT11001354,JT11001354-1,WO701192,AP9001354,5079,1002,CSP1,PCCARP,N,N,,Y,N,1,2026-04-15T08:16:00,2026-04-15T08:51:00,35,263.11,Completed
JT11001355,JT11001355-1,WO701193,AP9001355,5088,1004,CSP1,PCPLAST,N,N,,Y,N,1,2026-04-15T07:58:00,2026-04-15T08:53:00,55,162.67,Completed
JT11001356,JT11001356-1,WO701194,AP9001356,5037,1001,CSP1,PCCARP,N,N,,Y,N,1,2026-04-15T08:17:00,2026-04-15T09:06:00,49,239.27,Completed
JT11001357,JT11001357-1,WO701195,AP9001357,5063,1004,CSP1,PCBRICK,N,N,,Y,N,1,2026-04-15T08:03:00,2026-04-15T09:05:00,62,329.67,Completed
JT11001358,JT11001358-1,WO701196,AP9001358,5065,1001,CSP1,PCGROUND,N,N,,Y,N,1,2026-04-15T12:14:00,2026-04-15T13:39:00,85,503.67,Completed
JT11001359,JT11001359-1,WO701197,AP9001359,5011,1001,CSP1,PCBRICK,N,N,,Y,N,1,2026-04-15T11:56:00,2026-04-15T13:41:00,105,406.77,Completed
JT11001360,JT11001360-1,WO701198,AP9001360,5052,1001,CSP1,PCCARP,N,N,,Y,N,1,2026-04-15T08:08:00,2026-04-15T09:11:00,63,218.74,Completed
JT11001361,JT11001361-1,WO701199,AP9001361,5042,1002,CSP1,PCPLAST,Y,N,,N,N,1,2026-04-15T11:53:00,2026-04-15T12:43:00,50,106.03,No Access
JT11001362,JT11001362-1,WO701199,AP9001362,5042,1002,CSP1,PCPLAST,N,N,,Y,Y,2,2026-04-17T12:20:00,2026-04-17T13:25:00,65,106.03,Completed
JT11001363,JT11001363-1,WO701200,AP9001363,5039,1002,CSP1,PCELEC,N,Y,Follow on planned inspection/measure,N,N,1,2026-04-15T08:04:00,2026-04-15T08:25:00,21,146.24,Completed
JT11001364,JT11001364-1,WO701200,AP9001364,5039,1002,CSP1,PCELEC,N,N,,Y,Y,2,2026-04-17T08:07:00,2026-04-17T09:36:00,89,146.24,Completed
JT11001365,JT11001365-1,WO701201,AP9001365,5065,1003,CSP1,PCFENCE,N,N,,Y,N,1,2026-04-15T07:58:00,2026-04-15T09:28:00,90,266.55,Completed
JT11001366,JT11001366-1,WO701202,AP9001366,5004,1002,CSP1,PCVINYL,N,N,,Y,N,1,2026-04-15T08:12:00,2026-04-15T09:56:00,104,169.19,Completed
JT11001367,JT11001367-1,WO701203,AP9001367,5080,1002,CSP1,PCGROUND,N,N,,Y,N,1,2026-04-15T08:11:00,2026-04-15T09:34:00,83,336.34,Completed
JT11001368,JT11001368-1,WO701204,AP9001368,5001,1001,CSP1,PCELEC,N,N,,Y,N,1,2026-04-15T07:59:00,2026-04-15T08:19:00,20,243.33,Completed
JT11001369,JT11001369-1,WO701205,AP9001369,5084,1004,CSP1,PCCARP,N,N,,Y,N,1,2026-04-15T11:50:00,2026-04-15T13:38:00,108,160.16,Completed
JT11001370,JT11001370-1,WO701206,AP9001370,5016,1003,CSP1,PCGROUND,N,N,,Y,N,1,2026-04-15T08:04:00,2026-04-15T09:17:00,73,400.33,Completed
JT11001371,JT11001371-1,WO701207,AP9001371,5018,1003,CSP1,PCTILE,N,N,,Y,N,1,2026-04-15T12:09:00,2026-04-15T12:29:00,20,183.59,Completed
JT11001372,JT11001372-1,WO701208,AP9001372,5001,1003,CSP1,PCELEC,N,N,,Y,N,1,2026-04-15T08:15:00,2026-04-15T09:17:00,62,260.01,Completed
JT11001373,JT11001373-1,WO701209,AP9001373,5013,1001,CSP1,PCTILE,N,N,,Y,N,1,2026-04-15T07:54:00,2026-04-15T09:16:00,82,163.37,Completed
JT11001374,JT11001374-1,WO701210,AP9001374,5052,1001,CSP1,PCELEC,Y,N,,N,N,1,2026-04-15T12:13:00,2026-04-15T12:50:00,37,162.16,No Access
JT11001375,JT11001375-1,WO701210,AP9001375,5052,1001,CSP1,PCELEC,N,N,,Y,Y,2,2026-04-17T07:53:00,2026-04-17T08:42:00,49,162.16,Completed
JT11001376,JT11001376-1,WO701211,AP9001376,5185,1009,CSP2,PCCARP,N,Y,Warning risk / Warning vulnerable,N,N,1,2026-04-15T08:02:00,2026-04-15T09:32:00,90,110.81,Completed
JT11001377,JT11001377-1,WO701211,AP9001377,5185,1009,CSP2,PCCARP,N,N,,Y,Y,2,2026-04-17T12:11:00,2026-04-17T13:28:00,77,110.81,Completed
JT11001378,JT11001378-1,WO701212,AP9001378,5166,1006,CSP2,PCGROUND,N,Y,Warning risk / Warning vulnerable,N,N,1,2026-04-15T08:02:00,2026-04-15T09:29:00,87,123.95,Completed
JT11001379,JT11001379-1,WO701212,AP9001379,5166,1006,CSP2,PCGROUND,N,N,,Y,Y,2,2026-04-17T12:18:00,2026-04-17T13:40:00,82,123.95,Completed
JT11001380,JT11001380-1,WO701213,AP9001380,5186,1006,CSP2,PCBRICK,N,N,,Y,N,1,2026-04-15T11:50:00,2026-04-15T12:10:00,20,343.70,Completed
JT11001381,JT11001381-1,WO701214,AP9001381,5137,1009,CSP2,PCELEC,N,N,,Y,N,1,2026-04-15T07:53:00,2026-04-15T08:13:00,20,323.70,Completed
JT11001382,JT11001382-1,WO701215,AP9001382,5180,1009,CSP2,PCELEC,N,Y,Asbestos found,N,N,1,2026-04-15T07:59:00,2026-04-15T09:22:00,83,137.51,Completed
JT11001383,JT11001383-1,WO701215,AP9001383,5180,1009,CSP2,PCELEC,N,N,,Y,Y,2,2026-04-17T12:18:00,2026-04-17T13:39:00,81,137.51,Completed
JT11001384,JT11001384-1,WO701216,AP9001384,5121,1006,CSP2,PCFENCE,N,N,,Y,N,1,2026-04-15T08:10:00,2026-04-15T09:26:00,76,344.16,Completed
JT11001385,JT11001385-1,WO701217,AP9001385,5109,1006,CSP2,PCPLAST,N,Y,Re-directed work,N,N,1,2026-04-15T11:55:00,2026-04-15T13:18:00,83,124.16,Completed
JT11001386,JT11001386-1,WO701217,AP9001386,5109,1006,CSP2,PCPLAST,N,N,,Y,Y,2,2026-04-17T12:07:00,2026-04-17T13:34:00,87,124.16,Completed
JT11001387,JT11001387-1,WO701218,AP9001387,5136,1008,CSP2,PCBRICK,N,N,,Y,N,1,2026-04-15T12:16:00,2026-04-15T12:49:00,33,335.05,Completed
JT11001388,JT11001388-1,WO701219,AP9001388,5124,1006,CSP2,PCGROUND,N,N,,Y,N,1,2026-04-15T11:54:00,2026-04-15T13:02:00,68,316.86,Completed
JT11001389,JT11001389-1,WO701220,AP9001389,5175,1008,CSP2,PCVINYL,N,N,,Y,N,1,2026-04-15T07:55:00,2026-04-15T08:52:00,57,278.20,Completed
JT11001390,JT11001390-1,WO701221,AP9001390,5187,1006,CSP2,PCELEC,N,N,,Y,N,1,2026-04-15T12:07:00,2026-04-15T13:00:00,53,319.36,Completed
JT11001391,JT11001391-1,WO701222,AP9001391,5150,1006,CSP2,PCVINYL,N,N,,Y,N,1,2026-04-15T08:09:00,2026-04-15T09:42:00,93,270.54,Completed
JT11001392,JT11001392-1,WO701223,AP9001392,5198,1009,CSP2,PCFENCE,N,N,,Y,N,1,2026-04-15T12:02:00,2026-04-15T13:00:00,58,350.40,Completed
JT11001393,JT11001393-1,WO701224,AP9001393,5182,1006,CSP2,PCGROUND,N,N,,Y,N,1,2026-04-15T07:54:00,2026-04-15T09:18:00,84,362.43,Completed
JT11001394,JT11001394-1,WO701225,AP9001394,5156,1006,CSP2,PCGROUND,N,N,,Y,N,1,2026-04-15T08:14:00,2026-04-15T09:13:00,59,438.39,Completed
JT11001395,JT11001395-1,WO701226,AP9001395,5105,1009,CSP2,PCPLAST,Y,N,,N,N,1,2026-04-15T08:11:00,2026-04-15T09:41:00,90,85.03,No Access
JT11001396,JT11001396-1,WO701226,AP9001396,5105,1009,CSP2,PCPLAST,N,N,,Y,Y,2,2026-04-17T11:56:00,2026-04-17T12:59:00,63,85.03,Completed
JT11001397,JT11001397-1,WO701227,AP9001397,5188,1009,CSP2,PCGROUND,N,N,,Y,N,1,2026-04-15T08:10:00,2026-04-15T09:32:00,82,333.13,Completed
JT11001398,JT11001398-1,WO701228,AP9001398,5172,1009,CSP2,PCPLAST,N,Y,Follow on weather conditions,N,N,1,2026-04-15T07:52:00,2026-04-15T09:24:00,92,104.84,Completed
JT11001399,JT11001399-1,WO701228,AP9001399,5172,1009,CSP2,PCPLAST,N,N,,Y,Y,2,2026-04-17T08:13:00,2026-04-17T09:26:00,73,104.84,Completed
JT11001400,JT11001400-1,WO701229,AP9001400,5167,1007,CSP2,PCBRICK,N,Y,Warning risk / Warning vulnerable,N,N,1,2026-04-15T11:55:00,2026-04-15T12:24:00,29,144.63,Completed
JT11001401,JT11001401-1,WO701229,AP9001401,5167,1007,CSP2,PCBRICK,N,N,,Y,Y,2,2026-04-17T11:56:00,2026-04-17T13:06:00,70,144.63,Completed
JT11001402,JT11001402-1,WO701230,AP9001402,5138,1007,CSP2,PCBRICK,N,N,,Y,N,1,2026-04-15T08:04:00,2026-04-15T09:21:00,77,315.48,Completed
JT11001403,JT11001403-1,WO701231,AP9001403,5167,1006,CSP2,PCGROUND,N,N,,Y,N,1,2026-04-15T08:07:00,2026-04-15T09:49:00,102,376.15,Completed
JT11001404,JT11001404-1,WO701232,AP9001404,5134,1006,CSP2,PCPLUMB,N,N,,Y,N,1,2026-04-15T08:09:00,2026-04-15T09:06:00,57,303.37,Completed
JT11001405,JT11001405-1,WO701233,AP9001405,5271,1014,CSP4,PCFENCE,N,N,,Y,N,1,2026-04-15T07:54:00,2026-04-15T09:27:00,93,299.53,Completed
JT11001406,JT11001406-1,WO701234,AP9001406,5279,1012,CSP4,PCPLUMB,N,N,,Y,N,1,2026-04-15T07:59:00,2026-04-15T09:03:00,64,205.60,Completed
JT11001407,JT11001407-1,WO701235,AP9001407,5271,1013,CSP4,PCELEC,N,N,,Y,N,1,2026-04-15T08:12:00,2026-04-15T09:28:00,76,293.35,Completed
JT11001408,JT11001408-1,WO701236,AP9001408,5245,1014,CSP4,PCVINYL,N,N,,Y,N,1,2026-04-15T12:14:00,2026-04-15T13:09:00,55,221.80,Completed
JT11001409,JT11001409-1,WO701238,AP9001409,5299,1011,CSP4,PCVINYL,N,Y,Re-directed work,N,N,1,2026-04-15T08:17:00,2026-04-15T09:41:00,84,107.00,Completed
JT11001410,JT11001410-1,WO701238,AP9001410,5299,1011,CSP4,PCVINYL,N,N,,Y,Y,2,2026-04-17T08:07:00,2026-04-17T09:04:00,57,107.00,Completed
JT11001411,JT11001411-1,WO701241,AP9001411,5208,1013,CSP4,PCPLAST,N,N,,Y,N,1,2026-04-15T08:08:00,2026-04-15T08:54:00,46,242.57,Completed
JT11001412,JT11001412-1,WO701242,AP9001412,5238,1013,CSP4,PCPLAST,N,N,,Y,N,1,2026-04-15T08:02:00,2026-04-15T09:25:00,83,188.05,Completed
JT11001413,JT11001413-1,WO701243,AP9001413,5227,1012,CSP4,PCELEC,N,N,,Y,N,1,2026-04-15T07:57:00,2026-04-15T08:49:00,52,273.80,Completed
JT11001414,JT11001414-1,WO701244,AP9001414,5271,1014,CSP4,PCBRICK,Y,N,,N,N,1,2026-04-15T12:08:00,2026-04-15T13:33:00,85,192.65,No Access
JT11001415,JT11001415-1,WO701244,AP9001415,5271,1014,CSP4,PCBRICK,N,N,,Y,Y,2,2026-04-17T07:54:00,2026-04-17T08:53:00,59,192.65,Completed
JT11001416,JT11001416-1,WO701245,AP9001416,5245,1012,CSP4,PCVINYL,Y,N,,N,N,1,2026-04-15T08:13:00,2026-04-15T09:43:00,90,130.66,No Access
JT11001417,JT11001417-1,WO701245,AP9001417,5245,1012,CSP4,PCVINYL,N,N,,Y,Y,2,2026-04-17T08:20:00,2026-04-17T09:33:00,73,130.66,Completed
JT11001418,JT11001418-1,WO701246,AP9001418,5267,1012,CSP4,PCTILE,N,N,,Y,N,1,2026-04-15T12:08:00,2026-04-15T13:57:00,109,198.10,Completed
JT11001419,JT11001419-1,WO701247,AP9001419,5231,1011,CSP4,PCELEC,N,N,,Y,N,1,2026-04-15T12:03:00,2026-04-15T12:25:00,22,271.88,Completed
JT11001420,JT11001420-1,WO701248,AP9001420,5276,1014,CSP4,PCVINYL,N,Y,Previously done,N,N,1,2026-04-15T07:56:00,2026-04-15T09:49:00,113,136.71,Completed
JT11001421,JT11001421-1,WO701248,AP9001421,5276,1014,CSP4,PCVINYL,N,N,,Y,Y,2,2026-04-17T12:09:00,2026-04-17T14:18:00,129,136.71,Completed
JT11001422,JT11001422-1,WO701250,AP9001422,5240,1012,CSP4,PCPLUMB,N,Y,Weather condition,N,N,1,2026-04-15T08:19:00,2026-04-15T09:28:00,69,100.61,Completed
JT11001423,JT11001423-1,WO701250,AP9001423,5240,1012,CSP4,PCPLUMB,N,N,,Y,Y,2,2026-04-17T08:15:00,2026-04-17T10:00:00,105,100.61,Completed
JT11001424,JT11001424-1,WO701251,AP9001424,5234,1014,CSP4,PCTILE,N,N,,Y,N,1,2026-04-15T12:07:00,2026-04-15T13:12:00,65,172.24,Completed
JT11001425,JT11001425-1,WO701252,AP9001425,5295,1014,CSP4,PCPLUMB,N,N,,Y,N,1,2026-04-15T12:09:00,2026-04-15T13:45:00,96,368.78,Completed
JT11001426,JT11001426-1,WO701253,AP9001426,5255,1013,CSP4,PCGROUND,N,N,,Y,N,1,2026-04-15T07:57:00,2026-04-15T10:03:00,126,242.23,Completed
JT11001427,JT11001427-1,WO701254,AP9001427,5202,1012,CSP4,PCBRICK,N,N,,Y,N,1,2026-04-15T08:06:00,2026-04-15T10:03:00,117,319.26,Completed
JT11001428,JT11001428-1,WO701255,AP9001428,5074,1002,CSP1,PCVINYL,N,Y,Inspection required,N,N,1,2026-04-16T08:00:00,2026-04-16T09:00:00,60,80.89,Completed
JT11001429,JT11001429-1,WO701255,AP9001429,5074,1002,CSP1,PCVINYL,N,N,,Y,Y,2,2026-04-20T08:06:00,2026-04-20T09:19:00,73,80.89,Completed
JT11001430,JT11001430-1,WO701256,AP9001430,5078,1002,CSP1,PCPLUMB,N,N,,Y,N,1,2026-04-16T08:02:00,2026-04-16T08:22:00,20,168.14,Completed
JT11001431,JT11001431-1,WO701257,AP9001431,5003,1001,CSP1,PCELEC,N,N,,Y,N,1,2026-04-16T07:59:00,2026-04-16T09:03:00,64,271.20,Completed
JT11001432,JT11001432-1,WO701258,AP9001432,5008,1004,CSP1,PCCARP,N,N,,Y,N,1,2026-04-16T11:54:00,2026-04-16T13:43:00,109,169.90,Completed
JT11001433,JT11001433-1,WO701259,AP9001433,5036,1001,CSP1,PCBRICK,Y,N,,N,N,1,2026-04-16T12:13:00,2026-04-16T13:17:00,64,211.88,No Access
JT11001434,JT11001434-1,WO701259,AP9001434,5036,1001,CSP1,PCBRICK,N,N,,Y,Y,2,2026-04-20T08:17:00,2026-04-20T09:17:00,60,211.88,Completed
JT11001435,JT11001435-1,WO701261,AP9001435,5092,1001,CSP1,PCTILE,N,N,,Y,N,1,2026-04-16T07:59:00,2026-04-16T09:26:00,87,159.20,Completed
JT11001436,JT11001436-1,WO701262,AP9001436,5046,1004,CSP1,PCGROUND,Y,N,,N,N,1,2026-04-16T11:54:00,2026-04-16T13:20:00,86,232.79,No Access
JT11001437,JT11001437-1,WO701262,AP9001437,5046,1004,CSP1,PCGROUND,N,N,,Y,Y,2,2026-04-20T08:16:00,2026-04-20T09:18:00,62,232.79,Completed
JT11001438,JT11001438-1,WO701263,AP9001438,5010,1004,CSP1,PCTILE,N,N,,Y,N,1,2026-04-16T08:00:00,2026-04-16T09:11:00,71,180.79,Completed
JT11001439,JT11001439-1,WO701264,AP9001439,5019,1004,CSP1,PCPLUMB,Y,N,,N,N,1,2026-04-16T11:55:00,2026-04-16T13:08:00,73,112.82,No Access
JT11001440,JT11001440-1,WO701264,AP9001440,5019,1004,CSP1,PCPLUMB,N,N,,Y,Y,2,2026-04-20T07:54:00,2026-04-20T08:31:00,37,112.82,Completed
JT11001441,JT11001441-1,WO701265,AP9001441,5038,1001,CSP1,PCPLUMB,N,N,,Y,N,1,2026-04-16T12:09:00,2026-04-16T13:59:00,110,234.83,Completed
JT11001442,JT11001442-1,WO701266,AP9001442,5041,1002,CSP1,PCGROUND,N,N,,Y,N,1,2026-04-16T08:00:00,2026-04-16T09:08:00,68,239.72,Completed
JT11001443,JT11001443-1,WO701267,AP9001443,5075,1001,CSP1,PCPLUMB,Y,N,,N,N,1,2026-04-16T08:19:00,2026-04-16T09:07:00,48,124.10,No Access
JT11001444,JT11001444-1,WO701267,AP9001444,5075,1001,CSP1,PCPLUMB,N,N,,Y,Y,2,2026-04-20T08:20:00,2026-04-20T09:37:00,77,124.10,Completed
JT11001445,JT11001445-1,WO701268,AP9001445,5029,1003,CSP1,PCGROUND,Y,N,,N,N,1,2026-04-16T08:18:00,2026-04-16T09:23:00,65,200.45,No Access
JT11001446,JT11001446-1,WO701268,AP9001446,5029,1003,CSP1,PCGROUND,N,N,,Y,Y,2,2026-04-20T08:20:00,2026-04-20T09:26:00,66,200.45,Completed
JT11001447,JT11001447-1,WO701269,AP9001447,5007,1001,CSP1,PCELEC,N,Y,Previously done,N,N,1,2026-04-16T08:17:00,2026-04-16T09:21:00,64,174.18,Completed
JT11001448,JT11001448-1,WO701269,AP9001448,5007,1001,CSP1,PCELEC,N,N,,Y,Y,2,2026-04-20T07:52:00,2026-04-20T09:14:00,82,174.18,Completed
JT11001449,JT11001449-1,WO701270,AP9001449,5032,1003,CSP1,PCFENCE,N,N,,Y,N,1,2026-04-16T08:10:00,2026-04-16T09:50:00,100,323.51,Completed
JT11001450,JT11001450-1,WO701271,AP9001450,5089,1001,CSP1,PCTILE,N,N,,Y,N,1,2026-04-16T08:03:00,2026-04-16T09:07:00,64,180.47,Completed
JT11001451,JT11001451-1,WO701272,AP9001451,5047,1004,CSP1,PCELEC,N,N,,Y,N,1,2026-04-16T08:14:00,2026-04-16T09:34:00,80,347.08,Completed
JT11001452,JT11001452-1,WO701273,AP9001452,5069,1003,CSP1,PCTILE,N,N,,Y,N,1,2026-04-16T07:59:00,2026-04-16T08:19:00,20,126.07,Completed
JT11001453,JT11001453-1,WO701274,AP9001453,5044,1003,CSP1,PCFENCE,N,N,,Y,N,1,2026-04-16T11:58:00,2026-04-16T13:23:00,85,273.06,Completed
JT11001454,JT11001454-1,WO701275,AP9001454,5099,1001,CSP1,PCTILE,N,N,,Y,N,1,2026-04-16T07:56:00,2026-04-16T09:21:00,85,185.99,Completed
JT11001455,JT11001455-1,WO701276,AP9001455,5092,1003,CSP1,PCELEC,N,N,,Y,N,1,2026-04-16T11:53:00,2026-04-16T13:37:00,104,251.10,Completed
JT11001456,JT11001456-1,WO701277,AP9001456,5110,1007,CSP2,PCPLAST,N,N,,Y,N,1,2026-04-16T08:05:00,2026-04-16T09:22:00,77,180.94,Completed
JT11001457,JT11001457-1,WO701278,AP9001457,5172,1008,CSP2,PCTILE,N,Y,Re-directed work,N,N,1,2026-04-16T07:57:00,2026-04-16T09:40:00,103,69.16,Completed
JT11001458,JT11001458-1,WO701278,AP9001458,5172,1008,CSP2,PCTILE,N,N,,Y,Y,2,2026-04-20T07:55:00,2026-04-20T09:26:00,91,69.16,Completed
JT11001459,JT11001459-1,WO701279,AP9001459,5106,1007,CSP2,PCCARP,N,Y,Tenant requesting extra work,N,N,1,2026-04-16T08:00:00,2026-04-16T09:13:00,73,77.83,Completed
JT11001460,JT11001460-1,WO701279,AP9001460,5106,1007,CSP2,PCCARP,N,N,,Y,Y,2,2026-04-20T07:52:00,2026-04-20T08:33:00,41,77.83,Completed
JT11001461,JT11001461-1,WO701280,AP9001461,5156,1009,CSP2,PCBRICK,N,N,,Y,N,1,2026-04-16T07:56:00,2026-04-16T08:55:00,59,244.18,Completed
JT11001462,JT11001462-1,WO701281,AP9001462,5166,1008,CSP2,PCCARP,N,N,,Y,N,1,2026-04-16T11:58:00,2026-04-16T13:17:00,79,214.22,Completed
JT11001463,JT11001463-1,WO701283,AP9001463,5167,1008,CSP2,PCGROUND,Y,N,,N,N,1,2026-04-16T08:09:00,2026-04-16T09:43:00,94,240.44,No Access
JT11001464,JT11001464-1,WO701283,AP9001464,5167,1008,CSP2,PCGROUND,N,N,,Y,Y,2,2026-04-20T11:50:00,2026-04-20T13:05:00,75,240.44,Completed
JT11001465,JT11001465-1,WO701284,AP9001465,5119,1009,CSP2,PCPLUMB,N,N,,Y,N,1,2026-04-16T08:14:00,2026-04-16T09:40:00,86,254.75,Completed
JT11001466,JT11001466-1,WO701285,AP9001466,5141,1006,CSP2,PCCARP,N,Y,Scaffolding required,N,N,1,2026-04-16T08:16:00,2026-04-16T10:43:00,147,107.22,Completed
JT11001467,JT11001467-1,WO701285,AP9001467,5141,1006,CSP2,PCCARP,N,N,,Y,Y,2,2026-04-20T12:00:00,2026-04-20T13:52:00,112,107.22,Completed
JT11001468,JT11001468-1,WO701286,AP9001468,5137,1009,CSP2,PCBRICK,N,N,,Y,N,1,2026-04-16T07:51:00,2026-04-16T09:25:00,94,292.52,Completed
JT11001469,JT11001469-1,WO701287,AP9001469,5166,1008,CSP2,PCPLAST,N,Y,Weather condition,N,N,1,2026-04-16T08:05:00,2026-04-16T09:22:00,77,97.20,Completed
JT11001470,JT11001470-1,WO701287,AP9001470,5166,1008,CSP2,PCPLAST,N,N,,Y,Y,2,2026-04-20T08:08:00,2026-04-20T09:59:00,111,97.20,Completed
JT11001471,JT11001471-1,WO701288,AP9001471,5104,1008,CSP2,PCFENCE,N,N,,Y,N,1,2026-04-16T12:02:00,2026-04-16T13:23:00,81,304.36,Completed
JT11001472,JT11001472-1,WO701289,AP9001472,5159,1006,CSP2,PCBRICK,N,N,,Y,N,1,2026-04-16T08:15:00,2026-04-16T09:47:00,92,340.98,Completed
JT11001473,JT11001473-1,WO701290,AP9001473,5118,1006,CSP2,PCBRICK,N,N,,Y,N,1,2026-04-16T12:01:00,2026-04-16T13:06:00,65,230.23,Completed
JT11001474,JT11001474-1,WO701291,AP9001474,5110,1006,CSP2,PCFENCE,N,N,,Y,N,1,2026-04-16T12:18:00,2026-04-16T13:30:00,72,235.78,Completed
JT11001475,JT11001475-1,WO701292,AP9001475,5191,1008,CSP2,PCFENCE,Y,N,,N,N,1,2026-04-16T12:12:00,2026-04-16T13:34:00,82,121.53,No Access
JT11001476,JT11001476-1,WO701292,AP9001476,5191,1008,CSP2,PCFENCE,N,N,,Y,Y,2,2026-04-20T11:57:00,2026-04-20T12:48:00,51,121.53,Completed
JT11001477,JT11001477-1,WO701293,AP9001477,5172,1006,CSP2,PCPLUMB,N,N,,Y,N,1,2026-04-16T11:51:00,2026-04-16T12:37:00,46,271.81,Completed
JT11001478,JT11001478-1,WO701294,AP9001478,5187,1008,CSP2,PCTILE,N,N,,Y,N,1,2026-04-16T08:08:00,2026-04-16T08:46:00,38,136.65,Completed
JT11001479,JT11001479-1,WO701295,AP9001479,5112,1006,CSP2,PCGROUND,N,N,,Y,N,1,2026-04-16T07:59:00,2026-04-16T09:04:00,65,444.38,Completed
JT11001480,JT11001480-1,WO701296,AP9001480,5191,1006,CSP2,PCPLAST,N,N,,Y,N,1,2026-04-16T08:09:00,2026-04-16T09:43:00,94,232.57,Completed
JT11001481,JT11001481-1,WO701297,AP9001481,5162,1007,CSP2,PCGROUND,N,Y,Works not required,N,N,1,2026-04-16T07:52:00,2026-04-16T08:30:00,38,141.63,Completed
JT11001482,JT11001482-1,WO701297,AP9001482,5162,1007,CSP2,PCGROUND,N,N,,Y,Y,2,2026-04-20T08:02:00,2026-04-20T09:07:00,65,141.63,Completed
JT11001483,JT11001483-1,WO701298,AP9001483,5163,1007,CSP2,PCVINYL,N,N,,Y,N,1,2026-04-16T08:13:00,2026-04-16T09:57:00,104,231.02,Completed
JT11001484,JT11001484-1,WO701299,AP9001484,5297,1014,CSP4,PCBRICK,N,Y,Planned referral required,N,N,1,2026-04-16T08:20:00,2026-04-16T09:42:00,82,147.82,Completed
JT11001485,JT11001485-1,WO701299,AP9001485,5297,1014,CSP4,PCBRICK,N,N,,Y,Y,2,2026-04-20T08:12:00,2026-04-20T09:25:00,73,147.82,Completed
JT11001486,JT11001486-1,WO701300,AP9001486,5241,1011,CSP4,PCCARP,N,N,,Y,N,1,2026-04-16T08:02:00,2026-04-16T08:40:00,38,143.15,Completed
JT11001487,JT11001487-1,WO701301,AP9001487,5263,1013,CSP4,PCVINYL,N,N,,Y,N,1,2026-04-16T08:18:00,2026-04-16T09:04:00,46,216.09,Completed
JT11001488,JT11001488-1,WO701302,AP9001488,5208,1012,CSP4,PCGROUND,N,N,,Y,N,1,2026-04-16T08:13:00,2026-04-16T09:53:00,100,481.08,Completed
JT11001489,JT11001489-1,WO701303,AP9001489,5234,1014,CSP4,PCPLUMB,N,N,,Y,N,1,2026-04-16T07:56:00,2026-04-16T09:26:00,90,230.03,Completed
JT11001490,JT11001490-1,WO701304,AP9001490,5229,1013,CSP4,PCPLAST,N,Y,Asbestos found,N,N,1,2026-04-16T12:17:00,2026-04-16T13:37:00,80,92.02,Completed
JT11001491,JT11001491-1,WO701304,AP9001491,5229,1013,CSP4,PCPLAST,N,N,,Y,Y,2,2026-04-20T08:19:00,2026-04-20T09:25:00,66,92.02,Completed
JT11001492,JT11001492-1,WO701305,AP9001492,5278,1014,CSP4,PCGROUND,N,N,,Y,N,1,2026-04-16T11:51:00,2026-04-16T13:05:00,74,471.92,Completed
JT11001493,JT11001493-1,WO701306,AP9001493,5299,1014,CSP4,PCGROUND,N,N,,Y,N,1,2026-04-16T08:09:00,2026-04-16T09:58:00,109,447.41,Completed
JT11001494,JT11001494-1,WO701307,AP9001494,5269,1011,CSP4,PCVINYL,N,N,,Y,N,1,2026-04-16T08:16:00,2026-04-16T10:31:00,135,201.08,Completed
JT11001495,JT11001495-1,WO701308,AP9001495,5294,1013,CSP4,PCTILE,N,N,,Y,N,1,2026-04-16T07:52:00,2026-04-16T09:38:00,106,124.80,Completed
JT11001496,JT11001496-1,WO701310,AP9001496,5296,1014,CSP4,PCCARP,N,Y,Follow on planned inspection/measure,N,N,1,2026-04-16T11:53:00,2026-04-16T13:28:00,95,109.53,Completed
JT11001497,JT11001497-1,WO701310,AP9001497,5296,1014,CSP4,PCCARP,N,N,,Y,Y,2,2026-04-20T12:07:00,2026-04-20T13:18:00,71,109.53,Completed
JT11001498,JT11001498-1,WO701311,AP9001498,5211,1012,CSP4,PCCARP,N,N,,Y,N,1,2026-04-16T11:57:00,2026-04-16T13:34:00,97,186.74,Completed
JT11001499,JT11001499-1,WO701312,AP9001499,5220,1011,CSP4,PCCARP,N,N,,Y,N,1,2026-04-16T08:09:00,2026-04-16T09:20:00,71,124.06,Completed
JT11001500,JT11001500-1,WO701313,AP9001500,5255,1012,CSP4,PCGROUND,N,Y,Previously done,N,N,1,2026-04-16T07:50:00,2026-04-16T08:59:00,69,232.64,Completed
JT11001501,JT11001501-1,WO701313,AP9001501,5255,1012,CSP4,PCGROUND,N,N,,Y,Y,2,2026-04-20T08:09:00,2026-04-20T09:55:00,106,232.64,Completed
JT11001502,JT11001502-1,WO701314,AP9001502,5261,1013,CSP4,PCVINYL,N,N,,Y,N,1,2026-04-16T12:12:00,2026-04-16T13:05:00,53,202.98,Completed
JT11001503,JT11001503-1,WO701315,AP9001503,5269,1014,CSP4,PCGROUND,N,N,,Y,N,1,2026-04-16T08:12:00,2026-04-16T09:35:00,83,230.27,Completed
JT11001504,JT11001504-1,WO701316,AP9001504,5292,1012,CSP4,PCCARP,N,N,,Y,N,1,2026-04-16T08:18:00,2026-04-16T09:30:00,72,194.16,Completed
JT11001505,JT11001505-1,WO701317,AP9001505,5273,1014,CSP4,PCCARP,N,N,,Y,N,1,2026-04-16T07:59:00,2026-04-16T09:06:00,67,177.80,Completed
JT11001506,JT11001506-1,WO701318,AP9001506,5263,1013,CSP4,PCTILE,N,N,,Y,N,1,2026-04-16T07:57:00,2026-04-16T09:18:00,81,151.93,Completed
JT11001507,JT11001507-1,WO701319,AP9001507,5208,1014,CSP4,PCELEC,N,N,,Y,N,1,2026-04-16T12:15:00,2026-04-16T13:10:00,55,248.99,Completed
JT11001508,JT11001508-1,WO701320,AP9001508,5277,1012,CSP4,PCVINYL,Y,N,,N,N,1,2026-04-16T08:00:00,2026-04-16T09:31:00,91,74.78,No Access
JT11001509,JT11001509-1,WO701320,AP9001509,5277,1012,CSP4,PCVINYL,N,N,,Y,Y,2,2026-04-20T08:14:00,2026-04-20T08:38:00,24,74.78,Completed
JT11001510,JT11001510-1,WO701321,AP9001510,5041,1001,CSP1,PCTILE,N,N,,Y,N,1,2026-04-17T08:13:00,2026-04-17T09:01:00,48,144.05,Completed
JT11001511,JT11001511-1,WO701322,AP9001511,5014,1003,CSP1,PCVINYL,N,N,,Y,N,1,2026-04-17T07:54:00,2026-04-17T08:36:00,42,275.98,Completed
JT11001512,JT11001512-1,WO701323,AP9001512,5057,1001,CSP1,PCCARP,N,Y,Re-directed work,N,N,1,2026-04-17T08:19:00,2026-04-17T10:06:00,107,75.93,Completed
JT11001513,JT11001513-1,WO701323,AP9001513,5057,1001,CSP1,PCCARP,N,N,,Y,Y,2,2026-04-20T08:02:00,2026-04-20T10:11:00,129,75.93,Completed
JT11001514,JT11001514-1,WO701324,AP9001514,5071,1002,CSP1,PCVINYL,N,N,,Y,N,1,2026-04-17T08:02:00,2026-04-17T09:34:00,92,218.31,Completed
JT11001515,JT11001515-1,WO701325,AP9001515,5035,1004,CSP1,PCGROUND,N,N,,Y,N,1,2026-04-17T08:01:00,2026-04-17T09:54:00,113,376.98,Completed
JT11001516,JT11001516-1,WO701326,AP9001516,5027,1001,CSP1,PCFENCE,N,Y,Re-directed work,N,N,1,2026-04-17T08:10:00,2026-04-17T09:36:00,86,161.88,Completed
JT11001517,JT11001517-1,WO701326,AP9001517,5027,1001,CSP1,PCFENCE,N,N,,Y,Y,2,2026-04-20T12:16:00,2026-04-20T14:02:00,106,161.88,Completed
JT11001518,JT11001518-1,WO701327,AP9001518,5018,1002,CSP1,PCPLAST,N,N,,Y,N,1,2026-04-17T07:51:00,2026-04-17T09:07:00,76,220.61,Completed
JT11001519,JT11001519-1,WO701329,AP9001519,5060,1002,CSP1,PCPLAST,N,N,,Y,N,1,2026-04-17T08:15:00,2026-04-17T09:27:00,72,205.02,Completed
JT11001520,JT11001520-1,WO701330,AP9001520,5037,1002,CSP1,PCVINYL,N,N,,Y,N,1,2026-04-17T08:09:00,2026-04-17T08:48:00,39,128.12,Completed
JT11001521,JT11001521-1,WO701331,AP9001521,5083,1002,CSP1,PCTILE,N,N,,Y,N,1,2026-04-17T07:56:00,2026-04-17T09:14:00,78,182.10,Completed
JT11001522,JT11001522-1,WO701332,AP9001522,5067,1004,CSP1,PCVINYL,N,N,,Y,N,1,2026-04-17T08:09:00,2026-04-17T08:56:00,47,156.82,Completed
JT11001523,JT11001523-1,WO701333,AP9001523,5079,1001,CSP1,PCELEC,N,N,,Y,N,1,2026-04-17T08:10:00,2026-04-17T09:54:00,104,258.60,Completed
JT11001524,JT11001524-1,WO701334,AP9001524,5019,1004,CSP1,PCPLAST,N,N,,Y,N,1,2026-04-17T07:54:00,2026-04-17T08:14:00,20,244.73,Completed
JT11001525,JT11001525-1,WO701335,AP9001525,5057,1004,CSP1,PCVINYL,Y,N,,N,N,1,2026-04-17T12:19:00,2026-04-17T13:45:00,86,95.33,No Access
JT11001526,JT11001526-1,WO701335,AP9001526,5057,1004,CSP1,PCVINYL,N,N,,Y,Y,2,2026-04-20T12:11:00,2026-04-20T12:59:00,48,95.33,Completed
JT11001527,JT11001527-1,WO701336,AP9001527,5100,1003,CSP1,PCVINYL,N,N,,Y,N,1,2026-04-17T08:08:00,2026-04-17T09:30:00,82,234.59,Completed
JT11001528,JT11001528-1,WO701337,AP9001528,5028,1003,CSP1,PCPLAST,N,N,,Y,N,1,2026-04-17T07:59:00,2026-04-17T09:11:00,72,161.01,Completed
JT11001529,JT11001529-1,WO701338,AP9001529,5033,1002,CSP1,PCCARP,N,Y,Follow on planned inspection/measure,N,N,1,2026-04-17T07:52:00,2026-04-17T08:33:00,41,119.22,Completed
JT11001530,JT11001530-1,WO701338,AP9001530,5033,1002,CSP1,PCCARP,N,N,,Y,Y,2,2026-04-20T08:12:00,2026-04-20T09:14:00,62,119.22,Completed
JT11001531,JT11001531-1,WO701339,AP9001531,5099,1004,CSP1,PCFENCE,N,N,,Y,N,1,2026-04-17T12:10:00,2026-04-17T13:14:00,64,200.44,Completed
JT11001532,JT11001532-1,WO701341,AP9001532,5040,1003,CSP1,PCFENCE,N,Y,Re-directed work,N,N,1,2026-04-17T12:02:00,2026-04-17T13:30:00,88,139.93,Completed
JT11001533,JT11001533-1,WO701341,AP9001533,5040,1003,CSP1,PCFENCE,N,N,,Y,Y,2,2026-04-20T08:17:00,2026-04-20T09:53:00,96,139.93,Completed
JT11001534,JT11001534-1,WO701343,AP9001534,5174,1006,CSP2,PCPLUMB,N,N,,Y,N,1,2026-04-17T12:09:00,2026-04-17T14:02:00,113,202.96,Completed
JT11001535,JT11001535-1,WO701344,AP9001535,5183,1008,CSP2,PCGROUND,N,N,,Y,N,1,2026-04-17T08:03:00,2026-04-17T09:04:00,61,334.00,Completed
JT11001536,JT11001536-1,WO701346,AP9001536,5113,1006,CSP2,PCGROUND,Y,N,,N,N,1,2026-04-17T12:16:00,2026-04-17T13:43:00,87,200.56,No Access
JT11001537,JT11001537-1,WO701346,AP9001537,5113,1006,CSP2,PCGROUND,N,N,,Y,Y,2,2026-04-20T07:59:00,2026-04-20T09:07:00,68,200.56,Completed
JT11001538,JT11001538-1,WO701347,AP9001538,5141,1009,CSP2,PCPLAST,N,N,,Y,N,1,2026-04-17T07:54:00,2026-04-17T09:07:00,73,191.23,Completed
JT11001539,JT11001539-1,WO701348,AP9001539,5186,1009,CSP2,PCPLUMB,N,N,,Y,N,1,2026-04-17T07:54:00,2026-04-17T09:23:00,89,267.21,Completed
JT11001540,JT11001540-1,WO701349,AP9001540,5106,1008,CSP2,PCBRICK,N,N,,Y,N,1,2026-04-17T07:52:00,2026-04-17T09:49:00,117,404.51,Completed
JT11001541,JT11001541-1,WO701350,AP9001541,5101,1007,CSP2,PCBRICK,N,N,,Y,N,1,2026-04-17T07:50:00,2026-04-17T09:21:00,91,343.06,Completed
JT11001542,JT11001542-1,WO701351,AP9001542,5160,1006,CSP2,PCCARP,N,N,,Y,N,1,2026-04-17T12:05:00,2026-04-17T13:27:00,82,219.84,Completed
JT11001543,JT11001543-1,WO701352,AP9001543,5199,1008,CSP2,PCPLAST,Y,N,,N,N,1,2026-04-17T11:51:00,2026-04-17T12:50:00,59,109.09,No Access
JT11001544,JT11001544-1,WO701352,AP9001544,5199,1008,CSP2,PCPLAST,N,N,,Y,Y,2,2026-04-20T08:01:00,2026-04-20T09:38:00,97,109.09,Completed
JT11001545,JT11001545-1,WO701353,AP9001545,5140,1008,CSP2,PCTILE,N,N,,Y,N,1,2026-04-17T11:52:00,2026-04-17T13:15:00,83,174.82,Completed
JT11001546,JT11001546-1,WO701354,AP9001546,5118,1008,CSP2,PCFENCE,N,N,,Y,N,1,2026-04-17T08:12:00,2026-04-17T09:59:00,107,258.98,Completed
JT11001547,JT11001547-1,WO701355,AP9001547,5190,1008,CSP2,PCELEC,N,N,,Y,N,1,2026-04-17T08:13:00,2026-04-17T09:20:00,67,320.86,Completed
JT11001548,JT11001548-1,WO701356,AP9001548,5181,1009,CSP2,PCPLAST,Y,N,,N,N,1,2026-04-17T07:51:00,2026-04-17T09:14:00,83,119.36,No Access
JT11001549,JT11001549-1,WO701356,AP9001549,5181,1009,CSP2,PCPLAST,N,N,,Y,Y,2,2026-04-20T12:13:00,2026-04-20T12:56:00,43,119.36,Completed
JT11001550,JT11001550-1,WO701357,AP9001550,5156,1009,CSP2,PCFENCE,N,N,,Y,N,1,2026-04-17T12:20:00,2026-04-17T13:43:00,83,355.39,Completed
JT11001551,JT11001551-1,WO701358,AP9001551,5196,1008,CSP2,PCBRICK,N,N,,Y,N,1,2026-04-17T08:02:00,2026-04-17T08:53:00,51,363.90,Completed
JT11001552,JT11001552-1,WO701359,AP9001552,5167,1006,CSP2,PCPLAST,N,N,,Y,N,1,2026-04-17T07:57:00,2026-04-17T08:59:00,62,225.22,Completed
JT11001553,JT11001553-1,WO701360,AP9001553,5105,1008,CSP2,PCFENCE,N,N,,Y,N,1,2026-04-17T08:09:00,2026-04-17T08:48:00,39,328.10,Completed
JT11001554,JT11001554-1,WO701361,AP9001554,5113,1009,CSP2,PCPLAST,N,N,,Y,N,1,2026-04-17T08:20:00,2026-04-17T09:36:00,76,182.58,Completed
JT11001555,JT11001555-1,WO701362,AP9001555,5179,1009,CSP2,PCELEC,N,N,,Y,N,1,2026-04-17T08:14:00,2026-04-17T09:36:00,82,265.78,Completed
JT11001556,JT11001556-1,WO701363,AP9001556,5177,1009,CSP2,PCFENCE,N,N,,Y,N,1,2026-04-17T12:15:00,2026-04-17T13:47:00,92,261.14,Completed
JT11001557,JT11001557-1,WO701364,AP9001557,5165,1008,CSP2,PCCARP,N,N,,Y,N,1,2026-04-17T08:17:00,2026-04-17T10:07:00,110,184.55,Completed
JT11001558,JT11001558-1,WO701365,AP9001558,5239,1012,CSP4,PCGROUND,N,N,,Y,N,1,2026-04-17T08:09:00,2026-04-17T09:25:00,76,458.40,Completed
JT11001559,JT11001559-1,WO701367,AP9001559,5219,1014,CSP4,PCTILE,N,N,,Y,N,1,2026-04-17T07:56:00,2026-04-17T09:28:00,92,212.14,Completed
JT11001560,JT11001560-1,WO701368,AP9001560,5293,1014,CSP4,PCTILE,N,N,,Y,N,1,2026-04-17T08:15:00,2026-04-17T10:12:00,117,160.53,Completed
JT11001561,JT11001561-1,WO701369,AP9001561,5271,1012,CSP4,PCVINYL,N,N,,Y,N,1,2026-04-17T08:17:00,2026-04-17T09:15:00,58,250.99,Completed
JT11001562,JT11001562-1,WO701370,AP9001562,5213,1012,CSP4,PCVINYL,N,N,,Y,N,1,2026-04-17T11:57:00,2026-04-17T13:22:00,85,240.74,Completed
JT11001563,JT11001563-1,WO701371,AP9001563,5287,1014,CSP4,PCVINYL,N,N,,Y,N,1,2026-04-17T12:02:00,2026-04-17T12:52:00,50,224.77,Completed
JT11001564,JT11001564-1,WO701372,AP9001564,5229,1012,CSP4,PCPLAST,N,N,,Y,N,1,2026-04-17T12:05:00,2026-04-17T12:57:00,52,199.98,Completed
JT11001565,JT11001565-1,WO701373,AP9001565,5251,1012,CSP4,PCCARP,N,Y,Specialist equipment required,N,N,1,2026-04-17T08:13:00,2026-04-17T09:52:00,99,93.77,Completed
JT11001566,JT11001566-1,WO701373,AP9001566,5251,1012,CSP4,PCCARP,N,N,,Y,Y,2,2026-04-20T07:54:00,2026-04-20T08:42:00,48,93.77,Completed
JT11001567,JT11001567-1,WO701374,AP9001567,5250,1012,CSP4,PCPLAST,N,N,,Y,N,1,2026-04-17T08:08:00,2026-04-17T09:54:00,106,163.25,Completed
JT11001568,JT11001568-1,WO701375,AP9001568,5254,1014,CSP4,PCPLAST,N,N,,Y,N,1,2026-04-17T07:56:00,2026-04-17T09:32:00,96,203.27,Completed
JT11001569,JT11001569-1,WO701376,AP9001569,5213,1012,CSP4,PCVINYL,N,N,,Y,N,1,2026-04-17T07:58:00,2026-04-17T09:08:00,70,254.07,Completed
JT11001570,JT11001570-1,WO701377,AP9001570,5202,1011,CSP4,PCELEC,N,N,,Y,N,1,2026-04-17T08:08:00,2026-04-17T09:39:00,91,220.60,Completed
JT11001571,JT11001571-1,WO701378,AP9001571,5282,1011,CSP4,PCCARP,N,N,,Y,N,1,2026-04-17T08:05:00,2026-04-17T09:09:00,64,179.27,Completed
JT11001572,JT11001572-1,WO701379,AP9001572,5269,1013,CSP4,PCFENCE,N,N,,Y,N,1,2026-04-17T08:00:00,2026-04-17T09:34:00,94,270.19,Completed
JT11001573,JT11001573-1,WO701380,AP9001573,5220,1014,CSP4,PCPLUMB,N,N,,Y,N,1,2026-04-17T08:19:00,2026-04-17T09:53:00,94,291.90,Completed
JT11001574,JT11001574-1,WO701382,AP9001574,5277,1011,CSP4,PCFENCE,N,N,,Y,N,1,2026-04-17T08:07:00,2026-04-17T09:12:00,65,269.06,Completed
JT11001575,JT11001575-1,WO701383,AP9001575,5238,1011,CSP4,PCFENCE,N,Y,Weather condition,N,N,1,2026-04-17T07:50:00,2026-04-17T09:26:00,96,114.42,Completed
JT11001576,JT11001576-1,WO701383,AP9001576,5238,1011,CSP4,PCFENCE,N,N,,Y,Y,2,2026-04-20T07:56:00,2026-04-20T08:32:00,36,114.42,Completed
JT11001577,JT11001577-1,WO701384,AP9001577,5205,1012,CSP4,PCGROUND,N,N,,Y,N,1,2026-04-17T12:10:00,2026-04-17T13:22:00,72,401.65,Completed
JT11001578,JT11001578-1,WO701385,AP9001578,5264,1014,CSP4,PCVINYL,N,N,,Y,N,1,2026-04-17T12:04:00,2026-04-17T13:04:00,60,192.52,Completed
JT11001579,JT11001579-1,WO701386,AP9001579,5294,1011,CSP4,PCGROUND,N,N,,Y,N,1,2026-04-17T12:18:00,2026-04-17T13:27:00,69,439.80,Completed
JT11001580,JT11001580-1,WO701387,AP9001580,5082,1004,CSP1,PCCARP,N,N,,Y,N,1,2026-04-20T12:19:00,2026-04-20T12:55:00,36,219.27,Completed
JT11001581,JT11001581-1,WO701388,AP9001581,5052,1004,CSP1,PCPLUMB,N,N,,Y,N,1,2026-04-20T08:19:00,2026-04-20T09:34:00,75,222.46,Completed
JT11001582,JT11001582-1,WO701389,AP9001582,5015,1001,CSP1,PCTILE,N,N,,Y,N,1,2026-04-20T08:02:00,2026-04-20T09:15:00,73,155.02,Completed
JT11001583,JT11001583-1,WO701390,AP9001583,5007,1003,CSP1,PCFENCE,Y,N,,N,N,1,2026-04-20T08:00:00,2026-04-20T09:29:00,89,178.04,No Access
JT11001584,JT11001584-1,WO701390,AP9001584,5007,1003,CSP1,PCFENCE,N,N,,Y,Y,2,2026-04-22T11:54:00,2026-04-22T13:34:00,100,178.04,Completed
JT11001585,JT11001585-1,WO701391,AP9001585,5065,1001,CSP1,PCPLUMB,N,N,,Y,N,1,2026-04-20T08:16:00,2026-04-20T09:58:00,102,244.24,Completed
JT11001586,JT11001586-1,WO701393,AP9001586,5042,1001,CSP1,PCTILE,N,N,,Y,N,1,2026-04-20T08:18:00,2026-04-20T09:39:00,81,126.05,Completed
JT11001587,JT11001587-1,WO701394,AP9001587,5043,1001,CSP1,PCGROUND,N,N,,Y,N,1,2026-04-20T08:10:00,2026-04-20T09:44:00,94,464.03,Completed
JT11001588,JT11001588-1,WO701395,AP9001588,5020,1002,CSP1,PCELEC,N,N,,Y,N,1,2026-04-20T12:04:00,2026-04-20T12:58:00,54,193.77,Completed
JT11001589,JT11001589-1,WO701396,AP9001589,5005,1003,CSP1,PCCARP,N,N,,Y,N,1,2026-04-20T08:19:00,2026-04-20T10:31:00,132,206.83,Completed
JT11001590,JT11001590-1,WO701397,AP9001590,5039,1001,CSP1,PCBRICK,Y,N,,N,N,1,2026-04-20T07:57:00,2026-04-20T09:12:00,75,167.45,No Access
JT11001591,JT11001591-1,WO701397,AP9001591,5039,1001,CSP1,PCBRICK,N,N,,Y,Y,2,2026-04-22T08:02:00,2026-04-22T09:27:00,85,167.45,Completed
JT11001592,JT11001592-1,WO701398,AP9001592,5046,1004,CSP1,PCVINYL,N,Y,Re-directed work,N,N,1,2026-04-20T12:20:00,2026-04-20T14:02:00,102,102.02,Completed
JT11001593,JT11001593-1,WO701398,AP9001593,5046,1004,CSP1,PCVINYL,N,N,,Y,Y,2,2026-04-22T07:52:00,2026-04-22T09:01:00,69,102.02,Completed
JT11001594,JT11001594-1,WO701399,AP9001594,5069,1004,CSP1,PCPLAST,N,N,,Y,N,1,2026-04-20T08:08:00,2026-04-20T09:49:00,101,214.46,Completed
JT11001595,JT11001595-1,WO701400,AP9001595,5074,1002,CSP1,PCBRICK,N,N,,Y,N,1,2026-04-20T08:12:00,2026-04-20T09:31:00,79,303.40,Completed
JT11001596,JT11001596-1,WO701401,AP9001596,5077,1003,CSP1,PCBRICK,N,N,,Y,N,1,2026-04-20T08:15:00,2026-04-20T08:52:00,37,244.67,Completed
JT11001597,JT11001597-1,WO701402,AP9001597,5082,1004,CSP1,PCFENCE,N,N,,Y,N,1,2026-04-20T08:08:00,2026-04-20T09:19:00,71,234.40,Completed
JT11001598,JT11001598-1,WO701403,AP9001598,5058,1001,CSP1,PCPLAST,Y,N,,N,N,1,2026-04-20T12:09:00,2026-04-20T12:31:00,22,100.71,No Access
JT11001599,JT11001599-1,WO701403,AP9001599,5058,1001,CSP1,PCPLAST,N,N,,Y,Y,2,2026-04-22T08:15:00,2026-04-22T09:22:00,67,100.71,Completed
JT11001600,JT11001600-1,WO701404,AP9001600,5084,1004,CSP1,PCPLAST,N,N,,Y,N,1,2026-04-20T11:56:00,2026-04-20T12:59:00,63,120.11,Completed
JT11001601,JT11001601-1,WO701405,AP9001601,5082,1002,CSP1,PCPLUMB,N,N,,Y,N,1,2026-04-20T07:58:00,2026-04-20T09:22:00,84,239.63,Completed
JT11001602,JT11001602-1,WO701406,AP9001602,5053,1001,CSP1,PCPLUMB,N,N,,Y,N,1,2026-04-20T08:17:00,2026-04-20T09:24:00,67,193.47,Completed
JT11001603,JT11001603-1,WO701407,AP9001603,5003,1003,CSP1,PCVINYL,N,Y,Specialist equipment required,N,N,1,2026-04-20T07:59:00,2026-04-20T09:30:00,91,118.32,Completed
JT11001604,JT11001604-1,WO701407,AP9001604,5003,1003,CSP1,PCVINYL,N,N,,Y,Y,2,2026-04-22T07:50:00,2026-04-22T08:57:00,67,118.32,Completed
JT11001605,JT11001605-1,WO701408,AP9001605,5061,1002,CSP1,PCTILE,N,N,,Y,N,1,2026-04-20T08:04:00,2026-04-20T08:43:00,39,190.87,Completed
JT11001606,JT11001606-1,WO701409,AP9001606,5178,1007,CSP2,PCELEC,N,Y,Inspection required,N,N,1,2026-04-20T08:19:00,2026-04-20T09:48:00,89,129.99,Completed
JT11001607,JT11001607-1,WO701409,AP9001607,5178,1007,CSP2,PCELEC,N,N,,Y,Y,2,2026-04-22T08:06:00,2026-04-22T09:14:00,68,129.99,Completed
JT11001608,JT11001608-1,WO701410,AP9001608,5143,1007,CSP2,PCPLAST,N,N,,Y,N,1,2026-04-20T07:55:00,2026-04-20T08:49:00,54,200.40,Completed
JT11001609,JT11001609-1,WO701411,AP9001609,5167,1009,CSP2,PCELEC,N,N,,Y,N,1,2026-04-20T08:06:00,2026-04-20T09:17:00,71,234.44,Completed
JT11001610,JT11001610-1,WO701412,AP9001610,5192,1007,CSP2,PCGROUND,N,N,,Y,N,1,2026-04-20T07:56:00,2026-04-20T09:02:00,66,481.71,Completed
JT11001611,JT11001611-1,WO701413,AP9001611,5199,1009,CSP2,PCPLUMB,N,N,,Y,N,1,2026-04-20T08:00:00,2026-04-20T08:38:00,38,206.23,Completed
JT11001612,JT11001612-1,WO701414,AP9001612,5114,1009,CSP2,PCPLAST,N,N,,Y,N,1,2026-04-20T07:51:00,2026-04-20T08:11:00,20,182.48,Completed
JT11001613,JT11001613-1,WO701415,AP9001613,5153,1006,CSP2,PCFENCE,N,N,,Y,N,1,2026-04-20T07:56:00,2026-04-20T09:04:00,68,302.07,Completed
JT11001614,JT11001614-1,WO701416,AP9001614,5110,1009,CSP2,PCELEC,N,N,,Y,N,1,2026-04-20T12:04:00,2026-04-20T13:00:00,56,217.19,Completed
JT11001615,JT11001615-1,WO701417,AP9001615,5143,1008,CSP2,PCELEC,N,N,,Y,N,1,2026-04-20T11:50:00,2026-04-20T13:05:00,75,265.72,Completed
JT11001616,JT11001616-1,WO701418,AP9001616,5104,1009,CSP2,PCTILE,N,N,,Y,N,1,2026-04-20T07:58:00,2026-04-20T08:50:00,52,202.82,Completed
JT11001617,JT11001617-1,WO701419,AP9001617,5140,1009,CSP2,PCELEC,N,N,,Y,N,1,2026-04-20T08:18:00,2026-04-20T09:24:00,66,187.93,Completed
JT11001618,JT11001618-1,WO701421,AP9001618,5147,1009,CSP2,PCGROUND,N,N,,Y,N,1,2026-04-20T07:56:00,2026-04-20T08:54:00,58,432.83,Completed
JT11001619,JT11001619-1,WO701422,AP9001619,5183,1006,CSP2,PCPLAST,N,N,,Y,N,1,2026-04-20T08:16:00,2026-04-20T08:59:00,43,251.19,Completed
JT11001620,JT11001620-1,WO701423,AP9001620,5122,1006,CSP2,PCGROUND,N,N,,Y,N,1,2026-04-20T12:02:00,2026-04-20T13:08:00,66,425.97,Completed
JT11001621,JT11001621-1,WO701424,AP9001621,5140,1006,CSP2,PCTILE,N,N,,Y,N,1,2026-04-20T12:00:00,2026-04-20T13:01:00,61,138.12,Completed
JT11001622,JT11001622-1,WO701425,AP9001622,5182,1009,CSP2,PCPLUMB,N,N,,Y,N,1,2026-04-20T12:00:00,2026-04-20T13:32:00,92,197.57,Completed
JT11001623,JT11001623-1,WO701426,AP9001623,5105,1009,CSP2,PCVINYL,N,N,,Y,N,1,2026-04-20T12:00:00,2026-04-20T13:15:00,75,240.60,Completed
JT11001624,JT11001624-1,WO701427,AP9001624,5195,1006,CSP2,PCGROUND,N,N,,Y,N,1,2026-04-20T07:58:00,2026-04-20T08:49:00,51,439.55,Completed
JT11001625,JT11001625-1,WO701428,AP9001625,5195,1008,CSP2,PCPLAST,N,N,,Y,N,1,2026-04-20T07:50:00,2026-04-20T09:33:00,103,256.70,Completed
JT11001626,JT11001626-1,WO701429,AP9001626,5178,1009,CSP2,PCBRICK,N,N,,Y,N,1,2026-04-20T08:17:00,2026-04-20T09:41:00,84,192.05,Completed
JT11001627,JT11001627-1,WO701430,AP9001627,5117,1006,CSP2,PCGROUND,N,N,,Y,N,1,2026-04-20T11:52:00,2026-04-20T12:46:00,54,360.07,Completed
JT11001628,JT11001628-1,WO701431,AP9001628,5269,1012,CSP4,PCPLUMB,N,N,,Y,N,1,2026-04-20T08:18:00,2026-04-20T09:44:00,86,246.34,Completed
JT11001629,JT11001629-1,WO701432,AP9001629,5213,1013,CSP4,PCGROUND,N,N,,Y,N,1,2026-04-20T11:52:00,2026-04-20T13:11:00,79,368.88,Completed
JT11001630,JT11001630-1,WO701434,AP9001630,5297,1013,CSP4,PCVINYL,N,N,,Y,N,1,2026-04-20T07:54:00,2026-04-20T08:35:00,41,260.06,Completed
JT11001631,JT11001631-1,WO701435,AP9001631,5283,1012,CSP4,PCBRICK,Y,N,,N,N,1,2026-04-20T08:06:00,2026-04-20T08:55:00,49,196.50,No Access
JT11001632,JT11001632-1,WO701435,AP9001632,5283,1012,CSP4,PCBRICK,N,N,,Y,Y,2,2026-04-22T11:50:00,2026-04-22T13:22:00,92,196.50,Completed
JT11001633,JT11001633-1,WO701436,AP9001633,5257,1012,CSP4,PCCARP,N,N,,Y,N,1,2026-04-20T12:16:00,2026-04-20T13:23:00,67,182.81,Completed
JT11001634,JT11001634-1,WO701437,AP9001634,5264,1011,CSP4,PCPLAST,N,N,,Y,N,1,2026-04-20T08:03:00,2026-04-20T09:19:00,76,277.22,Completed
JT11001635,JT11001635-1,WO701438,AP9001635,5282,1013,CSP4,PCGROUND,N,N,,Y,N,1,2026-04-20T11:54:00,2026-04-20T13:34:00,100,359.06,Completed
JT11001636,JT11001636-1,WO701439,AP9001636,5241,1012,CSP4,PCGROUND,N,N,,Y,N,1,2026-04-20T08:15:00,2026-04-20T09:14:00,59,516.77,Completed
JT11001637,JT11001637-1,WO701440,AP9001637,5225,1011,CSP4,PCVINYL,N,N,,Y,N,1,2026-04-20T08:09:00,2026-04-20T09:22:00,73,190.01,Completed
JT11001638,JT11001638-1,WO701441,AP9001638,5261,1013,CSP4,PCVINYL,N,Y,Inspection required,N,N,1,2026-04-20T07:52:00,2026-04-20T08:49:00,57,116.83,Completed
JT11001639,JT11001639-1,WO701441,AP9001639,5261,1013,CSP4,PCVINYL,N,N,,Y,Y,2,2026-04-22T12:11:00,2026-04-22T12:56:00,45,116.83,Completed
JT11001640,JT11001640-1,WO701442,AP9001640,5219,1011,CSP4,PCBRICK,N,N,,Y,N,1,2026-04-20T08:05:00,2026-04-20T09:04:00,59,338.84,Completed
JT11001641,JT11001641-1,WO701443,AP9001641,5254,1014,CSP4,PCPLUMB,N,N,,Y,N,1,2026-04-20T08:16:00,2026-04-20T09:20:00,64,302.17,Completed
JT11001642,JT11001642-1,WO701444,AP9001642,5299,1011,CSP4,PCBRICK,N,N,,Y,N,1,2026-04-20T08:01:00,2026-04-20T10:31:00,150,282.30,Completed
JT11001643,JT11001643-1,WO701445,AP9001643,5204,1013,CSP4,PCFENCE,N,N,,Y,N,1,2026-04-20T07:50:00,2026-04-20T08:48:00,58,267.63,Completed
JT11001644,JT11001644-1,WO701446,AP9001644,5265,1013,CSP4,PCELEC,N,N,,Y,N,1,2026-04-20T12:14:00,2026-04-20T14:21:00,127,323.41,Completed
JT11001645,JT11001645-1,WO701447,AP9001645,5276,1013,CSP4,PCELEC,N,N,,Y,N,1,2026-04-20T07:50:00,2026-04-20T08:38:00,48,335.58,Completed
JT11001646,JT11001646-1,WO701448,AP9001646,5232,1012,CSP4,PCBRICK,N,N,,Y,N,1,2026-04-20T07:58:00,2026-04-20T08:59:00,61,368.97,Completed
JT11001647,JT11001647-1,WO701449,AP9001647,5248,1013,CSP4,PCELEC,N,N,,Y,N,1,2026-04-20T08:16:00,2026-04-20T09:09:00,53,247.51,Completed
JT11001648,JT11001648-1,WO701450,AP9001648,5294,1014,CSP4,PCVINYL,N,N,,Y,N,1,2026-04-20T07:55:00,2026-04-20T08:47:00,52,245.22,Completed
JT11001649,JT11001649-1,WO701451,AP9001649,5232,1013,CSP4,PCFENCE,N,N,,Y,N,1,2026-04-20T11:54:00,2026-04-20T12:42:00,48,247.60,Completed
JT11001650,JT11001650-1,WO701452,AP9001650,5218,1012,CSP4,PCCARP,N,N,,Y,N,1,2026-04-20T08:01:00,2026-04-20T08:39:00,38,171.85,Completed
JT11001651,JT11001651-1,WO701453,AP9001651,5096,1002,CSP1,PCTILE,N,Y,Planned referral required,N,N,1,2026-04-21T12:06:00,2026-04-21T12:42:00,36,87.31,Completed
JT11001652,JT11001652-1,WO701453,AP9001652,5096,1002,CSP1,PCTILE,N,N,,Y,Y,2,2026-04-23T11:56:00,2026-04-23T12:38:00,42,87.31,Completed
JT11001653,JT11001653-1,WO701454,AP9001653,5034,1002,CSP1,PCBRICK,Y,N,,N,N,1,2026-04-21T07:57:00,2026-04-21T09:45:00,108,180.17,No Access
JT11001654,JT11001654-1,WO701454,AP9001654,5034,1002,CSP1,PCBRICK,N,N,,Y,Y,2,2026-04-23T08:04:00,2026-04-23T09:42:00,98,180.17,Completed
JT11001655,JT11001655-1,WO701455,AP9001655,5063,1004,CSP1,PCPLUMB,N,N,,Y,N,1,2026-04-21T12:01:00,2026-04-21T12:27:00,26,279.83,Completed
JT11001656,JT11001656-1,WO701456,AP9001656,5065,1003,CSP1,PCFENCE,N,N,,Y,N,1,2026-04-21T08:06:00,2026-04-21T08:41:00,35,296.24,Completed
JT11001657,JT11001657-1,WO701457,AP9001657,5012,1003,CSP1,PCGROUND,N,Y,Weather condition,N,N,1,2026-04-21T08:06:00,2026-04-21T09:22:00,76,192.00,Completed
JT11001658,JT11001658-1,WO701457,AP9001658,5012,1003,CSP1,PCGROUND,N,N,,Y,Y,2,2026-04-23T08:14:00,2026-04-23T09:30:00,76,192.00,Completed
JT11001659,JT11001659-1,WO701458,AP9001659,5079,1003,CSP1,PCTILE,N,N,,Y,N,1,2026-04-21T08:06:00,2026-04-21T09:48:00,102,130.63,Completed
JT11001660,JT11001660-1,WO701459,AP9001660,5095,1003,CSP1,PCPLAST,Y,N,,N,N,1,2026-04-21T08:08:00,2026-04-21T08:55:00,47,90.98,No Access
JT11001661,JT11001661-1,WO701459,AP9001661,5095,1003,CSP1,PCPLAST,N,N,,Y,Y,2,2026-04-23T11:55:00,2026-04-23T13:11:00,76,90.98,Completed
JT11001662,JT11001662-1,WO701461,AP9001662,5029,1004,CSP1,PCFENCE,N,N,,Y,N,1,2026-04-21T08:13:00,2026-04-21T10:10:00,117,236.45,Completed
JT11001663,JT11001663-1,WO701462,AP9001663,5084,1004,CSP1,PCTILE,N,N,,Y,N,1,2026-04-21T08:09:00,2026-04-21T09:24:00,75,131.64,Completed
JT11001664,JT11001664-1,WO701464,AP9001664,5017,1004,CSP1,PCGROUND,N,N,,Y,N,1,2026-04-21T12:19:00,2026-04-21T13:18:00,59,363.02,Completed
JT11001665,JT11001665-1,WO701465,AP9001665,5021,1001,CSP1,PCVINYL,N,N,,Y,N,1,2026-04-21T11:56:00,2026-04-21T13:03:00,67,210.77,Completed
JT11001666,JT11001666-1,WO701466,AP9001666,5057,1002,CSP1,PCCARP,N,N,,Y,N,1,2026-04-21T08:20:00,2026-04-21T09:11:00,51,132.98,Completed
JT11001667,JT11001667-1,WO701467,AP9001667,5007,1001,CSP1,PCELEC,N,N,,Y,N,1,2026-04-21T11:52:00,2026-04-21T13:37:00,105,247.03,Completed
JT11001668,JT11001668-1,WO701468,AP9001668,5065,1001,CSP1,PCGROUND,N,Y,Specialist equipment required,N,N,1,2026-04-21T12:07:00,2026-04-21T13:18:00,71,182.93,Completed
JT11001669,JT11001669-1,WO701468,AP9001669,5065,1001,CSP1,PCGROUND,N,N,,Y,Y,2,2026-04-23T07:59:00,2026-04-23T09:23:00,84,182.93,Completed
JT11001670,JT11001670-1,WO701469,AP9001670,5041,1003,CSP1,PCVINYL,Y,N,,N,N,1,2026-04-21T07:59:00,2026-04-21T08:22:00,23,121.72,No Access
JT11001671,JT11001671-1,WO701469,AP9001671,5041,1003,CSP1,PCVINYL,N,N,,Y,Y,2,2026-04-23T12:09:00,2026-04-23T12:38:00,29,121.72,Completed
JT11001672,JT11001672-1,WO701470,AP9001672,5059,1002,CSP1,PCPLUMB,N,Y,Scaffolding required,N,N,1,2026-04-21T07:54:00,2026-04-21T08:54:00,60,117.63,Completed
JT11001673,JT11001673-1,WO701470,AP9001673,5059,1002,CSP1,PCPLUMB,N,N,,Y,Y,2,2026-04-23T07:54:00,2026-04-23T09:14:00,80,117.63,Completed
JT11001674,JT11001674-1,WO701471,AP9001674,5040,1001,CSP1,PCCARP,N,N,,Y,N,1,2026-04-21T08:18:00,2026-04-21T10:00:00,102,229.94,Completed
JT11001675,JT11001675-1,WO701472,AP9001675,5050,1004,CSP1,PCELEC,N,N,,Y,N,1,2026-04-21T08:16:00,2026-04-21T09:24:00,68,251.43,Completed
JT11001676,JT11001676-1,WO701473,AP9001676,5023,1004,CSP1,PCPLUMB,Y,N,,N,N,1,2026-04-21T12:16:00,2026-04-21T13:27:00,71,121.15,No Access
JT11001677,JT11001677-1,WO701473,AP9001677,5023,1004,CSP1,PCPLUMB,N,N,,Y,Y,2,2026-04-23T12:17:00,2026-04-23T13:41:00,84,121.15,Completed
JT11001678,JT11001678-1,WO701474,AP9001678,5027,1001,CSP1,PCBRICK,N,N,,Y,N,1,2026-04-21T08:18:00,2026-04-21T09:03:00,45,337.34,Completed
JT11001679,JT11001679-1,WO701475,AP9001679,5120,1009,CSP2,PCPLAST,N,N,,Y,N,1,2026-04-21T12:08:00,2026-04-21T13:14:00,66,204.55,Completed
JT11001680,JT11001680-1,WO701477,AP9001680,5119,1009,CSP2,PCVINYL,N,N,,Y,N,1,2026-04-21T12:05:00,2026-04-21T13:37:00,92,196.21,Completed
JT11001681,JT11001681-1,WO701478,AP9001681,5145,1007,CSP2,PCTILE,N,N,,Y,N,1,2026-04-21T08:06:00,2026-04-21T10:01:00,115,153.72,Completed
JT11001682,JT11001682-1,WO701479,AP9001682,5169,1006,CSP2,PCELEC,Y,N,,N,N,1,2026-04-21T12:13:00,2026-04-21T13:49:00,96,130.12,No Access
JT11001683,JT11001683-1,WO701479,AP9001683,5169,1006,CSP2,PCELEC,N,N,,Y,Y,2,2026-04-23T08:04:00,2026-04-23T08:55:00,51,130.12,Completed
JT11001684,JT11001684-1,WO701480,AP9001684,5133,1009,CSP2,PCPLAST,N,N,,Y,N,1,2026-04-21T07:51:00,2026-04-21T09:03:00,72,185.87,Completed
JT11001685,JT11001685-1,WO701481,AP9001685,5174,1008,CSP2,PCTILE,N,N,,Y,N,1,2026-04-21T12:06:00,2026-04-21T14:03:00,117,171.79,Completed
JT11001686,JT11001686-1,WO701482,AP9001686,5152,1007,CSP2,PCBRICK,N,N,,Y,N,1,2026-04-21T12:16:00,2026-04-21T13:27:00,71,413.21,Completed
JT11001687,JT11001687-1,WO701483,AP9001687,5191,1008,CSP2,PCELEC,N,N,,Y,N,1,2026-04-21T08:06:00,2026-04-21T09:05:00,59,257.14,Completed
JT11001688,JT11001688-1,WO701484,AP9001688,5142,1007,CSP2,PCVINYL,N,N,,Y,N,1,2026-04-21T08:11:00,2026-04-21T09:31:00,80,148.98,Completed
JT11001689,JT11001689-1,WO701485,AP9001689,5126,1006,CSP2,PCPLAST,N,N,,Y,N,1,2026-04-21T07:57:00,2026-04-21T08:40:00,43,227.02,Completed
JT11001690,JT11001690-1,WO701486,AP9001690,5162,1006,CSP2,PCFENCE,N,N,,Y,N,1,2026-04-21T08:17:00,2026-04-21T09:11:00,54,368.32,Completed
JT11001691,JT11001691-1,WO701487,AP9001691,5134,1006,CSP2,PCGROUND,N,N,,Y,N,1,2026-04-21T08:18:00,2026-04-21T09:37:00,79,243.64,Completed
JT11001692,JT11001692-1,WO701488,AP9001692,5124,1009,CSP2,PCBRICK,N,Y,Works not required,N,N,1,2026-04-21T08:15:00,2026-04-21T09:19:00,64,163.51,Completed
JT11001693,JT11001693-1,WO701488,AP9001693,5124,1009,CSP2,PCBRICK,N,N,,Y,Y,2,2026-04-23T08:06:00,2026-04-23T09:25:00,79,163.51,Completed
JT11001694,JT11001694-1,WO701489,AP9001694,5198,1009,CSP2,PCGROUND,N,N,,Y,N,1,2026-04-21T08:19:00,2026-04-21T08:48:00,29,261.18,Completed
JT11001695,JT11001695-1,WO701490,AP9001695,5130,1006,CSP2,PCELEC,N,N,,Y,N,1,2026-04-21T07:51:00,2026-04-21T08:53:00,62,290.84,Completed
JT11001696,JT11001696-1,WO701491,AP9001696,5171,1007,CSP2,PCCARP,N,N,,Y,N,1,2026-04-21T08:07:00,2026-04-21T09:25:00,78,226.30,Completed
JT11001697,JT11001697-1,WO701492,AP9001697,5125,1007,CSP2,PCPLAST,N,N,,Y,N,1,2026-04-21T07:58:00,2026-04-21T09:37:00,99,256.41,Completed
JT11001698,JT11001698-1,WO701493,AP9001698,5200,1009,CSP2,PCPLAST,N,Y,Tenant requesting extra work,N,N,1,2026-04-21T07:59:00,2026-04-21T08:57:00,58,83.76,Completed
JT11001699,JT11001699-1,WO701493,AP9001699,5200,1009,CSP2,PCPLAST,N,N,,Y,Y,2,2026-04-23T12:19:00,2026-04-23T14:11:00,112,83.76,Completed
JT11001700,JT11001700-1,WO701494,AP9001700,5168,1009,CSP2,PCPLAST,N,N,,Y,N,1,2026-04-21T12:04:00,2026-04-21T13:30:00,86,146.58,Completed
JT11001701,JT11001701-1,WO701495,AP9001701,5197,1009,CSP2,PCPLAST,N,N,,Y,N,1,2026-04-21T08:15:00,2026-04-21T09:27:00,72,177.39,Completed
JT11001702,JT11001702-1,WO701496,AP9001702,5152,1008,CSP2,PCBRICK,N,Y,Scaffolding required,N,N,1,2026-04-21T12:12:00,2026-04-21T13:09:00,57,139.97,Completed
JT11001703,JT11001703-1,WO701496,AP9001703,5152,1008,CSP2,PCBRICK,N,N,,Y,Y,2,2026-04-23T08:15:00,2026-04-23T09:11:00,56,139.97,Completed
JT11001704,JT11001704-1,WO701497,AP9001704,5239,1012,CSP4,PCPLUMB,N,N,,Y,N,1,2026-04-21T08:18:00,2026-04-21T09:34:00,76,330.60,Completed
JT11001705,JT11001705-1,WO701498,AP9001705,5209,1011,CSP4,PCPLUMB,Y,N,,N,N,1,2026-04-21T12:00:00,2026-04-21T13:11:00,71,87.00,No Access
JT11001706,JT11001706-1,WO701498,AP9001706,5209,1011,CSP4,PCPLUMB,N,N,,Y,Y,2,2026-04-23T12:04:00,2026-04-23T13:25:00,81,87.00,Completed
JT11001707,JT11001707-1,WO701499,AP9001707,5232,1011,CSP4,PCVINYL,N,N,,Y,N,1,2026-04-21T11:54:00,2026-04-21T12:50:00,56,203.73,Completed
JT11001708,JT11001708-1,WO701500,AP9001708,5229,1012,CSP4,PCBRICK,N,N,,Y,N,1,2026-04-21T07:58:00,2026-04-21T08:49:00,51,308.67,Completed
JT11001709,JT11001709-1,WO701501,AP9001709,5287,1013,CSP4,PCBRICK,N,N,,Y,N,1,2026-04-21T11:51:00,2026-04-21T12:39:00,48,310.93,Completed
JT11001710,JT11001710-1,WO701502,AP9001710,5277,1011,CSP4,PCELEC,N,Y,Customer not ready,N,N,1,2026-04-21T07:59:00,2026-04-21T10:19:00,140,243.54,Completed
JT11001711,JT11001711-1,WO701503,AP9001711,5297,1014,CSP4,PCFENCE,N,N,,Y,N,1,2026-04-21T08:10:00,2026-04-21T09:35:00,85,351.92,Completed
JT11001712,JT11001712-1,WO701504,AP9001712,5260,1012,CSP4,PCVINYL,N,N,,Y,N,1,2026-04-21T08:15:00,2026-04-21T09:24:00,69,185.76,Completed
JT11001713,JT11001713-1,WO701505,AP9001713,5267,1011,CSP4,PCCARP,N,N,,Y,N,1,2026-04-21T08:02:00,2026-04-21T08:50:00,48,161.95,Completed
JT11001714,JT11001714-1,WO701506,AP9001714,5264,1014,CSP4,PCVINYL,N,Y,Customer not ready,N,N,1,2026-04-21T08:09:00,2026-04-21T09:17:00,68,166.22,Completed
JT11001715,JT11001715-1,WO701507,AP9001715,5282,1011,CSP4,PCGROUND,N,Y,Customer not ready,N,N,1,2026-04-21T08:10:00,2026-04-21T08:38:00,28,406.74,Completed
JT11001716,JT11001716-1,WO701508,AP9001716,5263,1011,CSP4,PCTILE,N,N,,Y,N,1,2026-04-21T07:57:00,2026-04-21T09:31:00,94,148.36,Completed
JT11001717,JT11001717-1,WO701509,AP9001717,5291,1013,CSP4,PCELEC,N,Y,Customer not ready,N,N,1,2026-04-21T07:58:00,2026-04-21T08:54:00,56,201.25,Completed
JT11001718,JT11001718-1,WO701510,AP9001718,5206,1014,CSP4,PCCARP,N,Y,Customer not ready,N,N,1,2026-04-21T08:15:00,2026-04-21T09:53:00,98,172.59,Completed
JT11001719,JT11001719-1,WO701511,AP9001719,5247,1012,CSP4,PCVINYL,N,N,,Y,N,1,2026-04-21T12:13:00,2026-04-21T14:06:00,113,277.13,Completed
JT11001720,JT11001720-1,WO701512,AP9001720,5274,1011,CSP4,PCGROUND,Y,N,,N,N,1,2026-04-21T11:56:00,2026-04-21T12:22:00,26,165.79,No Access
JT11001721,JT11001721-1,WO701512,AP9001721,5274,1011,CSP4,PCGROUND,N,N,,Y,Y,2,2026-04-23T08:09:00,2026-04-23T09:16:00,67,165.79,Completed
JT11001722,JT11001722-1,WO701514,AP9001722,5259,1012,CSP4,PCBRICK,N,N,,Y,N,1,2026-04-21T08:01:00,2026-04-21T09:31:00,90,312.80,Completed
JT11001723,JT11001723-1,WO701515,AP9001723,5207,1014,CSP4,PCFENCE,N,N,,Y,N,1,2026-04-21T12:04:00,2026-04-21T13:15:00,71,250.38,Completed
JT11001724,JT11001724-1,WO701516,AP9001724,5271,1012,CSP4,PCFENCE,N,Y,Inspection required,N,N,1,2026-04-21T08:04:00,2026-04-21T09:04:00,60,98.87,Completed
JT11001725,JT11001725-1,WO701516,AP9001725,5271,1012,CSP4,PCFENCE,N,Y,Customer not ready,N,Y,2,2026-04-23T08:06:00,2026-04-23T08:55:00,49,98.87,Completed
JT11001726,JT11001726-1,WO701517,AP9001726,5279,1011,CSP4,PCGROUND,N,N,,Y,N,1,2026-04-21T08:08:00,2026-04-21T09:42:00,94,467.63,Completed
JT11001727,JT11001727-1,WO701518,AP9001727,5212,1013,CSP4,PCVINYL,Y,N,,N,N,1,2026-04-21T08:01:00,2026-04-21T09:48:00,107,96.70,No Access
JT11001728,JT11001728-1,WO701518,AP9001728,5212,1013,CSP4,PCVINYL,N,Y,Customer not ready,N,Y,2,2026-04-23T07:55:00,2026-04-23T08:52:00,57,96.70,Completed
JT11001729,JT11001729-1,WO701519,AP9001729,5063,1002,CSP1,PCFENCE,N,Y,Planned referral required,N,N,1,2026-04-22T07:55:00,2026-04-22T09:51:00,116,76.26,Completed
JT11001730,JT11001730-1,WO701519,AP9001730,5063,1002,CSP1,PCFENCE,N,N,,Y,Y,2,2026-04-24T08:01:00,2026-04-24T09:42:00,101,76.26,Completed
JT11001731,JT11001731-1,WO701520,AP9001731,5015,1003,CSP1,PCTILE,N,N,,Y,N,1,2026-04-22T08:13:00,2026-04-22T09:27:00,74,141.18,Completed
JT11001732,JT11001732-1,WO701521,AP9001732,5023,1004,CSP1,PCVINYL,N,N,,Y,N,1,2026-04-22T08:20:00,2026-04-22T09:53:00,93,248.80,Completed
JT11001733,JT11001733-1,WO701522,AP9001733,5052,1002,CSP1,PCBRICK,N,N,,Y,N,1,2026-04-22T11:59:00,2026-04-22T13:27:00,88,398.46,Completed
JT11001734,JT11001734-1,WO701524,AP9001734,5071,1004,CSP1,PCPLAST,N,N,,Y,N,1,2026-04-22T08:13:00,2026-04-22T08:41:00,28,254.77,Completed
JT11001735,JT11001735-1,WO701525,AP9001735,5029,1003,CSP1,PCELEC,N,N,,Y,N,1,2026-04-22T07:59:00,2026-04-22T08:40:00,41,375.78,Completed
JT11001736,JT11001736-1,WO701526,AP9001736,5062,1001,CSP1,PCELEC,N,N,,Y,N,1,2026-04-22T11:52:00,2026-04-22T12:21:00,29,288.07,Completed
JT11001737,JT11001737-1,WO701527,AP9001737,5052,1003,CSP1,PCVINYL,N,N,,Y,N,1,2026-04-22T08:20:00,2026-04-22T09:42:00,82,190.75,Completed
JT11001738,JT11001738-1,WO701528,AP9001738,5031,1001,CSP1,PCFENCE,N,N,,Y,N,1,2026-04-22T12:08:00,2026-04-22T13:35:00,87,354.75,Completed
JT11001739,JT11001739-1,WO701529,AP9001739,5032,1003,CSP1,PCGROUND,N,N,,Y,N,1,2026-04-22T07:57:00,2026-04-22T09:16:00,79,321.74,Completed
JT11001740,JT11001740-1,WO701530,AP9001740,5078,1004,CSP1,PCTILE,N,N,,Y,N,1,2026-04-22T12:12:00,2026-04-22T13:06:00,54,152.14,Completed
JT11001741,JT11001741-1,WO701531,AP9001741,5035,1003,CSP1,PCPLUMB,N,Y,Weather condition,N,N,1,2026-04-22T07:56:00,2026-04-22T08:43:00,47,140.86,Completed
JT11001742,JT11001742-1,WO701531,AP9001742,5035,1003,CSP1,PCPLUMB,N,N,,Y,Y,2,2026-04-24T08:13:00,2026-04-24T09:30:00,77,140.86,Completed
JT11001743,JT11001743-1,WO701533,AP9001743,5046,1002,CSP1,PCCARP,N,Y,Planned referral required,N,N,1,2026-04-22T08:02:00,2026-04-22T08:33:00,31,81.51,Completed
JT11001744,JT11001744-1,WO701533,AP9001744,5046,1002,CSP1,PCCARP,N,N,,Y,Y,2,2026-04-24T08:14:00,2026-04-24T08:34:00,20,81.51,Completed
JT11001745,JT11001745-1,WO701534,AP9001745,5063,1002,CSP1,PCVINYL,N,Y,Warning risk / Warning vulnerable,N,N,1,2026-04-22T12:20:00,2026-04-22T13:01:00,41,131.21,Completed
JT11001746,JT11001746-1,WO701534,AP9001746,5063,1002,CSP1,PCVINYL,N,N,,Y,Y,2,2026-04-24T08:08:00,2026-04-24T10:10:00,122,131.21,Completed
JT11001747,JT11001747-1,WO701535,AP9001747,5087,1004,CSP1,PCBRICK,N,N,,Y,N,1,2026-04-22T08:16:00,2026-04-22T09:43:00,87,309.35,Completed
JT11001748,JT11001748-1,WO701536,AP9001748,5088,1004,CSP1,PCFENCE,N,N,,Y,N,1,2026-04-22T12:04:00,2026-04-22T13:48:00,104,233.86,Completed
JT11001749,JT11001749-1,WO701537,AP9001749,5010,1004,CSP1,PCCARP,N,N,,Y,N,1,2026-04-22T12:03:00,2026-04-22T13:08:00,65,223.95,Completed
JT11001750,JT11001750-1,WO701538,AP9001750,5023,1003,CSP1,PCPLAST,N,N,,Y,N,1,2026-04-22T08:02:00,2026-04-22T09:20:00,78,213.94,Completed
JT11001751,JT11001751-1,WO701539,AP9001751,5090,1003,CSP1,PCVINYL,N,Y,Asbestos found,N,N,1,2026-04-22T08:15:00,2026-04-22T10:02:00,107,123.88,Completed
JT11001752,JT11001752-1,WO701539,AP9001752,5090,1003,CSP1,PCVINYL,N,N,,Y,Y,2,2026-04-24T07:54:00,2026-04-24T09:45:00,111,123.88,Completed
JT11001753,JT11001753-1,WO701540,AP9001753,5046,1002,CSP1,PCPLAST,N,N,,Y,N,1,2026-04-22T12:09:00,2026-04-22T13:17:00,68,215.10,Completed
JT11001754,JT11001754-1,WO701543,AP9001754,5150,1007,CSP2,PCBRICK,N,Y,Re-directed work,N,N,1,2026-04-22T08:04:00,2026-04-22T09:15:00,71,167.73,Completed
JT11001755,JT11001755-1,WO701543,AP9001755,5150,1007,CSP2,PCBRICK,N,N,,Y,Y,2,2026-04-24T07:57:00,2026-04-24T09:34:00,97,167.73,Completed
JT11001756,JT11001756-1,WO701544,AP9001756,5182,1006,CSP2,PCELEC,N,N,,Y,N,1,2026-04-22T08:05:00,2026-04-22T09:01:00,56,300.61,Completed
JT11001757,JT11001757-1,WO701545,AP9001757,5148,1006,CSP2,PCPLAST,Y,N,,N,N,1,2026-04-22T11:54:00,2026-04-22T12:55:00,61,98.48,No Access
JT11001758,JT11001758-1,WO701545,AP9001758,5148,1006,CSP2,PCPLAST,N,N,,Y,Y,2,2026-04-24T11:53:00,2026-04-24T12:52:00,59,98.48,Completed
JT11001759,JT11001759-1,WO701546,AP9001759,5180,1006,CSP2,PCPLUMB,N,N,,Y,N,1,2026-04-22T07:55:00,2026-04-22T09:20:00,85,205.05,Completed
JT11001760,JT11001760-1,WO701547,AP9001760,5145,1009,CSP2,PCPLAST,N,N,,Y,N,1,2026-04-22T12:17:00,2026-04-22T14:14:00,117,200.72,Completed
JT11001761,JT11001761-1,WO701548,AP9001761,5144,1008,CSP2,PCELEC,Y,N,,N,N,1,2026-04-22T12:18:00,2026-04-22T13:15:00,57,150.19,No Access
JT11001762,JT11001762-1,WO701549,AP9001762,5109,1006,CSP2,PCFENCE,N,N,,Y,N,1,2026-04-22T08:07:00,2026-04-22T10:09:00,122,327.50,Completed
JT11001763,JT11001763-1,WO701550,AP9001763,5162,1009,CSP2,PCCARP,N,N,,Y,N,1,2026-04-22T08:02:00,2026-04-22T09:23:00,81,215.83,Completed
JT11001764,JT11001764-1,WO701551,AP9001764,5169,1008,CSP2,PCGROUND,Y,N,,N,N,1,2026-04-22T08:18:00,2026-04-22T10:04:00,106,224.50,No Access
JT11001766,JT11001766-1,WO701552,AP9001766,5138,1007,CSP2,PCVINYL,N,N,,Y,N,1,2026-04-22T07:55:00,2026-04-22T08:48:00,53,222.77,Completed
JT11001767,JT11001767-1,WO701553,AP9001767,5179,1009,CSP2,PCVINYL,N,N,,Y,N,1,2026-04-22T12:17:00,2026-04-22T14:05:00,108,159.17,Completed
JT11001768,JT11001768-1,WO701554,AP9001768,5106,1006,CSP2,PCTILE,N,N,,Y,N,1,2026-04-22T07:56:00,2026-04-22T08:39:00,43,122.52,Completed
JT11001769,JT11001769-1,WO701555,AP9001769,5141,1008,CSP2,PCPLUMB,N,Y,Weather condition,N,N,1,2026-04-22T07:55:00,2026-04-22T09:17:00,82,133.31,Completed
JT11001770,JT11001770-1,WO701555,AP9001770,5141,1008,CSP2,PCPLUMB,N,N,,Y,Y,2,2026-04-24T08:13:00,2026-04-24T09:06:00,53,133.31,Completed
JT11001771,JT11001771-1,WO701557,AP9001771,5128,1008,CSP2,PCCARP,N,Y,Warning risk / Warning vulnerable,N,N,1,2026-04-22T12:19:00,2026-04-22T13:32:00,73,83.87,Completed
JT11001772,JT11001772-1,WO701557,AP9001772,5128,1008,CSP2,PCCARP,N,N,,Y,Y,2,2026-04-24T11:54:00,2026-04-24T13:40:00,106,83.87,Completed
JT11001773,JT11001773-1,WO701558,AP9001773,5127,1007,CSP2,PCPLUMB,N,N,,Y,N,1,2026-04-22T07:50:00,2026-04-22T08:51:00,61,263.89,Completed
JT11001774,JT11001774-1,WO701560,AP9001774,5119,1006,CSP2,PCTILE,N,Y,Previously done,N,N,1,2026-04-22T12:19:00,2026-04-22T14:13:00,114,59.47,Completed
JT11001775,JT11001775-1,WO701560,AP9001775,5119,1006,CSP2,PCTILE,N,N,,Y,Y,2,2026-04-24T12:02:00,2026-04-24T13:12:00,70,59.47,Completed
JT11001776,JT11001776-1,WO701561,AP9001776,5140,1009,CSP2,PCTILE,N,N,,Y,N,1,2026-04-22T12:08:00,2026-04-22T12:44:00,36,162.23,Completed
JT11001777,JT11001777-1,WO701562,AP9001777,5149,1007,CSP2,PCBRICK,Y,N,,N,N,1,2026-04-22T11:52:00,2026-04-22T13:36:00,104,164.17,No Access
JT11001778,JT11001778-1,WO701562,AP9001778,5149,1007,CSP2,PCBRICK,N,N,,Y,Y,2,2026-04-24T08:04:00,2026-04-24T09:44:00,100,164.17,Completed
JT11001779,JT11001779-1,WO701563,AP9001779,5206,1014,CSP4,PCELEC,N,Y,Customer not ready,N,N,1,2026-04-22T08:16:00,2026-04-22T09:27:00,71,242.38,Completed
JT11001780,JT11001780-1,WO701564,AP9001780,5263,1011,CSP4,PCCARP,Y,N,,N,N,1,2026-04-22T11:50:00,2026-04-22T13:13:00,83,82.89,No Access
JT11001781,JT11001781-1,WO701564,AP9001781,5263,1011,CSP4,PCCARP,N,Y,Customer not ready,N,Y,2,2026-04-24T08:00:00,2026-04-24T09:09:00,69,82.89,Completed
JT11001782,JT11001782-1,WO701565,AP9001782,5237,1014,CSP4,PCGROUND,N,N,,Y,N,1,2026-04-22T08:06:00,2026-04-22T09:47:00,101,433.45,Completed
JT11001783,JT11001783-1,WO701566,AP9001783,5226,1013,CSP4,PCCARP,N,N,,Y,N,1,2026-04-22T07:51:00,2026-04-22T09:43:00,112,179.00,Completed
JT11001784,JT11001784-1,WO701567,AP9001784,5215,1012,CSP4,PCTILE,N,N,,Y,N,1,2026-04-22T07:59:00,2026-04-22T09:28:00,89,107.97,Completed
JT11001785,JT11001785-1,WO701568,AP9001785,5279,1011,CSP4,PCFENCE,N,N,,Y,N,1,2026-04-22T11:52:00,2026-04-22T13:24:00,92,206.21,Completed
JT11001786,JT11001786-1,WO701569,AP9001786,5225,1014,CSP4,PCTILE,N,Y,Customer not ready,N,N,1,2026-04-22T08:10:00,2026-04-22T09:17:00,67,151.65,Completed
JT11001787,JT11001787-1,WO701570,AP9001787,5223,1011,CSP4,PCFENCE,N,N,,Y,N,1,2026-04-22T12:15:00,2026-04-22T12:59:00,44,298.34,Completed
JT11001788,JT11001788-1,WO701571,AP9001788,5209,1014,CSP4,PCTILE,N,N,,Y,N,1,2026-04-22T08:06:00,2026-04-22T09:11:00,65,153.59,Completed
JT11001789,JT11001789-1,WO701572,AP9001789,5232,1013,CSP4,PCGROUND,N,N,,Y,N,1,2026-04-22T08:00:00,2026-04-22T09:18:00,78,404.37,Completed
JT11001790,JT11001790-1,WO701574,AP9001790,5214,1011,CSP4,PCTILE,N,N,,Y,N,1,2026-04-22T08:17:00,2026-04-22T08:44:00,27,114.61,Completed
JT11001791,JT11001791-1,WO701575,AP9001791,5229,1012,CSP4,PCPLUMB,N,N,,Y,N,1,2026-04-22T08:19:00,2026-04-22T09:37:00,78,196.07,Completed
JT11001792,JT11001792-1,WO701576,AP9001792,5250,1012,CSP4,PCBRICK,N,Y,Inspection required,N,N,1,2026-04-22T08:13:00,2026-04-22T09:18:00,65,123.81,Completed
JT11001793,JT11001793-1,WO701576,AP9001793,5250,1012,CSP4,PCBRICK,N,N,,Y,Y,2,2026-04-24T08:02:00,2026-04-24T09:32:00,90,123.81,Completed
JT11001794,JT11001794-1,WO701577,AP9001794,5282,1014,CSP4,PCELEC,N,N,,Y,N,1,2026-04-22T12:10:00,2026-04-22T13:28:00,78,249.96,Completed
JT11001795,JT11001795-1,WO701579,AP9001795,5239,1013,CSP4,PCPLAST,N,Y,Customer not ready,N,N,1,2026-04-22T07:50:00,2026-04-22T08:39:00,49,114.45,Completed
JT11001796,JT11001796-1,WO701580,AP9001796,5281,1013,CSP4,PCFENCE,N,N,,Y,N,1,2026-04-22T07:53:00,2026-04-22T08:18:00,25,293.56,Completed
JT11001797,JT11001797-1,WO701581,AP9001797,5260,1012,CSP4,PCFENCE,N,N,,Y,N,1,2026-04-22T08:02:00,2026-04-22T09:11:00,69,246.26,Completed
JT11001798,JT11001798-1,WO701582,AP9001798,5225,1013,CSP4,PCTILE,N,N,,Y,N,1,2026-04-22T12:13:00,2026-04-22T13:31:00,78,184.31,Completed
JT11001799,JT11001799-1,WO701583,AP9001799,5253,1012,CSP4,PCFENCE,N,N,,Y,N,1,2026-04-22T07:53:00,2026-04-22T09:33:00,100,291.73,Completed
JT11001800,JT11001800-1,WO701584,AP9001800,5300,1012,CSP4,PCVINYL,N,Y,Follow on weather conditions,N,N,1,2026-04-22T08:06:00,2026-04-22T09:18:00,72,91.46,Completed
JT11001801,JT11001801-1,WO701584,AP9001801,5300,1012,CSP4,PCVINYL,N,N,,Y,Y,2,2026-04-24T07:54:00,2026-04-24T09:21:00,87,91.46,Completed
JT11001802,JT11001802-1,WO701585,AP9001802,5056,1003,CSP1,PCPLAST,N,N,,Y,N,1,2026-04-23T08:17:00,2026-04-23T09:15:00,58,235.06,Completed
JT11001803,JT11001803-1,WO701586,AP9001803,5096,1002,CSP1,PCPLAST,N,Y,Follow on weather conditions,N,N,1,2026-04-23T08:11:00,2026-04-23T09:49:00,98,112.75,Completed
JT11001804,JT11001804-1,WO701586,AP9001804,5096,1002,CSP1,PCPLAST,N,N,,Y,Y,2,2026-04-27T07:50:00,2026-04-27T09:12:00,82,112.75,Completed
JT11001805,JT11001805-1,WO701587,AP9001805,5095,1001,CSP1,PCPLAST,N,N,,Y,N,1,2026-04-23T07:53:00,2026-04-23T09:08:00,75,179.75,Completed
JT11001806,JT11001806-1,WO701588,AP9001806,5005,1002,CSP1,PCCARP,N,N,,Y,N,1,2026-04-23T07:53:00,2026-04-23T08:48:00,55,148.56,Completed
JT11001807,JT11001807-1,WO701590,AP9001807,5080,1002,CSP1,PCFENCE,N,N,,Y,N,1,2026-04-23T11:55:00,2026-04-23T12:15:00,20,306.56,Completed
JT11001808,JT11001808-1,WO701591,AP9001808,5072,1002,CSP1,PCPLAST,N,N,,Y,N,1,2026-04-23T07:57:00,2026-04-23T09:05:00,68,253.54,Completed
JT11001809,JT11001809-1,WO701592,AP9001809,5072,1003,CSP1,PCGROUND,N,N,,Y,N,1,2026-04-23T12:16:00,2026-04-23T13:55:00,99,261.58,Completed
JT11001810,JT11001810-1,WO701593,AP9001810,5085,1002,CSP1,PCPLAST,N,N,,Y,N,1,2026-04-23T11:55:00,2026-04-23T12:40:00,45,226.53,Completed
JT11001811,JT11001811-1,WO701594,AP9001811,5022,1003,CSP1,PCPLUMB,N,N,,Y,N,1,2026-04-23T12:09:00,2026-04-23T12:42:00,33,215.92,Completed
JT11001812,JT11001812-1,WO701596,AP9001812,5018,1004,CSP1,PCBRICK,N,N,,Y,N,1,2026-04-23T11:56:00,2026-04-23T13:26:00,90,315.45,Completed
JT11001813,JT11001813-1,WO701597,AP9001813,5082,1001,CSP1,PCFENCE,N,N,,Y,N,1,2026-04-23T08:15:00,2026-04-23T09:09:00,54,394.32,Completed
JT11001814,JT11001814-1,WO701598,AP9001814,5080,1004,CSP1,PCVINYL,N,N,,Y,N,1,2026-04-23T08:11:00,2026-04-23T09:14:00,63,250.01,Completed
JT11001815,JT11001815-1,WO701599,AP9001815,5004,1002,CSP1,PCELEC,N,N,,Y,N,1,2026-04-23T12:11:00,2026-04-23T12:54:00,43,299.95,Completed
JT11001816,JT11001816-1,WO701600,AP9001816,5056,1004,CSP1,PCFENCE,N,N,,Y,N,1,2026-04-23T08:01:00,2026-04-23T09:00:00,59,285.37,Completed
JT11001817,JT11001817-1,WO701601,AP9001817,5017,1001,CSP1,PCPLUMB,N,N,,Y,N,1,2026-04-23T12:12:00,2026-04-23T13:37:00,85,286.27,Completed
JT11001818,JT11001818-1,WO701602,AP9001818,5089,1003,CSP1,PCBRICK,N,Y,Follow on planned inspection/measure,N,N,1,2026-04-23T12:08:00,2026-04-23T13:45:00,97,119.89,Completed
JT11001819,JT11001819-1,WO701602,AP9001819,5089,1003,CSP1,PCBRICK,N,N,,Y,Y,2,2026-04-27T12:05:00,2026-04-27T13:22:00,77,119.89,Completed
JT11001820,JT11001820-1,WO701603,AP9001820,5044,1002,CSP1,PCPLAST,N,N,,Y,N,1,2026-04-23T08:06:00,2026-04-23T08:56:00,50,227.42,Completed
JT11001821,JT11001821-1,WO701604,AP9001821,5058,1004,CSP1,PCCARP,N,N,,Y,N,1,2026-04-23T11:59:00,2026-04-23T13:36:00,97,175.74,Completed
JT11001822,JT11001822-1,WO701605,AP9001822,5098,1002,CSP1,PCCARP,N,Y,Tenant requesting extra work,N,N,1,2026-04-23T08:02:00,2026-04-23T09:34:00,92,113.99,Completed
JT11001823,JT11001823-1,WO701605,AP9001823,5098,1002,CSP1,PCCARP,N,N,,Y,Y,2,2026-04-27T08:01:00,2026-04-27T09:43:00,102,113.99,Completed
JT11001824,JT11001824-1,WO701606,AP9001824,5010,1003,CSP1,PCPLUMB,N,N,,Y,N,1,2026-04-23T12:03:00,2026-04-23T14:01:00,118,196.38,Completed
JT11001825,JT11001825-1,WO701607,AP9001825,5181,1007,CSP2,PCELEC,N,N,,Y,N,1,2026-04-23T11:56:00,2026-04-23T12:35:00,39,274.73,Completed
JT11001826,JT11001826-1,WO701608,AP9001826,5126,1009,CSP2,PCCARP,N,N,,Y,N,1,2026-04-23T08:14:00,2026-04-23T09:14:00,60,181.38,Completed
JT11001827,JT11001827-1,WO701609,AP9001827,5107,1008,CSP2,PCCARP,N,N,,Y,N,1,2026-04-23T07:57:00,2026-04-23T09:21:00,84,183.22,Completed
JT11001828,JT11001828-1,WO701610,AP9001828,5178,1009,CSP2,PCPLAST,N,Y,Tenant requesting extra work,N,N,1,2026-04-23T12:19:00,2026-04-23T13:47:00,88,95.20,Completed
JT11001829,JT11001829-1,WO701610,AP9001829,5178,1009,CSP2,PCPLAST,N,N,,Y,Y,2,2026-04-27T07:59:00,2026-04-27T09:36:00,97,95.20,Completed
JT11001830,JT11001830-1,WO701611,AP9001830,5101,1009,CSP2,PCCARP,N,N,,Y,N,1,2026-04-23T08:12:00,2026-04-23T09:44:00,92,150.62,Completed
JT11001831,JT11001831-1,WO701612,AP9001831,5116,1007,CSP2,PCCARP,N,Y,Specialist equipment required,N,N,1,2026-04-23T08:10:00,2026-04-23T09:45:00,95,109.61,Completed
JT11001832,JT11001832-1,WO701612,AP9001832,5116,1007,CSP2,PCCARP,N,N,,Y,Y,2,2026-04-27T08:20:00,2026-04-27T09:25:00,65,109.61,Completed
JT11001833,JT11001833-1,WO701613,AP9001833,5177,1009,CSP2,PCVINYL,N,N,,Y,N,1,2026-04-23T08:00:00,2026-04-23T08:48:00,48,256.41,Completed
JT11001834,JT11001834-1,WO701614,AP9001834,5101,1006,CSP2,PCBRICK,N,N,,Y,N,1,2026-04-23T12:15:00,2026-04-23T13:29:00,74,340.34,Completed
JT11001835,JT11001835-1,WO701615,AP9001835,5180,1007,CSP2,PCVINYL,N,N,,Y,N,1,2026-04-23T12:08:00,2026-04-23T12:47:00,39,224.93,Completed
JT11001836,JT11001836-1,WO701616,AP9001836,5176,1006,CSP2,PCFENCE,N,N,,Y,N,1,2026-04-23T11:53:00,2026-04-23T13:14:00,81,245.78,Completed
JT11001837,JT11001837-1,WO701617,AP9001837,5146,1007,CSP2,PCELEC,N,N,,Y,N,1,2026-04-23T08:20:00,2026-04-23T09:23:00,63,421.48,Completed
JT11001838,JT11001838-1,WO701618,AP9001838,5176,1007,CSP2,PCPLAST,N,Y,Follow on planned inspection/measure,N,N,1,2026-04-23T08:04:00,2026-04-23T09:18:00,74,89.08,Completed
JT11001839,JT11001839-1,WO701618,AP9001839,5176,1007,CSP2,PCPLAST,N,N,,Y,Y,2,2026-04-27T07:57:00,2026-04-27T09:56:00,119,89.08,Completed
JT11001840,JT11001840-1,WO701619,AP9001840,5152,1009,CSP2,PCELEC,N,N,,Y,N,1,2026-04-23T08:05:00,2026-04-23T09:26:00,81,320.74,Completed
JT11001841,JT11001841-1,WO701620,AP9001841,5104,1006,CSP2,PCPLAST,N,N,,Y,N,1,2026-04-23T07:58:00,2026-04-23T08:47:00,49,227.71,Completed
JT11001842,JT11001842-1,WO701621,AP9001842,5185,1006,CSP2,PCPLAST,N,N,,Y,N,1,2026-04-23T08:18:00,2026-04-23T09:27:00,69,220.13,Completed
JT11001843,JT11001843-1,WO701622,AP9001843,5144,1008,CSP2,PCTILE,Y,N,,N,N,1,2026-04-23T07:56:00,2026-04-23T10:02:00,126,110.47,No Access
JT11001844,JT11001844-1,WO701623,AP9001844,5125,1009,CSP2,PCELEC,N,Y,Works not required,N,N,1,2026-04-23T08:08:00,2026-04-23T10:09:00,121,125.52,Completed
JT11001845,JT11001845-1,WO701623,AP9001845,5125,1009,CSP2,PCELEC,N,N,,Y,Y,2,2026-04-27T12:15:00,2026-04-27T13:33:00,78,125.52,Completed
JT11001846,JT11001846-1,WO701624,AP9001846,5108,1008,CSP2,PCFENCE,Y,N,,N,N,1,2026-04-23T08:13:00,2026-04-23T09:03:00,50,213.66,No Access
JT11001847,JT11001847-1,WO701625,AP9001847,5167,1007,CSP2,PCELEC,N,N,,Y,N,1,2026-04-23T12:16:00,2026-04-23T13:24:00,68,242.29,Completed
JT11001848,JT11001848-1,WO701626,AP9001848,5140,1007,CSP2,PCVINYL,N,N,,Y,N,1,2026-04-23T07:53:00,2026-04-23T08:46:00,53,282.34,Completed
JT11001849,JT11001849-1,WO701627,AP9001849,5117,1008,CSP2,PCFENCE,N,N,,Y,N,1,2026-04-23T07:56:00,2026-04-23T08:45:00,49,297.09,Completed
JT11001850,JT11001850-1,WO701628,AP9001850,5142,1006,CSP2,PCTILE,N,N,,Y,N,1,2026-04-23T07:53:00,2026-04-23T09:27:00,94,121.00,Completed
JT11001851,JT11001851-1,WO701629,AP9001851,5272,1014,CSP4,PCFENCE,N,Y,Customer not ready,N,N,1,2026-04-23T08:19:00,2026-04-23T09:18:00,59,204.37,Completed
JT11001852,JT11001852-1,WO701631,AP9001852,5266,1014,CSP4,PCCARP,N,N,,Y,N,1,2026-04-23T12:11:00,2026-04-23T13:39:00,88,198.41,Completed
JT11001853,JT11001853-1,WO701632,AP9001853,5294,1012,CSP4,PCBRICK,N,Y,Customer not ready,N,N,1,2026-04-23T08:00:00,2026-04-23T09:17:00,77,275.24,Completed
JT11001854,JT11001854-1,WO701633,AP9001854,5300,1014,CSP4,PCPLUMB,N,Y,Customer not ready,N,N,1,2026-04-23T07:55:00,2026-04-23T09:21:00,86,311.33,Completed
JT11001855,JT11001855-1,WO701634,AP9001855,5219,1011,CSP4,PCBRICK,N,N,,Y,N,1,2026-04-23T08:02:00,2026-04-23T09:20:00,78,276.31,Completed
JT11001856,JT11001856-1,WO701635,AP9001856,5283,1011,CSP4,PCTILE,N,N,,Y,N,1,2026-04-23T07:56:00,2026-04-23T08:52:00,56,169.76,Completed
JT11001857,JT11001857-1,WO701636,AP9001857,5268,1013,CSP4,PCGROUND,N,N,,Y,N,1,2026-04-23T11:56:00,2026-04-23T12:34:00,38,272.45,Completed
JT11001858,JT11001858-1,WO701637,AP9001858,5227,1012,CSP4,PCPLAST,Y,N,,N,N,1,2026-04-23T07:58:00,2026-04-23T09:18:00,80,92.73,No Access
JT11001859,JT11001859-1,WO701637,AP9001859,5227,1012,CSP4,PCPLAST,N,N,,Y,Y,2,2026-04-27T08:15:00,2026-04-27T09:36:00,81,92.73,Completed
JT11001860,JT11001860-1,WO701638,AP9001860,5219,1013,CSP4,PCELEC,N,N,,Y,N,1,2026-04-23T08:13:00,2026-04-23T09:32:00,79,273.97,Completed
JT11001861,JT11001861-1,WO701639,AP9001861,5259,1011,CSP4,PCBRICK,N,N,,Y,N,1,2026-04-23T12:05:00,2026-04-23T13:14:00,69,345.80,Completed
JT11001862,JT11001862-1,WO701640,AP9001862,5216,1011,CSP4,PCPLUMB,N,Y,Asbestos found,N,N,1,2026-04-23T08:02:00,2026-04-23T09:12:00,70,151.71,Completed
JT11001863,JT11001863-1,WO701640,AP9001863,5216,1011,CSP4,PCPLUMB,N,N,,Y,Y,2,2026-04-27T12:08:00,2026-04-27T13:04:00,56,151.71,Completed
JT11001864,JT11001864-1,WO701641,AP9001864,5204,1011,CSP4,PCVINYL,N,N,,Y,N,1,2026-04-23T08:17:00,2026-04-23T09:04:00,47,176.33,Completed
JT11001865,JT11001865-1,WO701642,AP9001865,5242,1012,CSP4,PCPLUMB,N,N,,Y,N,1,2026-04-23T07:54:00,2026-04-23T08:22:00,28,242.06,Completed
JT11001866,JT11001866-1,WO701643,AP9001866,5214,1014,CSP4,PCGROUND,N,N,,Y,N,1,2026-04-23T08:02:00,2026-04-23T09:08:00,66,212.42,Completed
JT11001867,JT11001867-1,WO701644,AP9001867,5253,1011,CSP4,PCFENCE,N,Y,Follow on planned inspection/measure,N,N,1,2026-04-23T08:20:00,2026-04-23T09:59:00,99,149.96,Completed
JT11001868,JT11001868-1,WO701644,AP9001868,5253,1011,CSP4,PCFENCE,N,Y,Customer not ready,N,Y,2,2026-04-27T07:59:00,2026-04-27T08:50:00,51,149.96,Completed
JT11001869,JT11001869-1,WO701645,AP9001869,5289,1012,CSP4,PCPLAST,N,N,,Y,N,1,2026-04-23T12:06:00,2026-04-23T14:07:00,121,205.66,Completed
JT11001870,JT11001870-1,WO701646,AP9001870,5234,1013,CSP4,PCTILE,N,N,,Y,N,1,2026-04-23T07:51:00,2026-04-23T08:30:00,39,166.27,Completed
JT11001871,JT11001871-1,WO701647,AP9001871,5262,1012,CSP4,PCPLUMB,N,Y,Customer not ready,N,N,1,2026-04-23T08:03:00,2026-04-23T09:44:00,101,233.36,Completed
JT11001872,JT11001872-1,WO701648,AP9001872,5250,1011,CSP4,PCVINYL,N,Y,Tenant requesting extra work,N,N,1,2026-04-23T12:16:00,2026-04-23T13:41:00,85,114.61,Completed
JT11001873,JT11001873-1,WO701648,AP9001873,5250,1011,CSP4,PCVINYL,N,N,,Y,Y,2,2026-04-27T07:56:00,2026-04-27T09:32:00,96,114.61,Completed
JT11001874,JT11001874-1,WO701649,AP9001874,5209,1014,CSP4,PCPLUMB,N,N,,Y,N,1,2026-04-23T08:17:00,2026-04-23T09:20:00,63,237.43,Completed
JT11001875,JT11001875-1,WO701650,AP9001875,5275,1011,CSP4,PCFENCE,N,N,,Y,N,1,2026-04-23T11:53:00,2026-04-23T13:11:00,78,340.78,Completed
JT11001876,JT11001876-1,WO701651,AP9001876,5096,1003,CSP1,PCBRICK,N,N,,Y,N,1,2026-04-24T07:54:00,2026-04-24T09:21:00,87,352.62,Completed
JT11001877,JT11001877-1,WO701652,AP9001877,5043,1004,CSP1,PCTILE,N,N,,Y,N,1,2026-04-24T08:17:00,2026-04-24T10:38:00,141,134.40,Completed
JT11001878,JT11001878-1,WO701653,AP9001878,5084,1001,CSP1,PCGROUND,N,N,,Y,N,1,2026-04-24T11:52:00,2026-04-24T13:08:00,76,444.51,Completed
JT11001879,JT11001879-1,WO701654,AP9001879,5027,1004,CSP1,PCTILE,N,N,,Y,N,1,2026-04-24T07:59:00,2026-04-24T08:51:00,52,122.59,Completed
JT11001880,JT11001880-1,WO701655,AP9001880,5039,1001,CSP1,PCFENCE,N,Y,Re-directed work,N,N,1,2026-04-24T07:56:00,2026-04-24T10:00:00,124,118.66,Completed
JT11001881,JT11001881-1,WO701655,AP9001881,5039,1001,CSP1,PCFENCE,N,N,,Y,Y,2,2026-04-27T12:17:00,2026-04-27T13:03:00,46,118.66,Completed
JT11001882,JT11001882-1,WO701656,AP9001882,5066,1004,CSP1,PCPLUMB,N,N,,Y,N,1,2026-04-24T08:09:00,2026-04-24T09:22:00,73,217.41,Completed
JT11001883,JT11001883-1,WO701657,AP9001883,5050,1001,CSP1,PCFENCE,N,N,,Y,N,1,2026-04-24T08:19:00,2026-04-24T09:20:00,61,252.49,Completed
JT11001884,JT11001884-1,WO701658,AP9001884,5086,1004,CSP1,PCTILE,N,Y,Tenant requesting extra work,N,N,1,2026-04-24T08:15:00,2026-04-24T09:13:00,58,64.01,Completed
JT11001885,JT11001885-1,WO701658,AP9001885,5086,1004,CSP1,PCTILE,N,N,,Y,Y,2,2026-04-27T11:55:00,2026-04-27T13:10:00,75,64.01,Completed
JT11001886,JT11001886-1,WO701659,AP9001886,5036,1001,CSP1,PCPLUMB,N,N,,Y,N,1,2026-04-24T08:12:00,2026-04-24T09:41:00,89,235.28,Completed
JT11001887,JT11001887-1,WO701661,AP9001887,5099,1003,CSP1,PCPLUMB,N,N,,Y,N,1,2026-04-24T08:00:00,2026-04-24T09:46:00,106,266.80,Completed
JT11001888,JT11001888-1,WO701662,AP9001888,5027,1002,CSP1,PCCARP,N,N,,Y,N,1,2026-04-24T11:52:00,2026-04-24T13:17:00,85,115.64,Completed
JT11001889,JT11001889-1,WO701663,AP9001889,5023,1003,CSP1,PCPLUMB,N,N,,Y,N,1,2026-04-24T12:00:00,2026-04-24T13:25:00,85,198.48,Completed
JT11001890,JT11001890-1,WO701664,AP9001890,5035,1004,CSP1,PCPLUMB,N,N,,Y,N,1,2026-04-24T07:59:00,2026-04-24T09:33:00,94,253.02,Completed
JT11001891,JT11001891-1,WO701665,AP9001891,5004,1001,CSP1,PCPLUMB,N,Y,Previously done,N,N,1,2026-04-24T08:10:00,2026-04-24T09:16:00,66,123.14,Completed
JT11001892,JT11001892-1,WO701665,AP9001892,5004,1001,CSP1,PCPLUMB,N,N,,Y,Y,2,2026-04-27T08:19:00,2026-04-27T10:13:00,114,123.14,Completed
JT11001893,JT11001893-1,WO701666,AP9001893,5085,1003,CSP1,PCCARP,N,N,,Y,N,1,2026-04-24T08:06:00,2026-04-24T09:41:00,95,158.61,Completed
JT11001894,JT11001894-1,WO701667,AP9001894,5086,1003,CSP1,PCBRICK,N,N,,Y,N,1,2026-04-24T08:08:00,2026-04-24T09:10:00,62,321.15,Completed
JT11001895,JT11001895-1,WO701668,AP9001895,5073,1002,CSP1,PCVINYL,N,Y,Previously done,N,N,1,2026-04-24T07:50:00,2026-04-24T10:04:00,134,78.14,Completed
JT11001896,JT11001896-1,WO701668,AP9001896,5073,1002,CSP1,PCVINYL,N,N,,Y,Y,2,2026-04-27T08:13:00,2026-04-27T10:15:00,122,78.14,Completed
JT11001897,JT11001897-1,WO701669,AP9001897,5012,1004,CSP1,PCFENCE,N,N,,Y,N,1,2026-04-24T12:20:00,2026-04-24T13:21:00,61,357.61,Completed
JT11001898,JT11001898-1,WO701670,AP9001898,5070,1003,CSP1,PCPLAST,N,N,,Y,N,1,2026-04-24T08:17:00,2026-04-24T09:10:00,53,232.41,Completed
JT11001899,JT11001899-1,WO701671,AP9001899,5045,1004,CSP1,PCBRICK,N,Y,Follow on planned inspection/measure,N,N,1,2026-04-24T08:13:00,2026-04-24T09:04:00,51,133.67,Completed
JT11001900,JT11001900-1,WO701671,AP9001900,5045,1004,CSP1,PCBRICK,N,N,,Y,Y,2,2026-04-27T08:14:00,2026-04-27T09:35:00,81,133.67,Completed
JT11001901,JT11001901-1,WO701672,AP9001901,5012,1004,CSP1,PCBRICK,N,N,,Y,N,1,2026-04-24T11:50:00,2026-04-24T13:02:00,72,270.06,Completed
JT11001902,JT11001902-1,WO701673,AP9001902,5188,1006,CSP2,PCPLAST,N,N,,Y,N,1,2026-04-24T07:59:00,2026-04-24T10:04:00,125,226.02,Completed
JT11001903,JT11001903-1,WO701674,AP9001903,5196,1008,CSP2,PCPLAST,Y,N,,N,N,1,2026-04-24T08:16:00,2026-04-24T09:43:00,87,83.87,No Access
JT11001904,JT11001904-1,WO701674,AP9001904,5196,1008,CSP2,PCPLAST,N,N,,Y,Y,2,2026-04-27T12:06:00,2026-04-27T14:33:00,147,83.87,Completed
JT11001905,JT11001905-1,WO701675,AP9001905,5115,1009,CSP2,PCGROUND,N,N,,Y,N,1,2026-04-24T07:58:00,2026-04-24T09:50:00,112,414.37,Completed
JT11001906,JT11001906-1,WO701676,AP9001906,5122,1006,CSP2,PCTILE,N,N,,Y,N,1,2026-04-24T07:50:00,2026-04-24T09:14:00,84,191.32,Completed
JT11001907,JT11001907-1,WO701677,AP9001907,5171,1009,CSP2,PCVINYL,N,Y,Tenant requesting extra work,N,N,1,2026-04-24T12:07:00,2026-04-24T13:40:00,93,94.67,Completed
JT11001908,JT11001908-1,WO701677,AP9001908,5171,1009,CSP2,PCVINYL,N,N,,Y,Y,2,2026-04-27T08:05:00,2026-04-27T09:27:00,82,94.67,Completed
JT11001909,JT11001909-1,WO701679,AP9001909,5165,1007,CSP2,PCCARP,N,N,,Y,N,1,2026-04-24T08:05:00,2026-04-24T09:06:00,61,172.57,Completed
JT11001910,JT11001910-1,WO701680,AP9001910,5127,1006,CSP2,PCGROUND,N,N,,Y,N,1,2026-04-24T12:17:00,2026-04-24T13:40:00,83,412.73,Completed
JT11001911,JT11001911-1,WO701681,AP9001911,5124,1007,CSP2,PCCARP,Y,N,,N,N,1,2026-04-24T07:57:00,2026-04-24T09:20:00,83,97.18,No Access
JT11001912,JT11001912-1,WO701681,AP9001912,5124,1007,CSP2,PCCARP,N,N,,Y,Y,2,2026-04-27T08:07:00,2026-04-27T09:33:00,86,97.18,Completed
JT11001913,JT11001913-1,WO701682,AP9001913,5190,1006,CSP2,PCBRICK,N,N,,Y,N,1,2026-04-24T07:58:00,2026-04-24T08:23:00,25,353.38,Completed
JT11001915,JT11001915-1,WO701684,AP9001915,5150,1006,CSP2,PCGROUND,N,N,,Y,N,1,2026-04-24T07:58:00,2026-04-24T09:46:00,108,362.95,Completed
JT11001916,JT11001916-1,WO701685,AP9001916,5163,1009,CSP2,PCPLUMB,N,N,,Y,N,1,2026-04-24T08:15:00,2026-04-24T09:52:00,97,248.51,Completed
JT11001917,JT11001917-1,WO701686,AP9001917,5193,1008,CSP2,PCCARP,Y,N,,N,N,1,2026-04-24T08:12:00,2026-04-24T09:41:00,89,157.90,No Access
JT11001918,JT11001918-1,WO701687,AP9001918,5171,1008,CSP2,PCELEC,N,N,,Y,N,1,2026-04-24T08:00:00,2026-04-24T09:27:00,87,202.56,Completed
JT11001919,JT11001919-1,WO701688,AP9001919,5104,1009,CSP2,PCGROUND,N,Y,Works not required,N,N,1,2026-04-24T07:55:00,2026-04-24T08:49:00,54,252.04,Completed
JT11001920,JT11001920-1,WO701688,AP9001920,5104,1009,CSP2,PCGROUND,N,N,,Y,Y,2,2026-04-27T08:15:00,2026-04-27T09:03:00,48,252.04,Completed
JT11001922,JT11001922-1,WO701689,AP9001922,5169,1008,CSP2,PCPLUMB,Y,N,,N,Y,2,2026-04-27T12:07:00,2026-04-27T13:12:00,65,122.61,No Access
JT11001923,JT11001923-1,WO701690,AP9001923,5121,1009,CSP2,PCPLUMB,N,Y,Asbestos found,N,N,1,2026-04-24T07:57:00,2026-04-24T09:33:00,96,67.60,Completed
JT11001924,JT11001924-1,WO701690,AP9001924,5121,1009,CSP2,PCPLUMB,N,N,,Y,Y,2,2026-04-27T07:50:00,2026-04-27T09:27:00,97,67.60,Completed
JT11001925,JT11001925-1,WO701692,AP9001925,5124,1006,CSP2,PCTILE,N,Y,Weather condition,N,N,1,2026-04-24T07:59:00,2026-04-24T09:31:00,92,95.48,Completed
JT11001926,JT11001926-1,WO701692,AP9001926,5124,1006,CSP2,PCTILE,N,N,,Y,Y,2,2026-04-27T08:09:00,2026-04-27T09:17:00,68,95.48,Completed
JT11001927,JT11001927-1,WO701693,AP9001927,5115,1007,CSP2,PCCARP,N,N,,Y,N,1,2026-04-24T08:14:00,2026-04-24T10:16:00,122,166.63,Completed
JT11001928,JT11001928-1,WO701694,AP9001928,5190,1009,CSP2,PCVINYL,N,N,,Y,N,1,2026-04-24T08:03:00,2026-04-24T08:46:00,43,256.51,Completed
JT11001929,JT11001929-1,WO701695,AP9001929,5205,1013,CSP4,PCBRICK,Y,N,,N,N,1,2026-04-24T08:18:00,2026-04-24T09:11:00,53,168.96,No Access
JT11001930,JT11001930-1,WO701695,AP9001930,5205,1013,CSP4,PCBRICK,N,N,,Y,Y,2,2026-04-27T07:52:00,2026-04-27T08:44:00,52,168.96,Completed
JT11001931,JT11001931-1,WO701696,AP9001931,5246,1012,CSP4,PCELEC,N,Y,Customer not ready,N,N,1,2026-04-24T08:02:00,2026-04-24T09:21:00,79,279.18,Completed
JT11001932,JT11001932-1,WO701697,AP9001932,5286,1011,CSP4,PCTILE,N,Y,Scaffolding required,N,N,1,2026-04-24T07:57:00,2026-04-24T09:34:00,97,74.21,Completed
JT11001933,JT11001933-1,WO701697,AP9001933,5286,1011,CSP4,PCTILE,N,N,,Y,Y,2,2026-04-27T08:08:00,2026-04-27T09:28:00,80,74.21,Completed
JT11001934,JT11001934-1,WO701698,AP9001934,5285,1014,CSP4,PCPLAST,N,N,,Y,N,1,2026-04-24T12:19:00,2026-04-24T12:57:00,38,220.20,Completed
JT11001935,JT11001935-1,WO701699,AP9001935,5290,1012,CSP4,PCVINYL,N,Y,Tenant requesting extra work,N,N,1,2026-04-24T08:02:00,2026-04-24T08:57:00,55,129.07,Completed
JT11001936,JT11001936-1,WO701699,AP9001936,5290,1012,CSP4,PCVINYL,N,N,,Y,Y,2,2026-04-27T12:07:00,2026-04-27T13:11:00,64,129.07,Completed
JT11001937,JT11001937-1,WO701700,AP9001937,5202,1013,CSP4,PCBRICK,N,N,,Y,N,1,2026-04-24T12:15:00,2026-04-24T13:07:00,52,240.47,Completed
JT11001938,JT11001938-1,WO701701,AP9001938,5261,1011,CSP4,PCELEC,N,N,,Y,N,1,2026-04-24T08:14:00,2026-04-24T09:52:00,98,238.50,Completed
JT11001939,JT11001939-1,WO701702,AP9001939,5210,1011,CSP4,PCPLAST,N,Y,Customer not ready,N,N,1,2026-04-24T12:09:00,2026-04-24T13:55:00,106,189.65,Completed
JT11001940,JT11001940-1,WO701703,AP9001940,5210,1013,CSP4,PCPLAST,N,N,,Y,N,1,2026-04-24T12:18:00,2026-04-24T13:25:00,67,219.64,Completed
JT11001941,JT11001941-1,WO701704,AP9001941,5208,1014,CSP4,PCVINYL,N,Y,Customer not ready,N,N,1,2026-04-24T08:02:00,2026-04-24T09:24:00,82,230.22,Completed
JT11001942,JT11001942-1,WO701705,AP9001942,5251,1014,CSP4,PCELEC,N,N,,Y,N,1,2026-04-24T07:57:00,2026-04-24T09:15:00,78,274.78,Completed
JT11001943,JT11001943-1,WO701707,AP9001943,5209,1013,CSP4,PCGROUND,N,N,,Y,N,1,2026-04-24T12:04:00,2026-04-24T13:27:00,83,389.14,Completed
JT11001944,JT11001944-1,WO701708,AP9001944,5236,1014,CSP4,PCELEC,N,N,,Y,N,1,2026-04-24T11:52:00,2026-04-24T13:00:00,68,314.70,Completed
JT11001945,JT11001945-1,WO701709,AP9001945,5240,1014,CSP4,PCELEC,N,Y,Follow on planned inspection/measure,N,N,1,2026-04-24T08:07:00,2026-04-24T09:05:00,58,114.00,Completed
JT11001946,JT11001946-1,WO701709,AP9001946,5240,1014,CSP4,PCELEC,N,Y,Customer not ready,N,Y,2,2026-04-27T07:54:00,2026-04-27T10:00:00,126,114.00,Completed
JT11001947,JT11001947-1,WO701710,AP9001947,5277,1011,CSP4,PCPLAST,N,N,,Y,N,1,2026-04-24T07:58:00,2026-04-24T09:26:00,88,193.12,Completed
JT11001948,JT11001948-1,WO701711,AP9001948,5209,1012,CSP4,PCBRICK,N,N,,Y,N,1,2026-04-24T08:09:00,2026-04-24T10:01:00,112,296.84,Completed
JT11001949,JT11001949-1,WO701712,AP9001949,5242,1013,CSP4,PCTILE,Y,N,,N,N,1,2026-04-24T11:59:00,2026-04-24T12:27:00,28,92.15,No Access
JT11001950,JT11001950-1,WO701712,AP9001950,5242,1013,CSP4,PCTILE,N,N,,Y,Y,2,2026-04-27T08:00:00,2026-04-27T09:26:00,86,92.15,Completed
JT11001951,JT11001951-1,WO701713,AP9001951,5236,1011,CSP4,PCBRICK,Y,N,,N,N,1,2026-04-24T07:59:00,2026-04-24T09:05:00,66,99.82,No Access
JT11001952,JT11001952-1,WO701713,AP9001952,5236,1011,CSP4,PCBRICK,N,N,,Y,Y,2,2026-04-27T08:18:00,2026-04-27T09:16:00,58,99.82,Completed
JT11001953,JT11001953-1,WO701714,AP9001953,5299,1012,CSP4,PCBRICK,N,N,,Y,N,1,2026-04-24T12:06:00,2026-04-24T13:27:00,81,307.29,Completed
JT11001954,JT11001954-1,WO701715,AP9001954,5267,1012,CSP4,PCPLAST,N,N,,Y,N,1,2026-04-24T11:53:00,2026-04-24T13:08:00,75,181.31,Completed
JT11001955,JT11001955-1,WO701716,AP9001955,5244,1013,CSP4,PCPLAST,N,N,,Y,N,1,2026-04-24T08:20:00,2026-04-24T09:58:00,98,241.42,Completed
JT11001956,JT11001956-1,WO701717,AP9001956,5073,1003,CSP1,PCELEC,N,N,,Y,N,1,2026-04-27T12:04:00,2026-04-27T12:54:00,50,270.55,Completed
JT11001957,JT11001957-1,WO701718,AP9001957,5071,1001,CSP1,PCVINYL,N,N,,Y,N,1,2026-04-27T11:55:00,2026-04-27T13:26:00,91,200.89,Completed
JT11001958,JT11001958-1,WO701719,AP9001958,5075,1002,CSP1,PCBRICK,N,N,,Y,N,1,2026-04-27T11:55:00,2026-04-27T12:42:00,47,339.17,Completed
JT11001959,JT11001959-1,WO701720,AP9001959,5077,1001,CSP1,PCCARP,N,N,,Y,N,1,2026-04-27T08:14:00,2026-04-27T09:37:00,83,192.77,Completed
JT11001960,JT11001960-1,WO701721,AP9001960,5007,1003,CSP1,PCPLUMB,N,N,,Y,N,1,2026-04-27T08:09:00,2026-04-27T09:59:00,110,235.05,Completed
JT11001961,JT11001961-1,WO701722,AP9001961,5096,1002,CSP1,PCVINYL,N,N,,Y,N,1,2026-04-27T08:17:00,2026-04-27T10:03:00,106,227.07,Completed
JT11001962,JT11001962-1,WO701723,AP9001962,5093,1002,CSP1,PCBRICK,N,Y,Inspection required,N,N,1,2026-04-27T08:02:00,2026-04-27T09:34:00,92,134.66,Completed
JT11001963,JT11001963-1,WO701723,AP9001963,5093,1002,CSP1,PCBRICK,N,N,,Y,Y,2,2026-04-29T07:58:00,2026-04-29T09:59:00,121,134.66,Completed
JT11001964,JT11001964-1,WO701724,AP9001964,5071,1004,CSP1,PCFENCE,N,N,,Y,N,1,2026-04-27T08:18:00,2026-04-27T09:38:00,80,236.91,Completed
JT11001965,JT11001965-1,WO701725,AP9001965,5050,1001,CSP1,PCTILE,N,Y,Follow on planned inspection/measure,N,N,1,2026-04-27T11:55:00,2026-04-27T12:15:00,20,92.82,Completed
JT11001966,JT11001966-1,WO701725,AP9001966,5050,1001,CSP1,PCTILE,N,N,,Y,Y,2,2026-04-29T07:54:00,2026-04-29T09:14:00,80,92.82,Completed
JT11001967,JT11001967-1,WO701726,AP9001967,5035,1001,CSP1,PCELEC,Y,N,,N,N,1,2026-04-27T11:52:00,2026-04-27T12:40:00,48,155.53,No Access
JT11001968,JT11001968-1,WO701726,AP9001968,5035,1001,CSP1,PCELEC,N,N,,Y,Y,2,2026-04-29T08:18:00,2026-04-29T09:50:00,92,155.53,Completed
JT11001969,JT11001969-1,WO701727,AP9001969,5023,1002,CSP1,PCTILE,N,N,,Y,N,1,2026-04-27T07:55:00,2026-04-27T09:29:00,94,195.38,Completed
JT11001970,JT11001970-1,WO701728,AP9001970,5050,1001,CSP1,PCELEC,N,N,,Y,N,1,2026-04-27T11:57:00,2026-04-27T12:57:00,60,287.57,Completed
JT11001971,JT11001971-1,WO701729,AP9001971,5050,1003,CSP1,PCVINYL,N,Y,Follow on planned inspection/measure,N,N,1,2026-04-27T07:56:00,2026-04-27T09:28:00,92,94.43,Completed
JT11001972,JT11001972-1,WO701729,AP9001972,5050,1003,CSP1,PCVINYL,N,N,,Y,Y,2,2026-04-29T07:51:00,2026-04-29T08:37:00,46,94.43,Completed
JT11001973,JT11001973-1,WO701730,AP9001973,5068,1003,CSP1,PCFENCE,N,N,,Y,N,1,2026-04-27T07:55:00,2026-04-27T09:25:00,90,315.26,Completed
JT11001974,JT11001974-1,WO701731,AP9001974,5019,1001,CSP1,PCCARP,N,N,,Y,N,1,2026-04-27T08:08:00,2026-04-27T09:44:00,96,208.72,Completed
JT11001975,JT11001975-1,WO701732,AP9001975,5046,1002,CSP1,PCVINYL,N,N,,Y,N,1,2026-04-27T08:01:00,2026-04-27T08:54:00,53,275.78,Completed
JT11001976,JT11001976-1,WO701733,AP9001976,5088,1001,CSP1,PCTILE,N,N,,Y,N,1,2026-04-27T07:51:00,2026-04-27T08:46:00,55,177.04,Completed
JT11001977,JT11001977-1,WO701734,AP9001977,5063,1002,CSP1,PCVINYL,N,N,,Y,N,1,2026-04-27T08:08:00,2026-04-27T09:07:00,59,234.05,Completed
JT11001978,JT11001978-1,WO701735,AP9001978,5034,1002,CSP1,PCELEC,N,N,,Y,N,1,2026-04-27T12:02:00,2026-04-27T12:55:00,53,210.00,Completed
JT11001979,JT11001979-1,WO701736,AP9001979,5005,1003,CSP1,PCVINYL,N,N,,Y,N,1,2026-04-27T08:05:00,2026-04-27T09:57:00,112,197.56,Completed
JT11001980,JT11001980-1,WO701737,AP9001980,5071,1003,CSP1,PCPLUMB,N,N,,Y,N,1,2026-04-27T08:13:00,2026-04-27T09:44:00,91,250.45,Completed
JT11001981,JT11001981-1,WO701738,AP9001981,5036,1002,CSP1,PCPLAST,N,N,,Y,N,1,2026-04-27T07:50:00,2026-04-27T08:55:00,65,229.73,Completed
JT11001982,JT11001982-1,WO701739,AP9001982,5174,1007,CSP2,PCPLAST,N,N,,Y,N,1,2026-04-27T08:13:00,2026-04-27T10:10:00,117,183.79,Completed
JT11001983,JT11001983-1,WO701740,AP9001983,5126,1009,CSP2,PCCARP,N,N,,Y,N,1,2026-04-27T08:10:00,2026-04-27T08:30:00,20,168.08,Completed
JT11001984,JT11001984-1,WO701741,AP9001984,5148,1006,CSP2,PCPLAST,N,N,,Y,N,1,2026-04-27T12:00:00,2026-04-27T13:25:00,85,168.91,Completed
JT11001985,JT11001985-1,WO701742,AP9001985,5135,1009,CSP2,PCGROUND,N,N,,Y,N,1,2026-04-27T07:59:00,2026-04-27T09:28:00,89,437.61,Completed
JT11001986,JT11001986-1,WO701743,AP9001986,5117,1006,CSP2,PCTILE,Y,N,,N,N,1,2026-04-27T07:59:00,2026-04-27T08:50:00,51,64.31,No Access
JT11001987,JT11001987-1,WO701743,AP9001987,5117,1006,CSP2,PCTILE,N,N,,Y,Y,2,2026-04-29T11:56:00,2026-04-29T12:53:00,57,64.31,Completed
JT11001988,JT11001988-1,WO701744,AP9001988,5191,1006,CSP2,PCCARP,N,N,,Y,N,1,2026-04-27T08:04:00,2026-04-27T08:44:00,40,167.93,Completed
JT11001989,JT11001989-1,WO701745,AP9001989,5101,1009,CSP2,PCBRICK,N,Y,Re-directed work,N,N,1,2026-04-27T12:12:00,2026-04-27T13:14:00,62,123.60,Completed
JT11001990,JT11001990-1,WO701745,AP9001990,5101,1009,CSP2,PCBRICK,N,N,,Y,Y,2,2026-04-29T08:05:00,2026-04-29T09:39:00,94,123.60,Completed
JT11001991,JT11001991-1,WO701746,AP9001991,5168,1009,CSP2,PCELEC,N,N,,Y,N,1,2026-04-27T07:54:00,2026-04-27T09:41:00,107,200.17,Completed
JT11001992,JT11001992-1,WO701749,AP9001992,5163,1008,CSP2,PCTILE,N,N,,Y,N,1,2026-04-27T12:07:00,2026-04-27T13:27:00,80,128.51,Completed
JT11001993,JT11001993-1,WO701750,AP9001993,5198,1006,CSP2,PCPLAST,N,N,,Y,N,1,2026-04-27T08:09:00,2026-04-27T09:36:00,87,260.30,Completed
JT11001994,JT11001994-1,WO701751,AP9001994,5133,1006,CSP2,PCELEC,N,N,,Y,N,1,2026-04-27T12:05:00,2026-04-27T13:24:00,79,224.83,Completed
JT11001995,JT11001995-1,WO701752,AP9001995,5107,1009,CSP2,PCTILE,N,N,,Y,N,1,2026-04-27T08:02:00,2026-04-27T08:57:00,55,169.13,Completed
JT11001996,JT11001996-1,WO701753,AP9001996,5150,1008,CSP2,PCVINYL,N,N,,Y,N,1,2026-04-27T07:54:00,2026-04-27T08:48:00,54,216.37,Completed
JT11001997,JT11001997-1,WO701754,AP9001997,5162,1009,CSP2,PCCARP,N,N,,Y,N,1,2026-04-27T08:07:00,2026-04-27T09:13:00,66,267.08,Completed
JT11001998,JT11001998-1,WO701755,AP9001998,5192,1009,CSP2,PCGROUND,Y,N,,N,N,1,2026-04-27T08:06:00,2026-04-27T09:32:00,86,178.99,No Access
JT11001999,JT11001999-1,WO701755,AP9001999,5192,1009,CSP2,PCGROUND,N,N,,Y,Y,2,2026-04-29T07:59:00,2026-04-29T08:59:00,60,178.99,Completed
JT11002000,JT11002000-1,WO701756,AP9002000,5143,1009,CSP2,PCELEC,N,N,,Y,N,1,2026-04-27T07:52:00,2026-04-27T08:47:00,55,277.76,Completed
JT11002001,JT11002001-1,WO701757,AP9002001,5157,1007,CSP2,PCELEC,N,N,,Y,N,1,2026-04-27T07:59:00,2026-04-27T09:16:00,77,185.69,Completed
JT11002002,JT11002002-1,WO701758,AP9002002,5109,1007,CSP2,PCPLAST,N,Y,Previously done,N,N,1,2026-04-27T12:16:00,2026-04-27T13:37:00,81,71.55,Completed
JT11002003,JT11002003-1,WO701758,AP9002003,5109,1007,CSP2,PCPLAST,N,N,,Y,Y,2,2026-04-29T08:08:00,2026-04-29T09:23:00,75,71.55,Completed
JT11002004,JT11002004-1,WO701760,AP9002004,5139,1007,CSP2,PCPLUMB,N,N,,Y,N,1,2026-04-27T08:12:00,2026-04-27T08:54:00,42,312.64,Completed
JT11002005,JT11002005-1,WO701761,AP9002005,5255,1012,CSP4,PCGROUND,N,Y,Customer not ready,N,N,1,2026-04-27T12:03:00,2026-04-27T12:57:00,54,410.10,Completed
JT11002006,JT11002006-1,WO701762,AP9002006,5234,1014,CSP4,PCELEC,N,Y,Customer not ready,N,N,1,2026-04-27T12:09:00,2026-04-27T13:54:00,105,235.16,Completed
JT11002007,JT11002007-1,WO701763,AP9002007,5259,1014,CSP4,PCFENCE,N,N,,Y,N,1,2026-04-27T08:12:00,2026-04-27T09:25:00,73,269.29,Completed
JT11002008,JT11002008-1,WO701764,AP9002008,5295,1014,CSP4,PCFENCE,N,N,,Y,N,1,2026-04-27T12:00:00,2026-04-27T13:44:00,104,196.77,Completed
JT11002009,JT11002009-1,WO701765,AP9002009,5288,1013,CSP4,PCBRICK,N,N,,Y,N,1,2026-04-27T08:19:00,2026-04-27T09:26:00,67,332.08,Completed
JT11002010,JT11002010-1,WO701766,AP9002010,5243,1013,CSP4,PCGROUND,N,Y,Customer not ready,N,N,1,2026-04-27T08:17:00,2026-04-27T09:30:00,73,441.28,Completed
JT11002011,JT11002011-1,WO701767,AP9002011,5233,1014,CSP4,PCCARP,N,Y,Customer not ready,N,N,1,2026-04-27T11:55:00,2026-04-27T13:02:00,67,163.31,Completed
JT11002012,JT11002012-1,WO701768,AP9002012,5213,1014,CSP4,PCGROUND,N,Y,Customer not ready,N,N,1,2026-04-27T08:17:00,2026-04-27T09:08:00,51,442.15,Completed
JT11002013,JT11002013-1,WO701769,AP9002013,5221,1011,CSP4,PCELEC,N,Y,Follow on weather conditions,N,N,1,2026-04-27T08:05:00,2026-04-27T09:41:00,96,126.42,Completed
JT11002014,JT11002014-1,WO701769,AP9002014,5221,1011,CSP4,PCELEC,N,N,,Y,Y,2,2026-04-29T11:57:00,2026-04-29T13:11:00,74,126.42,Completed
JT11002015,JT11002015-1,WO701770,AP9002015,5256,1012,CSP4,PCPLAST,N,Y,Previously done,N,N,1,2026-04-27T12:20:00,2026-04-27T13:24:00,64,96.55,Completed
JT11002016,JT11002016-1,WO701770,AP9002016,5256,1012,CSP4,PCPLAST,N,Y,Customer not ready,N,Y,2,2026-04-29T12:09:00,2026-04-29T13:04:00,55,96.55,Completed
JT11002017,JT11002017-1,WO701771,AP9002017,5263,1014,CSP4,PCVINYL,N,N,,Y,N,1,2026-04-27T12:06:00,2026-04-27T13:01:00,55,272.96,Completed
JT11002018,JT11002018-1,WO701774,AP9002018,5223,1012,CSP4,PCPLUMB,N,Y,Customer not ready,N,N,1,2026-04-27T12:16:00,2026-04-27T13:38:00,82,152.89,Completed
JT11002019,JT11002019-1,WO701775,AP9002019,5286,1013,CSP4,PCCARP,Y,N,,N,N,1,2026-04-27T08:01:00,2026-04-27T09:18:00,77,121.87,No Access
JT11002020,JT11002020-1,WO701775,AP9002020,5286,1013,CSP4,PCCARP,N,N,,Y,Y,2,2026-04-29T12:10:00,2026-04-29T13:20:00,70,121.87,Completed
JT11002021,JT11002021-1,WO701776,AP9002021,5206,1011,CSP4,PCPLUMB,N,N,,Y,N,1,2026-04-27T12:08:00,2026-04-27T13:45:00,97,191.46,Completed
JT11002022,JT11002022-1,WO701777,AP9002022,5235,1013,CSP4,PCBRICK,N,Y,Customer not ready,N,N,1,2026-04-27T07:54:00,2026-04-27T09:32:00,98,340.62,Completed
JT11002023,JT11002023-1,WO701778,AP9002023,5234,1011,CSP4,PCPLAST,Y,N,,N,N,1,2026-04-27T12:14:00,2026-04-27T13:48:00,94,100.29,No Access
JT11002024,JT11002024-1,WO701778,AP9002024,5234,1011,CSP4,PCPLAST,N,N,,Y,Y,2,2026-04-29T12:12:00,2026-04-29T13:46:00,94,100.29,Completed
JT11002025,JT11002025-1,WO701779,AP9002025,5251,1012,CSP4,PCFENCE,N,N,,Y,N,1,2026-04-27T08:00:00,2026-04-27T09:04:00,64,326.61,Completed
JT11002026,JT11002026-1,WO701780,AP9002026,5291,1012,CSP4,PCVINYL,N,Y,Customer not ready,N,N,1,2026-04-27T12:11:00,2026-04-27T12:53:00,42,196.45,Completed
JT11002027,JT11002027-1,WO701781,AP9002027,5291,1012,CSP4,PCPLAST,Y,N,,N,N,1,2026-04-27T07:54:00,2026-04-27T08:50:00,56,151.28,No Access
JT11002028,JT11002028-1,WO701781,AP9002028,5291,1012,CSP4,PCPLAST,N,N,,Y,Y,2,2026-04-29T08:01:00,2026-04-29T09:06:00,65,151.28,Completed
JT11002029,JT11002029-1,WO701782,AP9002029,5293,1012,CSP4,PCCARP,N,Y,Inspection required,N,N,1,2026-04-27T08:15:00,2026-04-27T09:22:00,67,77.67,Completed
JT11002030,JT11002030-1,WO701782,AP9002030,5293,1012,CSP4,PCCARP,N,N,,Y,Y,2,2026-04-29T08:17:00,2026-04-29T10:00:00,103,77.67,Completed
JT11002031,JT11002031-1,WO701783,AP9002031,5016,1001,CSP1,PCGROUND,N,N,,Y,N,1,2026-04-28T12:19:00,2026-04-28T13:17:00,58,344.22,Completed
JT11002032,JT11002032-1,WO701784,AP9002032,5051,1002,CSP1,PCTILE,N,N,,Y,N,1,2026-04-28T11:53:00,2026-04-28T13:32:00,99,193.70,Completed
JT11002033,JT11002033-1,WO701785,AP9002033,5051,1003,CSP1,PCFENCE,Y,N,,N,N,1,2026-04-28T08:10:00,2026-04-28T09:30:00,80,86.75,No Access
JT11002034,JT11002034-1,WO701785,AP9002034,5051,1003,CSP1,PCFENCE,N,N,,Y,Y,2,2026-04-30T08:10:00,2026-04-30T09:26:00,76,86.75,Completed
JT11002035,JT11002035-1,WO701786,AP9002035,5090,1002,CSP1,PCPLAST,N,N,,Y,N,1,2026-04-28T07:59:00,2026-04-28T08:37:00,38,220.99,Completed
JT11002036,JT11002036-1,WO701787,AP9002036,5019,1002,CSP1,PCPLUMB,N,Y,Scaffolding required,N,N,1,2026-04-28T07:56:00,2026-04-28T09:22:00,86,120.51,Completed
JT11002037,JT11002037-1,WO701787,AP9002037,5019,1002,CSP1,PCPLUMB,N,N,,Y,Y,2,2026-04-30T08:13:00,2026-04-30T09:56:00,103,120.51,Completed
JT11002038,JT11002038-1,WO701788,AP9002038,5024,1003,CSP1,PCVINYL,N,Y,Weather condition,N,N,1,2026-04-28T11:52:00,2026-04-28T12:40:00,48,75.50,Completed
JT11002039,JT11002039-1,WO701788,AP9002039,5024,1003,CSP1,PCVINYL,N,N,,Y,Y,2,2026-04-30T12:05:00,2026-04-30T12:47:00,42,75.50,Completed
JT11002040,JT11002040-1,WO701789,AP9002040,5001,1002,CSP1,PCCARP,N,N,,Y,N,1,2026-04-28T12:10:00,2026-04-28T13:48:00,98,197.49,Completed
JT11002041,JT11002041-1,WO701790,AP9002041,5095,1002,CSP1,PCGROUND,N,N,,Y,N,1,2026-04-28T08:03:00,2026-04-28T09:21:00,78,405.93,Completed
JT11002042,JT11002042-1,WO701791,AP9002042,5056,1002,CSP1,PCPLUMB,N,Y,Asbestos found,N,N,1,2026-04-28T08:16:00,2026-04-28T09:42:00,86,190.88,Completed
JT11002043,JT11002043-1,WO701791,AP9002043,5056,1002,CSP1,PCPLUMB,N,N,,Y,Y,2,2026-04-30T08:11:00,2026-04-30T08:56:00,45,190.88,Completed
JT11002044,JT11002044-1,WO701792,AP9002044,5037,1004,CSP1,PCFENCE,N,N,,Y,N,1,2026-04-28T12:14:00,2026-04-28T13:25:00,71,296.49,Completed
JT11002045,JT11002045-1,WO701793,AP9002045,5078,1002,CSP1,PCTILE,N,Y,Inspection required,N,N,1,2026-04-28T08:14:00,2026-04-28T09:04:00,50,83.81,Completed
JT11002046,JT11002046-1,WO701793,AP9002046,5078,1002,CSP1,PCTILE,N,N,,Y,Y,2,2026-04-30T08:02:00,2026-04-30T09:29:00,87,83.81,Completed
JT11002047,JT11002047-1,WO701795,AP9002047,5058,1002,CSP1,PCTILE,N,N,,Y,N,1,2026-04-28T08:07:00,2026-04-28T08:58:00,51,138.21,Completed
JT11002048,JT11002048-1,WO701796,AP9002048,5070,1001,CSP1,PCVINYL,N,N,,Y,N,1,2026-04-28T07:56:00,2026-04-28T08:52:00,56,154.14,Completed
JT11002049,JT11002049-1,WO701797,AP9002049,5064,1003,CSP1,PCTILE,N,N,,Y,N,1,2026-04-28T08:11:00,2026-04-28T09:24:00,73,108.18,Completed
JT11002050,JT11002050-1,WO701798,AP9002050,5093,1002,CSP1,PCFENCE,N,Y,Previously done,N,N,1,2026-04-28T08:07:00,2026-04-28T10:17:00,130,130.57,Completed
JT11002051,JT11002051-1,WO701798,AP9002051,5093,1002,CSP1,PCFENCE,N,N,,Y,Y,2,2026-04-30T11:58:00,2026-04-30T12:29:00,31,130.57,Completed
JT11002052,JT11002052-1,WO701799,AP9002052,5062,1002,CSP1,PCPLUMB,N,N,,Y,N,1,2026-04-28T07:58:00,2026-04-28T08:53:00,55,271.37,Completed
JT11002053,JT11002053-1,WO701800,AP9002053,5021,1001,CSP1,PCVINYL,N,N,,Y,N,1,2026-04-28T08:19:00,2026-04-28T09:35:00,76,187.45,Completed
JT11002054,JT11002054-1,WO701802,AP9002054,5031,1001,CSP1,PCCARP,N,N,,Y,N,1,2026-04-28T07:53:00,2026-04-28T09:15:00,82,176.55,Completed
JT11002055,JT11002055-1,WO701803,AP9002055,5016,1003,CSP1,PCGROUND,N,Y,Scaffolding required,N,N,1,2026-04-28T11:53:00,2026-04-28T12:37:00,44,202.14,Completed
JT11002056,JT11002056-1,WO701803,AP9002056,5016,1003,CSP1,PCGROUND,N,N,,Y,Y,2,2026-04-30T08:12:00,2026-04-30T10:11:00,119,202.14,Completed
JT11002057,JT11002057-1,WO701804,AP9002057,5011,1001,CSP1,PCFENCE,N,Y,Asbestos found,N,N,1,2026-04-28T08:18:00,2026-04-28T09:39:00,81,110.34,Completed
JT11002058,JT11002058-1,WO701804,AP9002058,5011,1001,CSP1,PCFENCE,N,N,,Y,Y,2,2026-04-30T08:08:00,2026-04-30T09:52:00,104,110.34,Completed
JT11002059,JT11002059-1,WO701805,AP9002059,5103,1006,CSP2,PCCARP,N,N,,Y,N,1,2026-04-28T11:58:00,2026-04-28T13:07:00,69,230.34,Completed
JT11002060,JT11002060-1,WO701806,AP9002060,5162,1007,CSP2,PCFENCE,N,N,,Y,N,1,2026-04-28T08:01:00,2026-04-28T09:09:00,68,316.59,Completed
JT11002061,JT11002061-1,WO701807,AP9002061,5128,1008,CSP2,PCPLAST,Y,N,,N,N,1,2026-04-28T08:11:00,2026-04-28T09:31:00,80,186.60,No Access
JT11002062,JT11002062-1,WO701809,AP9002062,5158,1006,CSP2,PCTILE,N,N,,Y,N,1,2026-04-28T12:06:00,2026-04-28T13:42:00,96,143.20,Completed
JT11002063,JT11002063-1,WO701810,AP9002063,5101,1009,CSP2,PCFENCE,N,N,,Y,N,1,2026-04-28T12:04:00,2026-04-28T13:06:00,62,243.75,Completed
JT11002064,JT11002064-1,WO701811,AP9002064,5118,1006,CSP2,PCELEC,N,N,,Y,N,1,2026-04-28T08:19:00,2026-04-28T10:00:00,101,318.37,Completed
JT11002065,JT11002065-1,WO701813,AP9002065,5139,1008,CSP2,PCPLAST,Y,N,,N,N,1,2026-04-28T11:59:00,2026-04-28T12:46:00,47,268.79,No Access
JT11002066,JT11002066-1,WO701814,AP9002066,5168,1008,CSP2,PCFENCE,Y,N,,N,N,1,2026-04-28T07:52:00,2026-04-28T09:16:00,84,143.21,No Access
JT11002067,JT11002067-1,WO701814,AP9002067,5168,1008,CSP2,PCFENCE,N,N,,Y,Y,2,2026-04-30T07:51:00,2026-04-30T09:21:00,90,143.21,Completed
JT11002068,JT11002068-1,WO701815,AP9002068,5124,1006,CSP2,PCCARP,N,Y,Tenant requesting extra work,N,N,1,2026-04-28T12:18:00,2026-04-28T13:56:00,98,85.64,Completed
JT11002069,JT11002069-1,WO701815,AP9002069,5124,1006,CSP2,PCCARP,N,N,,Y,Y,2,2026-04-30T08:12:00,2026-04-30T08:50:00,38,85.64,Completed
JT11002070,JT11002070-1,WO701816,AP9002070,5134,1006,CSP2,PCFENCE,N,N,,Y,N,1,2026-04-28T11:52:00,2026-04-28T12:52:00,60,367.95,Completed
JT11002071,JT11002071-1,WO701817,AP9002071,5136,1009,CSP2,PCBRICK,N,N,,Y,N,1,2026-04-28T12:15:00,2026-04-28T13:03:00,48,307.80,Completed
JT11002072,JT11002072-1,WO701818,AP9002072,5174,1009,CSP2,PCGROUND,N,N,,Y,N,1,2026-04-28T12:04:00,2026-04-28T13:16:00,72,454.27,Completed
JT11002073,JT11002073-1,WO701819,AP9002073,5140,1007,CSP2,PCVINYL,N,N,,Y,N,1,2026-04-28T07:56:00,2026-04-28T09:15:00,79,233.36,Completed
JT11002074,JT11002074-1,WO701820,AP9002074,5101,1008,CSP2,PCCARP,Y,N,,N,N,1,2026-04-28T08:00:00,2026-04-28T09:22:00,82,94.29,No Access
JT11002075,JT11002075-1,WO701820,AP9002075,5101,1008,CSP2,PCCARP,N,N,,Y,Y,2,2026-04-30T07:56:00,2026-04-30T08:57:00,61,94.29,Completed
JT11002076,JT11002076-1,WO701821,AP9002076,5172,1006,CSP2,PCTILE,N,N,,Y,N,1,2026-04-28T08:01:00,2026-04-28T09:29:00,88,138.00,Completed
JT11002077,JT11002077-1,WO701822,AP9002077,5103,1009,CSP2,PCELEC,N,N,,Y,N,1,2026-04-28T07:54:00,2026-04-28T08:50:00,56,173.28,Completed
JT11002078,JT11002078-1,WO701823,AP9002078,5131,1007,CSP2,PCVINYL,N,Y,Tenant requesting extra work,N,N,1,2026-04-28T08:10:00,2026-04-28T09:19:00,69,95.16,Completed
JT11002079,JT11002079-1,WO701823,AP9002079,5131,1007,CSP2,PCVINYL,N,N,,Y,Y,2,2026-04-30T07:55:00,2026-04-30T09:05:00,70,95.16,Completed
JT11002080,JT11002080-1,WO701824,AP9002080,5164,1006,CSP2,PCGROUND,N,N,,Y,N,1,2026-04-28T12:18:00,2026-04-28T13:57:00,99,368.18,Completed
JT11002081,JT11002081-1,WO701825,AP9002081,5145,1009,CSP2,PCPLAST,N,N,,Y,N,1,2026-04-28T12:07:00,2026-04-28T13:58:00,111,226.49,Completed
JT11002082,JT11002082-1,WO701826,AP9002082,5116,1008,CSP2,PCVINYL,N,N,,Y,N,1,2026-04-28T12:03:00,2026-04-28T13:28:00,85,214.39,Completed
JT11002083,JT11002083-1,WO701827,AP9002083,5233,1012,CSP4,PCPLAST,N,Y,Customer not ready,N,N,1,2026-04-28T08:16:00,2026-04-28T09:42:00,86,236.74,Completed
JT11002084,JT11002084-1,WO701828,AP9002084,5206,1013,CSP4,PCTILE,N,N,,Y,N,1,2026-04-28T07:55:00,2026-04-28T08:58:00,63,145.92,Completed
JT11002085,JT11002085-1,WO701829,AP9002085,5215,1014,CSP4,PCPLUMB,N,Y,Works not required,N,N,1,2026-04-28T08:05:00,2026-04-28T08:54:00,49,120.89,Completed
JT11002086,JT11002086-1,WO701829,AP9002086,5215,1014,CSP4,PCPLUMB,N,N,,Y,Y,2,2026-04-30T07:57:00,2026-04-30T09:34:00,97,120.89,Completed
JT11002087,JT11002087-1,WO701830,AP9002087,5219,1011,CSP4,PCPLAST,N,N,,Y,N,1,2026-04-28T08:01:00,2026-04-28T09:30:00,89,233.00,Completed
JT11002088,JT11002088-1,WO701831,AP9002088,5288,1012,CSP4,PCBRICK,N,N,,Y,N,1,2026-04-28T08:01:00,2026-04-28T08:39:00,38,365.39,Completed
JT11002089,JT11002089-1,WO701832,AP9002089,5286,1014,CSP4,PCTILE,N,Y,Inspection required,N,N,1,2026-04-28T08:20:00,2026-04-28T10:06:00,106,80.34,Completed
JT11002090,JT11002090-1,WO701832,AP9002090,5286,1014,CSP4,PCTILE,N,N,,Y,Y,2,2026-04-30T08:20:00,2026-04-30T09:35:00,75,80.34,Completed
JT11002091,JT11002091-1,WO701833,AP9002091,5208,1014,CSP4,PCPLUMB,N,Y,Weather condition,N,N,1,2026-04-28T08:18:00,2026-04-28T09:52:00,94,143.09,Completed
JT11002092,JT11002092-1,WO701833,AP9002092,5208,1014,CSP4,PCPLUMB,N,N,,Y,Y,2,2026-04-30T08:07:00,2026-04-30T08:52:00,45,143.09,Completed
JT11002093,JT11002093-1,WO701834,AP9002093,5236,1012,CSP4,PCPLAST,Y,N,,N,N,1,2026-04-28T12:15:00,2026-04-28T13:02:00,47,107.91,No Access
JT11002094,JT11002094-1,WO701834,AP9002094,5236,1012,CSP4,PCPLAST,N,N,,Y,Y,2,2026-04-30T08:20:00,2026-04-30T09:39:00,79,107.91,Completed
JT11002095,JT11002095-1,WO701835,AP9002095,5229,1011,CSP4,PCELEC,N,Y,Customer not ready,N,N,1,2026-04-28T07:59:00,2026-04-28T09:22:00,83,251.57,Completed
JT11002096,JT11002096-1,WO701836,AP9002096,5257,1014,CSP4,PCPLAST,N,N,,Y,N,1,2026-04-28T07:50:00,2026-04-28T09:15:00,85,270.06,Completed
JT11002097,JT11002097-1,WO701837,AP9002097,5283,1011,CSP4,PCPLAST,Y,N,,N,N,1,2026-04-28T08:04:00,2026-04-28T09:30:00,86,108.21,No Access
JT11002098,JT11002098-1,WO701837,AP9002098,5283,1011,CSP4,PCPLAST,N,N,,Y,Y,2,2026-04-30T08:16:00,2026-04-30T09:23:00,67,108.21,Completed
JT11002099,JT11002099-1,WO701838,AP9002099,5267,1013,CSP4,PCBRICK,N,N,,Y,N,1,2026-04-28T07:56:00,2026-04-28T09:05:00,69,312.71,Completed
JT11002100,JT11002100-1,WO701839,AP9002100,5233,1011,CSP4,PCTILE,N,N,,Y,N,1,2026-04-28T12:13:00,2026-04-28T13:47:00,94,130.38,Completed
JT11002101,JT11002101-1,WO701840,AP9002101,5224,1014,CSP4,PCELEC,N,Y,Customer not ready,N,N,1,2026-04-28T11:53:00,2026-04-28T13:10:00,77,323.30,Completed
JT11002102,JT11002102-1,WO701841,AP9002102,5273,1014,CSP4,PCFENCE,Y,N,,N,N,1,2026-04-28T08:11:00,2026-04-28T08:38:00,27,99.98,No Access
JT11002103,JT11002103-1,WO701841,AP9002103,5273,1014,CSP4,PCFENCE,N,N,,Y,Y,2,2026-04-30T08:08:00,2026-04-30T09:14:00,66,99.98,Completed
JT11002104,JT11002104-1,WO701842,AP9002104,5290,1014,CSP4,PCBRICK,N,N,,Y,N,1,2026-04-28T12:14:00,2026-04-28T13:20:00,66,254.53,Completed
JT11002105,JT11002105-1,WO701843,AP9002105,5213,1014,CSP4,PCVINYL,N,N,,Y,N,1,2026-04-28T11:59:00,2026-04-28T13:47:00,108,289.75,Completed
JT11002106,JT11002106-1,WO701844,AP9002106,5298,1012,CSP4,PCTILE,N,Y,Customer not ready,N,N,1,2026-04-28T07:59:00,2026-04-28T09:22:00,83,158.62,Completed
JT11002107,JT11002107-1,WO701845,AP9002107,5273,1011,CSP4,PCPLAST,N,Y,Customer not ready,N,N,1,2026-04-28T08:09:00,2026-04-28T09:20:00,71,209.15,Completed
JT11002108,JT11002108-1,WO701846,AP9002108,5214,1013,CSP4,PCGROUND,N,Y,Re-directed work,N,N,1,2026-04-28T08:11:00,2026-04-28T09:12:00,61,221.33,Completed
JT11002109,JT11002109-1,WO701846,AP9002109,5214,1013,CSP4,PCGROUND,N,N,,Y,Y,2,2026-04-30T08:12:00,2026-04-30T08:58:00,46,221.33,Completed
JT11002110,JT11002110-1,WO701847,AP9002110,5276,1012,CSP4,PCVINYL,N,N,,Y,N,1,2026-04-28T08:16:00,2026-04-28T10:03:00,107,166.54,Completed
JT11002111,JT11002111-1,WO701848,AP9002111,5231,1011,CSP4,PCCARP,N,Y,Customer not ready,N,N,1,2026-04-28T11:57:00,2026-04-28T13:50:00,113,169.52,Completed
JT11002112,JT11002112-1,WO701849,AP9002112,5006,1003,CSP1,PCELEC,N,N,,Y,N,1,2026-04-29T07:59:00,2026-04-29T09:10:00,71,184.49,Completed
JT11002113,JT11002113-1,WO701850,AP9002113,5063,1002,CSP1,PCTILE,N,N,,Y,N,1,2026-04-29T11:51:00,2026-04-29T13:07:00,76,180.15,Completed
JT11002114,JT11002114-1,WO701851,AP9002114,5036,1001,CSP1,PCPLUMB,Y,N,,N,N,1,2026-04-29T08:19:00,2026-04-29T09:11:00,52,92.47,No Access
JT11002115,JT11002115-1,WO701851,AP9002115,5036,1001,CSP1,PCPLUMB,N,N,,Y,Y,2,2026-05-01T11:51:00,2026-05-01T13:05:00,74,92.47,Completed
JT11002116,JT11002116-1,WO701852,AP9002116,5095,1002,CSP1,PCCARP,N,N,,Y,N,1,2026-04-29T11:50:00,2026-04-29T12:53:00,63,199.66,Completed
JT11002117,JT11002117-1,WO701854,AP9002117,5058,1001,CSP1,PCTILE,N,N,,Y,N,1,2026-04-29T08:02:00,2026-04-29T08:58:00,56,195.98,Completed
JT11002118,JT11002118-1,WO701855,AP9002118,5088,1003,CSP1,PCVINYL,N,N,,Y,N,1,2026-04-29T12:19:00,2026-04-29T14:00:00,101,220.80,Completed
JT11002119,JT11002119-1,WO701856,AP9002119,5069,1004,CSP1,PCPLAST,N,N,,Y,N,1,2026-04-29T08:19:00,2026-04-29T09:44:00,85,210.71,Completed
JT11002120,JT11002120-1,WO701857,AP9002120,5054,1002,CSP1,PCCARP,N,N,,Y,N,1,2026-04-29T12:05:00,2026-04-29T13:05:00,60,219.07,Completed
JT11002121,JT11002121-1,WO701858,AP9002121,5087,1002,CSP1,PCGROUND,N,Y,Tenant requesting extra work,N,N,1,2026-04-29T07:59:00,2026-04-29T08:47:00,48,197.47,Completed
JT11002122,JT11002122-1,WO701858,AP9002122,5087,1002,CSP1,PCGROUND,N,N,,Y,Y,2,2026-05-01T12:02:00,2026-05-01T13:35:00,93,197.47,Completed
JT11002123,JT11002123-1,WO701859,AP9002123,5077,1004,CSP1,PCGROUND,N,N,,Y,N,1,2026-04-29T08:02:00,2026-04-29T09:39:00,97,456.10,Completed
JT11002124,JT11002124-1,WO701860,AP9002124,5036,1002,CSP1,PCFENCE,N,N,,Y,N,1,2026-04-29T08:18:00,2026-04-29T09:02:00,44,319.81,Completed
JT11002125,JT11002125-1,WO701861,AP9002125,5060,1004,CSP1,PCCARP,N,N,,Y,N,1,2026-04-29T07:54:00,2026-04-29T09:19:00,85,187.70,Completed
JT11002126,JT11002126-1,WO701862,AP9002126,5069,1002,CSP1,PCCARP,N,N,,Y,N,1,2026-04-29T12:02:00,2026-04-29T12:53:00,51,154.27,Completed
JT11002127,JT11002127-1,WO701863,AP9002127,5067,1003,CSP1,PCPLAST,N,N,,Y,N,1,2026-04-29T08:18:00,2026-04-29T09:53:00,95,211.60,Completed
JT11002128,JT11002128-1,WO701864,AP9002128,5070,1003,CSP1,PCCARP,N,N,,Y,N,1,2026-04-29T07:51:00,2026-04-29T09:40:00,109,177.75,Completed
JT11002129,JT11002129-1,WO701865,AP9002129,5071,1002,CSP1,PCPLAST,Y,N,,N,N,1,2026-04-29T08:07:00,2026-04-29T09:15:00,68,90.14,No Access
JT11002130,JT11002130-1,WO701865,AP9002130,5071,1002,CSP1,PCPLAST,N,N,,Y,Y,2,2026-05-01T12:11:00,2026-05-01T13:31:00,80,90.14,Completed
JT11002131,JT11002131-1,WO701866,AP9002131,5029,1001,CSP1,PCCARP,N,N,,Y,N,1,2026-04-29T11:52:00,2026-04-29T12:39:00,47,201.59,Completed
JT11002132,JT11002132-1,WO701867,AP9002132,5098,1002,CSP1,PCFENCE,N,N,,Y,N,1,2026-04-29T08:05:00,2026-04-29T09:02:00,57,296.06,Completed
JT11002133,JT11002133-1,WO701868,AP9002133,5100,1004,CSP1,PCPLUMB,Y,N,,N,N,1,2026-04-29T07:56:00,2026-04-29T09:04:00,68,152.66,No Access
JT11002134,JT11002134-1,WO701868,AP9002134,5100,1004,CSP1,PCPLUMB,N,N,,Y,Y,2,2026-05-01T08:13:00,2026-05-01T08:37:00,24,152.66,Completed
JT11002135,JT11002135-1,WO701869,AP9002135,5075,1002,CSP1,PCCARP,N,N,,Y,N,1,2026-04-29T12:18:00,2026-04-29T13:00:00,42,205.69,Completed
JT11002136,JT11002136-1,WO701870,AP9002136,5008,1002,CSP1,PCPLUMB,N,N,,Y,N,1,2026-04-29T07:52:00,2026-04-29T09:24:00,92,254.72,Completed
JT11002137,JT11002137-1,WO701871,AP9002137,5183,1006,CSP2,PCBRICK,N,Y,Tenant requesting extra work,N,N,1,2026-04-29T07:51:00,2026-04-29T09:49:00,118,155.38,Completed
JT11002138,JT11002138-1,WO701871,AP9002138,5183,1006,CSP2,PCBRICK,N,N,,Y,Y,2,2026-05-01T07:57:00,2026-05-01T09:26:00,89,155.38,Completed
JT11002139,JT11002139-1,WO701872,AP9002139,5170,1009,CSP2,PCELEC,N,N,,Y,N,1,2026-04-29T07:53:00,2026-04-29T09:01:00,68,330.80,Completed
JT11002140,JT11002140-1,WO701873,AP9002140,5180,1006,CSP2,PCPLUMB,N,N,,Y,N,1,2026-04-29T08:06:00,2026-04-29T08:35:00,29,243.98,Completed
JT11002141,JT11002141-1,WO701874,AP9002141,5101,1007,CSP2,PCBRICK,N,N,,Y,N,1,2026-04-29T12:12:00,2026-04-29T13:35:00,83,365.79,Completed
JT11002142,JT11002142-1,WO701875,AP9002142,5168,1007,CSP2,PCPLAST,N,N,,Y,N,1,2026-04-29T08:11:00,2026-04-29T09:23:00,72,233.46,Completed
JT11002143,JT11002143-1,WO701877,AP9002143,5192,1007,CSP2,PCPLUMB,N,N,,Y,N,1,2026-04-29T08:19:00,2026-04-29T09:32:00,73,298.54,Completed
JT11002144,JT11002144-1,WO701878,AP9002144,5159,1009,CSP2,PCFENCE,N,N,,Y,N,1,2026-04-29T07:57:00,2026-04-29T09:29:00,92,157.33,Completed
JT11002145,JT11002145-1,WO701879,AP9002145,5168,1009,CSP2,PCPLAST,N,N,,Y,N,1,2026-04-29T08:07:00,2026-04-29T09:26:00,79,168.55,Completed
JT11002146,JT11002146-1,WO701880,AP9002146,5168,1006,CSP2,PCCARP,Y,N,,N,N,1,2026-04-29T07:54:00,2026-04-29T09:06:00,72,116.27,No Access
JT11002147,JT11002147-1,WO701880,AP9002147,5168,1006,CSP2,PCCARP,N,N,,Y,Y,2,2026-05-01T08:10:00,2026-05-01T09:16:00,66,116.27,Completed
JT11002148,JT11002148-1,WO701881,AP9002148,5183,1008,CSP2,PCPLAST,Y,N,,N,N,1,2026-04-29T12:18:00,2026-04-29T13:37:00,79,98.28,No Access
JT11002149,JT11002149-1,WO701881,AP9002149,5183,1008,CSP2,PCPLAST,N,N,,Y,Y,2,2026-05-01T07:58:00,2026-05-01T09:18:00,80,98.28,Completed
JT11002150,JT11002150-1,WO701882,AP9002150,5168,1007,CSP2,PCCARP,Y,N,,N,N,1,2026-04-29T08:16:00,2026-04-29T08:42:00,26,100.02,No Access
JT11002151,JT11002151-1,WO701882,AP9002151,5168,1007,CSP2,PCCARP,N,N,,Y,Y,2,2026-05-01T07:51:00,2026-05-01T09:43:00,112,100.02,Completed
JT11002152,JT11002152-1,WO701883,AP9002152,5138,1007,CSP2,PCPLAST,N,Y,Tenant requesting extra work,N,N,1,2026-04-29T08:17:00,2026-04-29T09:27:00,70,81.72,Completed
JT11002153,JT11002153-1,WO701883,AP9002153,5138,1007,CSP2,PCPLAST,N,N,,Y,Y,2,2026-05-01T12:05:00,2026-05-01T13:50:00,105,81.72,Completed
JT11002154,JT11002154-1,WO701884,AP9002154,5132,1008,CSP2,PCVINYL,N,N,,Y,N,1,2026-04-29T07:53:00,2026-04-29T08:53:00,60,227.81,Completed
JT11002155,JT11002155-1,WO701885,AP9002155,5133,1006,CSP2,PCCARP,N,N,,Y,N,1,2026-04-29T07:59:00,2026-04-29T09:30:00,91,268.85,Completed
JT11002156,JT11002156-1,WO701886,AP9002156,5146,1009,CSP2,PCFENCE,N,N,,Y,N,1,2026-04-29T08:17:00,2026-04-29T09:52:00,95,361.90,Completed
JT11002157,JT11002157-1,WO701888,AP9002157,5111,1006,CSP2,PCELEC,N,N,,Y,N,1,2026-04-29T07:53:00,2026-04-29T08:44:00,51,217.45,Completed
JT11002158,JT11002158-1,WO701889,AP9002158,5168,1006,CSP2,PCGROUND,N,N,,Y,N,1,2026-04-29T08:05:00,2026-04-29T09:36:00,91,339.77,Completed
JT11002159,JT11002159-1,WO701890,AP9002159,5165,1007,CSP2,PCGROUND,N,N,,Y,N,1,2026-04-29T08:06:00,2026-04-29T08:26:00,20,370.84,Completed
JT11002160,JT11002160-1,WO701891,AP9002160,5190,1007,CSP2,PCPLUMB,N,N,,Y,N,1,2026-04-29T12:07:00,2026-04-29T13:05:00,58,226.29,Completed
JT11002161,JT11002161-1,WO701892,AP9002161,5131,1008,CSP2,PCTILE,N,N,,Y,N,1,2026-04-29T07:52:00,2026-04-29T09:03:00,71,193.07,Completed
JT11002162,JT11002162-1,WO701893,AP9002162,5291,1012,CSP4,PCCARP,N,Y,Customer not ready,N,N,1,2026-04-29T12:19:00,2026-04-29T13:09:00,50,166.78,Completed
JT11002163,JT11002163-1,WO701894,AP9002163,5259,1012,CSP4,PCGROUND,N,N,,Y,N,1,2026-04-29T08:03:00,2026-04-29T08:53:00,50,382.26,Completed
JT11002164,JT11002164-1,WO701895,AP9002164,5276,1011,CSP4,PCCARP,Y,N,,N,N,1,2026-04-29T08:12:00,2026-04-29T09:38:00,86,107.44,No Access
JT11002165,JT11002165-1,WO701895,AP9002165,5276,1011,CSP4,PCCARP,N,N,,Y,Y,2,2026-05-01T07:56:00,2026-05-01T08:47:00,51,107.44,Completed
JT11002166,JT11002166-1,WO701896,AP9002166,5206,1013,CSP4,PCVINYL,N,Y,Specialist equipment required,N,N,1,2026-04-29T07:55:00,2026-04-29T09:18:00,83,96.59,Completed
JT11002167,JT11002167-1,WO701896,AP9002167,5206,1013,CSP4,PCVINYL,N,N,,Y,Y,2,2026-05-01T08:09:00,2026-05-01T09:06:00,57,96.59,Completed
JT11002168,JT11002168-1,WO701897,AP9002168,5298,1011,CSP4,PCFENCE,N,Y,Tenant requesting extra work,N,N,1,2026-04-29T11:59:00,2026-04-29T12:38:00,39,105.98,Completed
JT11002169,JT11002169-1,WO701897,AP9002169,5298,1011,CSP4,PCFENCE,N,N,,Y,Y,2,2026-05-01T07:57:00,2026-05-01T09:23:00,86,105.98,Completed
JT11002170,JT11002170-1,WO701898,AP9002170,5268,1013,CSP4,PCPLUMB,N,N,,Y,N,1,2026-04-29T12:09:00,2026-04-29T12:53:00,44,239.82,Completed
JT11002171,JT11002171-1,WO701899,AP9002171,5300,1014,CSP4,PCVINYL,N,Y,Customer not ready,N,N,1,2026-04-29T08:03:00,2026-04-29T09:03:00,60,219.04,Completed
JT11002172,JT11002172-1,WO701900,AP9002172,5243,1013,CSP4,PCELEC,N,Y,Customer not ready,N,N,1,2026-04-29T08:07:00,2026-04-29T09:52:00,105,203.50,Completed
JT11002173,JT11002173-1,WO701901,AP9002173,5254,1013,CSP4,PCPLUMB,Y,N,,N,N,1,2026-04-29T08:07:00,2026-04-29T09:28:00,81,148.25,No Access
JT11002174,JT11002174-1,WO701901,AP9002174,5254,1013,CSP4,PCPLUMB,N,N,,Y,Y,2,2026-05-01T08:19:00,2026-05-01T09:34:00,75,148.25,Completed
JT11002175,JT11002175-1,WO701902,AP9002175,5208,1013,CSP4,PCCARP,N,N,,Y,N,1,2026-04-29T08:14:00,2026-04-29T08:39:00,25,146.44,Completed
JT11002176,JT11002176-1,WO701903,AP9002176,5214,1013,CSP4,PCGROUND,Y,N,,N,N,1,2026-04-29T12:07:00,2026-04-29T13:41:00,94,214.99,No Access
JT11002177,JT11002177-1,WO701903,AP9002177,5214,1013,CSP4,PCGROUND,N,N,,Y,Y,2,2026-05-01T07:56:00,2026-05-01T08:16:00,20,214.99,Completed
JT11002178,JT11002178-1,WO701904,AP9002178,5297,1013,CSP4,PCVINYL,N,Y,Customer not ready,N,N,1,2026-04-29T12:01:00,2026-04-29T12:49:00,48,200.59,Completed
JT11002179,JT11002179-1,WO701906,AP9002179,5296,1014,CSP4,PCBRICK,Y,N,,N,N,1,2026-04-29T08:10:00,2026-04-29T10:16:00,126,124.33,No Access
JT11002180,JT11002180-1,WO701906,AP9002180,5296,1014,CSP4,PCBRICK,N,N,,Y,Y,2,2026-05-01T08:03:00,2026-05-01T10:03:00,120,124.33,Completed
JT11002181,JT11002181-1,WO701907,AP9002181,5244,1013,CSP4,PCTILE,N,N,,Y,N,1,2026-04-29T07:50:00,2026-04-29T09:01:00,71,150.01,Completed
JT11002182,JT11002182-1,WO701908,AP9002182,5213,1012,CSP4,PCCARP,N,N,,Y,N,1,2026-04-29T08:20:00,2026-04-29T09:19:00,59,150.85,Completed
JT11002183,JT11002183-1,WO701909,AP9002183,5208,1014,CSP4,PCGROUND,N,N,,Y,N,1,2026-04-29T12:10:00,2026-04-29T13:17:00,67,388.94,Completed
JT11002184,JT11002184-1,WO701910,AP9002184,5204,1011,CSP4,PCVINYL,N,N,,Y,N,1,2026-04-29T08:08:00,2026-04-29T09:24:00,76,209.96,Completed
JT11002185,JT11002185-1,WO701911,AP9002185,5299,1011,CSP4,PCTILE,N,N,,Y,N,1,2026-04-29T08:13:00,2026-04-29T09:44:00,91,128.68,Completed
JT11002186,JT11002186-1,WO701912,AP9002186,5274,1014,CSP4,PCCARP,N,N,,Y,N,1,2026-04-29T07:51:00,2026-04-29T08:50:00,59,133.58,Completed
JT11002187,JT11002187-1,WO701913,AP9002187,5227,1012,CSP4,PCGROUND,N,Y,Customer not ready,N,N,1,2026-04-29T08:14:00,2026-04-29T09:53:00,99,451.80,Completed
JT11002188,JT11002188-1,WO701914,AP9002188,5268,1013,CSP4,PCELEC,N,N,,Y,N,1,2026-04-29T07:55:00,2026-04-29T09:05:00,70,270.05,Completed
JT11002189,JT11002189-1,WO701916,AP9002189,5086,1002,CSP1,PCFENCE,N,N,,Y,N,1,2026-04-30T12:09:00,2026-04-30T13:27:00,78,226.10,Completed
JT11002190,JT11002190-1,WO701917,AP9002190,5075,1004,CSP1,PCCARP,N,N,,Y,N,1,2026-04-30T08:18:00,2026-04-30T09:45:00,87,159.61,Completed
JT11002191,JT11002191-1,WO701918,AP9002191,5033,1004,CSP1,PCPLAST,N,N,,Y,N,1,2026-04-30T07:56:00,2026-04-30T09:24:00,88,164.58,Completed
JT11002192,JT11002192-1,WO701919,AP9002192,5074,1002,CSP1,PCVINYL,N,N,,Y,N,1,2026-04-30T12:10:00,2026-04-30T13:26:00,76,168.02,Completed
JT11002193,JT11002193-1,WO701920,AP9002193,5087,1002,CSP1,PCELEC,N,N,,Y,N,1,2026-04-30T12:12:00,2026-04-30T13:36:00,84,250.18,Completed
JT11002194,JT11002194-1,WO701921,AP9002194,5073,1003,CSP1,PCTILE,N,N,,Y,N,1,2026-04-30T08:12:00,2026-04-30T09:01:00,49,164.52,Completed
JT11002195,JT11002195-1,WO701922,AP9002195,5080,1004,CSP1,PCTILE,Y,N,,N,N,1,2026-04-30T07:52:00,2026-04-30T09:21:00,89,103.00,No Access
JT11002196,JT11002196-1,WO701922,AP9002196,5080,1004,CSP1,PCTILE,N,N,,Y,Y,2,2026-05-04T12:02:00,2026-05-04T12:37:00,35,103.00,Completed
JT11002197,JT11002197-1,WO701923,AP9002197,5038,1003,CSP1,PCPLAST,N,Y,Works not required,N,N,1,2026-04-30T12:11:00,2026-04-30T13:42:00,91,84.44,Completed
JT11002198,JT11002198-1,WO701923,AP9002198,5038,1003,CSP1,PCPLAST,N,N,,Y,Y,2,2026-05-04T08:02:00,2026-05-04T09:06:00,64,84.44,Completed
JT11002199,JT11002199-1,WO701924,AP9002199,5090,1004,CSP1,PCPLUMB,N,N,,Y,N,1,2026-04-30T08:01:00,2026-04-30T09:04:00,63,203.16,Completed
JT11002200,JT11002200-1,WO701925,AP9002200,5004,1003,CSP1,PCELEC,N,N,,Y,N,1,2026-04-30T12:13:00,2026-04-30T13:12:00,59,233.68,Completed
JT11002201,JT11002201-1,WO701926,AP9002201,5029,1004,CSP1,PCFENCE,N,N,,Y,N,1,2026-04-30T08:03:00,2026-04-30T10:12:00,129,192.70,Completed
JT11002202,JT11002202-1,WO701927,AP9002202,5085,1004,CSP1,PCGROUND,N,N,,Y,N,1,2026-04-30T12:19:00,2026-04-30T12:52:00,33,271.10,Completed
JT11002203,JT11002203-1,WO701928,AP9002203,5085,1002,CSP1,PCCARP,Y,N,,N,N,1,2026-04-30T08:13:00,2026-04-30T09:48:00,95,80.56,No Access
JT11002204,JT11002204-1,WO701928,AP9002204,5085,1002,CSP1,PCCARP,N,N,,Y,Y,2,2026-05-04T12:07:00,2026-05-04T13:00:00,53,80.56,Completed
JT11002205,JT11002205-1,WO701929,AP9002205,5019,1002,CSP1,PCVINYL,N,N,,Y,N,1,2026-04-30T08:20:00,2026-04-30T10:07:00,107,266.38,Completed
JT11002206,JT11002206-1,WO701931,AP9002206,5062,1002,CSP1,PCVINYL,N,Y,Scaffolding required,N,N,1,2026-04-30T12:16:00,2026-04-30T13:14:00,58,74.27,Completed
JT11002207,JT11002207-1,WO701931,AP9002207,5062,1002,CSP1,PCVINYL,N,N,,Y,Y,2,2026-05-04T08:03:00,2026-05-04T10:04:00,121,74.27,Completed
JT11002208,JT11002208-1,WO701932,AP9002208,5044,1002,CSP1,PCCARP,N,N,,Y,N,1,2026-04-30T07:50:00,2026-04-30T08:58:00,68,190.94,Completed
JT11002209,JT11002209-1,WO701933,AP9002209,5099,1004,CSP1,PCBRICK,Y,N,,N,N,1,2026-04-30T12:01:00,2026-04-30T13:13:00,72,116.91,No Access
JT11002210,JT11002210-1,WO701933,AP9002210,5099,1004,CSP1,PCBRICK,N,N,,Y,Y,2,2026-05-04T08:18:00,2026-05-04T09:32:00,74,116.91,Completed
JT11002211,JT11002211-1,WO701934,AP9002211,5097,1002,CSP1,PCTILE,N,N,,Y,N,1,2026-04-30T08:14:00,2026-04-30T09:48:00,94,171.51,Completed
JT11002212,JT11002212-1,WO701935,AP9002212,5009,1002,CSP1,PCPLUMB,Y,N,,N,N,1,2026-04-30T08:16:00,2026-04-30T09:13:00,57,119.79,No Access
JT11002213,JT11002213-1,WO701935,AP9002213,5009,1002,CSP1,PCPLUMB,N,N,,Y,Y,2,2026-05-04T07:58:00,2026-05-04T08:57:00,59,119.79,Completed
JT11002214,JT11002214-1,WO701936,AP9002214,5079,1003,CSP1,PCFENCE,N,N,,Y,N,1,2026-04-30T07:51:00,2026-04-30T09:54:00,123,285.53,Completed
JT11002215,JT11002215-1,WO701937,AP9002215,5179,1008,CSP2,PCBRICK,N,N,,Y,N,1,2026-04-30T12:15:00,2026-04-30T14:45:00,150,280.48,Completed
JT11002216,JT11002216-1,WO701938,AP9002216,5200,1007,CSP2,PCPLAST,N,N,,Y,N,1,2026-04-30T07:58:00,2026-04-30T09:42:00,104,183.88,Completed
JT11002217,JT11002217-1,WO701939,AP9002217,5107,1007,CSP2,PCFENCE,N,N,,Y,N,1,2026-04-30T08:16:00,2026-04-30T09:58:00,102,246.90,Completed
JT11002218,JT11002218-1,WO701940,AP9002218,5151,1007,CSP2,PCPLAST,N,N,,Y,N,1,2026-04-30T07:51:00,2026-04-30T09:07:00,76,139.61,Completed
JT11002219,JT11002219-1,WO701941,AP9002219,5117,1009,CSP2,PCPLAST,N,N,,Y,N,1,2026-04-30T08:19:00,2026-04-30T09:29:00,70,158.11,Completed
JT11002220,JT11002220-1,WO701942,AP9002220,5161,1008,CSP2,PCVINYL,Y,N,,N,N,1,2026-04-30T12:10:00,2026-04-30T12:30:00,20,84.48,No Access
JT11002221,JT11002221-1,WO701942,AP9002221,5161,1008,CSP2,PCVINYL,N,N,,Y,Y,2,2026-05-04T12:11:00,2026-05-04T12:59:00,48,84.48,Completed
JT11002222,JT11002222-1,WO701943,AP9002222,5134,1006,CSP2,PCPLUMB,N,N,,Y,N,1,2026-04-30T08:03:00,2026-04-30T08:50:00,47,354.20,Completed
JT11002223,JT11002223-1,WO701944,AP9002223,5159,1008,CSP2,PCTILE,N,N,,Y,N,1,2026-04-30T08:01:00,2026-04-30T09:28:00,87,211.82,Completed
JT11002224,JT11002224-1,WO701945,AP9002224,5152,1006,CSP2,PCCARP,N,N,,Y,N,1,2026-04-30T12:00:00,2026-04-30T13:18:00,78,184.21,Completed
JT11002225,JT11002225-1,WO701946,AP9002225,5122,1007,CSP2,PCCARP,N,N,,Y,N,1,2026-04-30T07:53:00,2026-04-30T08:59:00,66,215.09,Completed
JT11002226,JT11002226-1,WO701947,AP9002226,5166,1007,CSP2,PCFENCE,N,Y,Planned referral required,N,N,1,2026-04-30T12:09:00,2026-04-30T13:45:00,96,136.39,Completed
JT11002227,JT11002227-1,WO701947,AP9002227,5166,1007,CSP2,PCFENCE,N,N,,Y,Y,2,2026-05-04T08:11:00,2026-05-04T09:17:00,66,136.39,Completed
JT11002228,JT11002228-1,WO701948,AP9002228,5158,1009,CSP2,PCCARP,N,N,,Y,N,1,2026-04-30T08:17:00,2026-04-30T09:15:00,58,190.25,Completed
JT11002229,JT11002229-1,WO701949,AP9002229,5175,1008,CSP2,PCFENCE,Y,N,,N,N,1,2026-04-30T07:52:00,2026-04-30T09:18:00,86,135.63,No Access
JT11002230,JT11002230-1,WO701949,AP9002230,5175,1008,CSP2,PCFENCE,N,N,,Y,Y,2,2026-05-04T07:53:00,2026-05-04T08:29:00,36,135.63,Completed
JT11002231,JT11002231-1,WO701950,AP9002231,5136,1008,CSP2,PCBRICK,N,N,,Y,N,1,2026-04-30T07:50:00,2026-04-30T08:57:00,67,220.97,Completed
JT11002232,JT11002232-1,WO701951,AP9002232,5169,1007,CSP2,PCCARP,N,N,,Y,N,1,2026-04-30T12:16:00,2026-04-30T14:20:00,124,162.82,Completed
JT11002233,JT11002233-1,WO701952,AP9002233,5102,1009,CSP2,PCPLAST,N,N,,Y,N,1,2026-04-30T08:02:00,2026-04-30T09:54:00,112,194.84,Completed
JT11002234,JT11002234-1,WO701953,AP9002234,5134,1006,CSP2,PCGROUND,N,N,,Y,N,1,2026-04-30T08:01:00,2026-04-30T08:50:00,49,375.65,Completed
JT11002235,JT11002235-1,WO701954,AP9002235,5194,1007,CSP2,PCELEC,N,N,,Y,N,1,2026-04-30T08:12:00,2026-04-30T09:16:00,64,218.73,Completed
JT11002236,JT11002236-1,WO701955,AP9002236,5166,1006,CSP2,PCPLAST,N,N,,Y,N,1,2026-04-30T12:10:00,2026-04-30T13:04:00,54,204.73,Completed
JT11002237,JT11002237-1,WO701956,AP9002237,5195,1006,CSP2,PCPLUMB,N,N,,Y,N,1,2026-04-30T08:16:00,2026-04-30T09:39:00,83,195.14,Completed
JT11002238,JT11002238-1,WO701957,AP9002238,5116,1006,CSP2,PCELEC,N,N,,Y,N,1,2026-04-30T08:05:00,2026-04-30T09:14:00,69,307.51,Completed
JT11002239,JT11002239-1,WO701958,AP9002239,5119,1008,CSP2,PCPLUMB,N,N,,Y,N,1,2026-04-30T12:16:00,2026-04-30T13:04:00,48,289.73,Completed
JT11002240,JT11002240-1,WO701960,AP9002240,5243,1014,CSP4,PCGROUND,N,N,,Y,N,1,2026-04-30T07:51:00,2026-04-30T09:38:00,107,505.39,Completed
JT11002241,JT11002241-1,WO701961,AP9002241,5267,1014,CSP4,PCPLAST,N,Y,Follow on weather conditions,N,N,1,2026-04-30T08:05:00,2026-04-30T09:08:00,63,80.39,Completed
JT11002242,JT11002242-1,WO701961,AP9002242,5267,1014,CSP4,PCPLAST,N,N,,Y,Y,2,2026-05-04T11:56:00,2026-05-04T13:07:00,71,80.39,Completed
JT11002243,JT11002243-1,WO701962,AP9002243,5206,1013,CSP4,PCGROUND,N,N,,Y,N,1,2026-04-30T11:53:00,2026-04-30T13:21:00,88,512.70,Completed
JT11002244,JT11002244-1,WO701963,AP9002244,5270,1013,CSP4,PCPLUMB,N,N,,Y,N,1,2026-04-30T12:01:00,2026-04-30T13:15:00,74,177.70,Completed
JT11002245,JT11002245-1,WO701964,AP9002245,5289,1012,CSP4,PCTILE,N,Y,Follow on planned inspection/measure,N,N,1,2026-04-30T11:58:00,2026-04-30T13:25:00,87,69.30,Completed
JT11002246,JT11002246-1,WO701964,AP9002246,5289,1012,CSP4,PCTILE,N,N,,Y,Y,2,2026-05-04T07:58:00,2026-05-04T09:36:00,98,69.30,Completed
JT11002247,JT11002247-1,WO701965,AP9002247,5283,1014,CSP4,PCPLAST,N,N,,Y,N,1,2026-04-30T11:55:00,2026-04-30T13:44:00,109,196.11,Completed
JT11002248,JT11002248-1,WO701967,AP9002248,5284,1012,CSP4,PCELEC,N,N,,Y,N,1,2026-04-30T08:09:00,2026-04-30T09:27:00,78,230.98,Completed
JT11002249,JT11002249-1,WO701968,AP9002249,5226,1012,CSP4,PCGROUND,Y,N,,N,N,1,2026-04-30T08:15:00,2026-04-30T10:01:00,106,188.67,No Access
JT11002250,JT11002250-1,WO701968,AP9002250,5226,1012,CSP4,PCGROUND,N,N,,Y,Y,2,2026-05-04T08:00:00,2026-05-04T08:28:00,28,188.67,Completed
JT11002251,JT11002251-1,WO701969,AP9002251,5210,1014,CSP4,PCCARP,N,Y,Asbestos found,N,N,1,2026-04-30T08:05:00,2026-04-30T09:17:00,72,90.64,Completed
JT11002252,JT11002252-1,WO701969,AP9002252,5210,1014,CSP4,PCCARP,N,N,,Y,Y,2,2026-05-04T12:13:00,2026-05-04T13:33:00,80,90.64,Completed
JT11002253,JT11002253-1,WO701970,AP9002253,5220,1012,CSP4,PCVINYL,N,N,,Y,N,1,2026-04-30T08:19:00,2026-04-30T09:16:00,57,202.19,Completed
JT11002254,JT11002254-1,WO701973,AP9002254,5247,1011,CSP4,PCVINYL,N,N,,Y,N,1,2026-04-30T08:20:00,2026-04-30T08:59:00,39,222.98,Completed
JT11002255,JT11002255-1,WO701974,AP9002255,5222,1013,CSP4,PCBRICK,N,N,,Y,N,1,2026-04-30T08:16:00,2026-04-30T09:39:00,83,283.59,Completed
JT11002256,JT11002256-1,WO701975,AP9002256,5268,1011,CSP4,PCVINYL,N,N,,Y,N,1,2026-04-30T12:06:00,2026-04-30T12:26:00,20,278.05,Completed
JT11002257,JT11002257-1,WO701976,AP9002257,5282,1011,CSP4,PCTILE,N,N,,Y,N,1,2026-04-30T07:59:00,2026-04-30T09:08:00,69,104.34,Completed
JT11002258,JT11002258-1,WO701977,AP9002258,5229,1012,CSP4,PCTILE,N,N,,Y,N,1,2026-04-30T11:59:00,2026-04-30T13:07:00,68,149.50,Completed
JT11002259,JT11002259-1,WO701978,AP9002259,5211,1012,CSP4,PCFENCE,N,N,,Y,N,1,2026-04-30T07:55:00,2026-04-30T09:14:00,79,389.15,Completed
JT11002260,JT11002260-1,WO701979,AP9002260,5274,1012,CSP4,PCPLAST,N,N,,Y,N,1,2026-04-30T12:01:00,2026-04-30T12:58:00,57,243.55,Completed
JT11002261,JT11002261-1,WO701980,AP9002261,5248,1014,CSP4,PCCARP,N,N,,Y,N,1,2026-04-30T12:04:00,2026-04-30T13:32:00,88,211.58,Completed
