AppointmentReference,WorksOrderReference,PropertiesSK,EmployeesSK,PatchCode,AppointmentSlot,ScheduledAppointmentStart,ScheduledAppointmentEnd,AttendanceStartDateTime,AppointmentAttendedWithinSlot,AppointmentStatus,AppointmentSequence,StandardMinuteValue
AP9000001,WO700001,5019,1004,CSP1,All Day,2026-03-20T08:00:00,2026-03-20T16:00:00,2026-03-20T07:58:00,N,Completed,1,133
AP9000002,WO700002,5068,1001,CSP1,All Day,2026-03-20T08:00:00,2026-03-20T16:00:00,2026-03-20T08:00:00,Y,Completed,1,58
AP9000003,WO700003,5099,1003,CSP1,PM,2026-03-20T12:00:00,2026-03-20T16:00:00,2026-03-20T11:57:00,N,Completed,1,96
AP9000004,WO700004,5052,1001,CSP1,AM,2026-03-20T08:00:00,2026-03-20T12:00:00,2026-03-20T08:19:00,Y,Completed,1,76
AP9000005,WO700005,5061,1004,CSP1,AM,2026-03-20T08:00:00,2026-03-20T12:00:00,2026-03-20T07:51:00,N,Completed,1,89
AP9000006,WO700006,5072,1002,CSP1,PM,2026-03-20T12:00:00,2026-03-20T16:00:00,2026-03-20T12:15:00,Y,Completed,1,119
AP9000007,WO700007,5097,1003,CSP1,AM,2026-03-20T08:00:00,2026-03-20T12:00:00,2026-03-20T08:02:00,Y,Completed,1,67
AP9000008,WO700008,5028,1003,CSP1,PM,2026-03-20T12:00:00,2026-03-20T16:00:00,2026-03-20T11:56:00,N,Completed,1,95
AP9000009,WO700010,5085,1002,CSP1,PM,2026-03-20T12:00:00,2026-03-20T16:00:00,2026-03-20T12:09:00,Y,Completed,1,109
AP9000010,WO700011,5019,1001,CSP1,AM,2026-03-20T08:00:00,2026-03-20T12:00:00,2026-03-20T08:15:00,Y,Completed,1,44
AP9000011,WO700012,5059,1003,CSP1,AM,2026-03-20T08:00:00,2026-03-20T12:00:00,2026-03-20T07:50:00,N,Completed,1,94
AP9000012,WO700013,5007,1001,CSP1,PM,2026-03-20T12:00:00,2026-03-20T16:00:00,2026-03-20T12:20:00,Y,No Access,1,70
AP9000013,WO700013,5007,1001,CSP1,AM,2026-03-23T08:00:00,2026-03-23T12:00:00,2026-03-23T07:51:00,N,Completed,2,77
AP9000014,WO700014,5078,1001,CSP1,All Day,2026-03-20T08:00:00,2026-03-20T16:00:00,2026-03-20T08:08:00,Y,Completed,1,59
AP9000015,WO700016,5039,1001,CSP1,All Day,2026-03-20T08:00:00,2026-03-20T16:00:00,2026-03-20T08:13:00,Y,Completed,1,96
AP9000016,WO700017,5023,1003,CSP1,AM,2026-03-20T08:00:00,2026-03-20T12:00:00,2026-03-20T07:57:00,N,Completed,1,38
AP9000017,WO700018,5051,1003,CSP1,PM,2026-03-20T12:00:00,2026-03-20T16:00:00,2026-03-20T11:55:00,N,No Access,1,120
AP9000018,WO700018,5051,1003,CSP1,All Day,2026-03-23T08:00:00,2026-03-23T16:00:00,2026-03-23T08:15:00,Y,Completed,2,37
AP9000019,WO700019,5091,1004,CSP1,PM,2026-03-20T12:00:00,2026-03-20T16:00:00,2026-03-20T11:51:00,N,Completed,1,96
AP9000020,WO700019,5091,1004,CSP1,PM,2026-03-23T12:00:00,2026-03-23T16:00:00,2026-03-23T12:15:00,Y,Completed,2,50
AP9000021,WO700020,5089,1004,CSP1,PM,2026-03-20T12:00:00,2026-03-20T16:00:00,2026-03-20T11:59:00,N,Completed,1,83
AP9000022,WO700021,5040,1003,CSP1,All Day,2026-03-20T08:00:00,2026-03-20T16:00:00,2026-03-20T08:18:00,Y,Completed,1,64
AP9000023,WO700022,5100,1003,CSP1,All Day,2026-03-20T08:00:00,2026-03-20T16:00:00,2026-03-20T08:08:00,Y,Completed,1,54
AP9000024,WO700023,5126,1008,CSP2,AM,2026-03-20T08:00:00,2026-03-20T12:00:00,2026-03-20T08:06:00,Y,No Access,1,86
AP9000025,WO700023,5126,1008,CSP2,AM,2026-03-23T08:00:00,2026-03-23T12:00:00,2026-03-23T07:59:00,N,Completed,2,128
AP9000026,WO700024,5160,1009,CSP2,PM,2026-03-20T12:00:00,2026-03-20T16:00:00,2026-03-20T11:50:00,N,Completed,1,60
AP9000027,WO700024,5160,1009,CSP2,AM,2026-03-23T08:00:00,2026-03-23T12:00:00,2026-03-23T08:18:00,Y,Completed,2,89
AP9000028,WO700025,5181,1007,CSP2,All Day,2026-03-20T08:00:00,2026-03-20T16:00:00,2026-03-20T08:10:00,Y,Completed,1,78
AP9000029,WO700026,5146,1006,CSP2,AM,2026-03-20T08:00:00,2026-03-20T12:00:00,2026-03-20T07:54:00,N,No Access,1,45
AP9000030,WO700026,5146,1006,CSP2,AM,2026-03-23T08:00:00,2026-03-23T12:00:00,2026-03-23T08:15:00,Y,Completed,2,38
AP9000031,WO700027,5112,1008,CSP2,AM,2026-03-20T08:00:00,2026-03-20T12:00:00,2026-03-20T07:56:00,N,Completed,1,97
AP9000032,WO700028,5142,1007,CSP2,All Day,2026-03-20T08:00:00,2026-03-20T16:00:00,2026-03-20T08:10:00,Y,Completed,1,75
AP9000033,WO700029,5192,1007,CSP2,All Day,2026-03-20T08:00:00,2026-03-20T16:00:00,2026-03-20T07:53:00,N,Completed,1,70
AP9000034,WO700030,5179,1009,CSP2,PM,2026-03-20T12:00:00,2026-03-20T16:00:00,2026-03-20T12:08:00,Y,Completed,1,94
AP9000035,WO700031,5181,1009,CSP2,AM,2026-03-20T08:00:00,2026-03-20T12:00:00,2026-03-20T08:05:00,Y,Completed,1,112
AP9000036,WO700032,5178,1009,CSP2,PM,2026-03-20T12:00:00,2026-03-20T16:00:00,2026-03-20T12:18:00,Y,Completed,1,66
AP9000037,WO700032,5178,1009,CSP2,PM,2026-03-23T12:00:00,2026-03-23T16:00:00,2026-03-23T12:13:00,Y,Completed,2,109
AP9000038,WO700033,5185,1006,CSP2,AM,2026-03-20T08:00:00,2026-03-20T12:00:00,2026-03-20T08:01:00,Y,Completed,1,63
AP9000039,WO700034,5117,1007,CSP2,PM,2026-03-20T12:00:00,2026-03-20T16:00:00,2026-03-20T11:59:00,N,No Access,1,91
AP9000040,WO700034,5117,1007,CSP2,All Day,2026-03-23T08:00:00,2026-03-23T16:00:00,2026-03-23T07:56:00,N,Completed,2,136
AP9000041,WO700035,5128,1007,CSP2,All Day,2026-03-20T08:00:00,2026-03-20T16:00:00,2026-03-20T08:07:00,Y,No Access,1,79
AP9000042,WO700035,5128,1007,CSP2,AM,2026-03-23T08:00:00,2026-03-23T12:00:00,2026-03-23T07:56:00,N,Completed,2,63
AP9000043,WO700036,5113,1007,CSP2,AM,2026-03-20T08:00:00,2026-03-20T12:00:00,2026-03-20T08:09:00,Y,No Access,1,104
AP9000044,WO700036,5113,1007,CSP2,AM,2026-03-23T08:00:00,2026-03-23T12:00:00,2026-03-23T08:10:00,Y,Completed,2,112
AP9000045,WO700037,5117,1006,CSP2,AM,2026-03-20T08:00:00,2026-03-20T12:00:00,2026-03-20T08:02:00,Y,Completed,1,71
AP9000046,WO700038,5157,1009,CSP2,PM,2026-03-20T12:00:00,2026-03-20T16:00:00,2026-03-20T12:05:00,Y,Completed,1,23
AP9000047,WO700039,5158,1009,CSP2,PM,2026-03-20T12:00:00,2026-03-20T16:00:00,2026-03-20T11:50:00,N,Completed,1,33
AP9000048,WO700040,5174,1006,CSP2,All Day,2026-03-20T08:00:00,2026-03-20T16:00:00,2026-03-20T08:04:00,Y,Completed,1,66
AP9000049,WO700041,5126,1007,CSP2,PM,2026-03-20T12:00:00,2026-03-20T16:00:00,2026-03-20T12:05:00,Y,Completed,1,56
AP9000050,WO700042,5167,1008,CSP2,PM,2026-03-20T12:00:00,2026-03-20T16:00:00,2026-03-20T11:54:00,N,Completed,1,79
AP9000051,WO700042,5167,1008,CSP2,AM,2026-03-23T08:00:00,2026-03-23T12:00:00,2026-03-23T08:17:00,Y,Completed,2,69
AP9000052,WO700043,5112,1006,CSP2,All Day,2026-03-20T08:00:00,2026-03-20T16:00:00,2026-03-20T08:16:00,Y,Completed,1,72
AP9000053,WO700044,5150,1009,CSP2,PM,2026-03-20T12:00:00,2026-03-20T16:00:00,2026-03-20T12:18:00,Y,Completed,1,64
AP9000054,WO700045,5218,1011,CSP4,All Day,2026-03-20T08:00:00,2026-03-20T16:00:00,2026-03-20T08:17:00,Y,Completed,1,59
AP9000055,WO700046,5279,1014,CSP4,AM,2026-03-20T08:00:00,2026-03-20T12:00:00,2026-03-20T08:10:00,Y,Completed,1,66
AP9000056,WO700047,5268,1012,CSP4,PM,2026-03-20T12:00:00,2026-03-20T16:00:00,2026-03-20T12:15:00,Y,Completed,1,76
AP9000057,WO700048,5280,1012,CSP4,All Day,2026-03-20T08:00:00,2026-03-20T16:00:00,2026-03-20T08:10:00,Y,Completed,1,61
AP9000058,WO700049,5231,1011,CSP4,PM,2026-03-20T12:00:00,2026-03-20T16:00:00,2026-03-20T11:55:00,N,No Access,1,67
AP9000059,WO700049,5231,1011,CSP4,AM,2026-03-23T08:00:00,2026-03-23T12:00:00,2026-03-23T07:54:00,N,Completed,2,46
AP9000060,WO700050,5211,1014,CSP4,AM,2026-03-20T08:00:00,2026-03-20T12:00:00,2026-03-20T08:20:00,Y,Completed,1,60
AP9000061,WO700052,5209,1014,CSP4,PM,2026-03-20T12:00:00,2026-03-20T16:00:00,2026-03-20T12:11:00,Y,Completed,1,81
AP9000062,WO700053,5206,1012,CSP4,AM,2026-03-20T08:00:00,2026-03-20T12:00:00,2026-03-20T08:18:00,Y,Completed,1,67
AP9000063,WO700054,5262,1013,CSP4,All Day,2026-03-20T08:00:00,2026-03-20T16:00:00,2026-03-20T08:20:00,Y,Completed,1,76
AP9000064,WO700055,5206,1012,CSP4,PM,2026-03-20T12:00:00,2026-03-20T16:00:00,2026-03-20T12:07:00,Y,Completed,1,107
AP9000065,WO700055,5206,1012,CSP4,PM,2026-03-23T12:00:00,2026-03-23T16:00:00,2026-03-23T12:03:00,Y,Completed,2,103
AP9000066,WO700056,5237,1014,CSP4,AM,2026-03-20T08:00:00,2026-03-20T12:00:00,2026-03-20T07:55:00,N,Completed,1,102
AP9000067,WO700057,5252,1013,CSP4,AM,2026-03-20T08:00:00,2026-03-20T12:00:00,2026-03-20T08:20:00,Y,No Access,1,97
AP9000068,WO700057,5252,1013,CSP4,PM,2026-03-23T12:00:00,2026-03-23T16:00:00,2026-03-23T12:08:00,Y,Completed,2,77
AP9000069,WO700058,5267,1014,CSP4,All Day,2026-03-20T08:00:00,2026-03-20T16:00:00,2026-03-20T08:12:00,Y,No Access,1,72
AP9000070,WO700058,5267,1014,CSP4,PM,2026-03-23T12:00:00,2026-03-23T16:00:00,2026-03-23T12:09:00,Y,Completed,2,59
AP9000071,WO700059,5238,1014,CSP4,AM,2026-03-20T08:00:00,2026-03-20T12:00:00,2026-03-20T07:55:00,N,No Access,1,50
AP9000072,WO700059,5238,1014,CSP4,AM,2026-03-23T08:00:00,2026-03-23T12:00:00,2026-03-23T07:51:00,N,Completed,2,63
AP9000073,WO700060,5289,1014,CSP4,All Day,2026-03-20T08:00:00,2026-03-20T16:00:00,2026-03-20T08:19:00,Y,Completed,1,62
AP9000074,WO700061,5208,1013,CSP4,AM,2026-03-20T08:00:00,2026-03-20T12:00:00,2026-03-20T08:08:00,Y,Completed,1,75
AP9000075,WO700062,5219,1012,CSP4,AM,2026-03-20T08:00:00,2026-03-20T12:00:00,2026-03-20T07:54:00,N,Completed,1,90
AP9000076,WO700062,5219,1012,CSP4,AM,2026-03-23T08:00:00,2026-03-23T12:00:00,2026-03-23T07:54:00,N,Completed,2,36
AP9000077,WO700063,5278,1014,CSP4,All Day,2026-03-20T08:00:00,2026-03-20T16:00:00,2026-03-20T08:15:00,Y,No Access,1,73
AP9000078,WO700063,5278,1014,CSP4,AM,2026-03-23T08:00:00,2026-03-23T12:00:00,2026-03-23T07:55:00,N,Completed,2,66
AP9000079,WO700064,5247,1011,CSP4,PM,2026-03-20T12:00:00,2026-03-20T16:00:00,2026-03-20T12:14:00,Y,Completed,1,42
AP9000080,WO700065,5272,1014,CSP4,All Day,2026-03-20T08:00:00,2026-03-20T16:00:00,2026-03-20T08:06:00,Y,Completed,1,63
AP9000081,WO700065,5272,1014,CSP4,All Day,2026-03-23T08:00:00,2026-03-23T16:00:00,2026-03-23T08:04:00,Y,Completed,2,64
AP9000082,WO700066,5263,1013,CSP4,All Day,2026-03-20T08:00:00,2026-03-20T16:00:00,2026-03-20T08:06:00,Y,Completed,1,88
AP9000083,WO700067,5088,1002,CSP1,All Day,2026-03-23T08:00:00,2026-03-23T16:00:00,2026-03-23T08:07:00,Y,Completed,1,68
AP9000084,WO700068,5092,1001,CSP1,AM,2026-03-23T08:00:00,2026-03-23T12:00:00,2026-03-23T07:50:00,N,No Access,1,80
AP9000085,WO700068,5092,1001,CSP1,PM,2026-03-25T12:00:00,2026-03-25T16:00:00,2026-03-25T11:59:00,N,Completed,2,77
AP9000086,WO700069,5064,1003,CSP1,AM,2026-03-23T08:00:00,2026-03-23T12:00:00,2026-03-23T08:04:00,Y,Completed,1,99
AP9000087,WO700070,5012,1002,CSP1,AM,2026-03-23T08:00:00,2026-03-23T12:00:00,2026-03-23T08:17:00,Y,Completed,1,67
AP9000088,WO700071,5010,1001,CSP1,AM,2026-03-23T08:00:00,2026-03-23T12:00:00,2026-03-23T08:10:00,Y,No Access,1,22
AP9000089,WO700071,5010,1001,CSP1,All Day,2026-03-25T08:00:00,2026-03-25T16:00:00,2026-03-25T07:55:00,N,Completed,2,82
AP9000090,WO700073,5016,1003,CSP1,All Day,2026-03-23T08:00:00,2026-03-23T16:00:00,2026-03-23T07:50:00,N,Completed,1,35
AP9000091,WO700074,5067,1002,CSP1,PM,2026-03-23T12:00:00,2026-03-23T16:00:00,2026-03-23T11:58:00,N,Completed,1,51
AP9000092,WO700075,5079,1002,CSP1,AM,2026-03-23T08:00:00,2026-03-23T12:00:00,2026-03-23T08:08:00,Y,Completed,1,41
AP9000093,WO700076,5093,1004,CSP1,AM,2026-03-23T08:00:00,2026-03-23T12:00:00,2026-03-23T07:56:00,N,Completed,1,63
AP9000094,WO700077,5034,1001,CSP1,AM,2026-03-23T08:00:00,2026-03-23T12:00:00,2026-03-23T08:02:00,Y,Completed,1,47
AP9000095,WO700078,5083,1002,CSP1,All Day,2026-03-23T08:00:00,2026-03-23T16:00:00,2026-03-23T07:54:00,N,Completed,1,85
AP9000096,WO700079,5021,1004,CSP1,PM,2026-03-23T12:00:00,2026-03-23T16:00:00,2026-03-23T12:04:00,Y,No Access,1,84
AP9000097,WO700079,5021,1004,CSP1,All Day,2026-03-25T08:00:00,2026-03-25T16:00:00,2026-03-25T07:54:00,N,Completed,2,107
AP9000098,WO700080,5094,1001,CSP1,AM,2026-03-23T08:00:00,2026-03-23T12:00:00,2026-03-23T07:53:00,N,Completed,1,86
AP9000099,WO700081,5016,1001,CSP1,AM,2026-03-23T08:00:00,2026-03-23T12:00:00,2026-03-23T08:19:00,Y,Completed,1,80
AP9000100,WO700082,5032,1004,CSP1,AM,2026-03-23T08:00:00,2026-03-23T12:00:00,2026-03-23T08:13:00,Y,Completed,1,86
AP9000101,WO700083,5060,1004,CSP1,AM,2026-03-23T08:00:00,2026-03-23T12:00:00,2026-03-23T07:56:00,N,Completed,1,111
AP9000102,WO700084,5028,1003,CSP1,All Day,2026-03-23T08:00:00,2026-03-23T16:00:00,2026-03-23T07:56:00,N,Completed,1,56
AP9000103,WO700085,5069,1003,CSP1,AM,2026-03-23T08:00:00,2026-03-23T12:00:00,2026-03-23T08:07:00,Y,Completed,1,90
AP9000104,WO700086,5052,1003,CSP1,All Day,2026-03-23T08:00:00,2026-03-23T16:00:00,2026-03-23T07:53:00,N,Completed,1,76
AP9000105,WO700087,5071,1003,CSP1,AM,2026-03-23T08:00:00,2026-03-23T12:00:00,2026-03-23T07:53:00,N,Completed,1,79
AP9000106,WO700089,5105,1009,CSP2,All Day,2026-03-23T08:00:00,2026-03-23T16:00:00,2026-03-23T08:06:00,Y,Completed,1,77
AP9000107,WO700090,5142,1008,CSP2,AM,2026-03-23T08:00:00,2026-03-23T12:00:00,2026-03-23T08:08:00,Y,Completed,1,38
AP9000108,WO700091,5163,1008,CSP2,PM,2026-03-23T12:00:00,2026-03-23T16:00:00,2026-03-23T11:54:00,N,Completed,1,20
AP9000109,WO700092,5193,1007,CSP2,All Day,2026-03-23T08:00:00,2026-03-23T16:00:00,2026-03-23T08:17:00,Y,Completed,1,31
AP9000110,WO700093,5193,1006,CSP2,All Day,2026-03-23T08:00:00,2026-03-23T16:00:00,2026-03-23T08:13:00,Y,Completed,1,123
AP9000111,WO700094,5188,1007,CSP2,All Day,2026-03-23T08:00:00,2026-03-23T16:00:00,2026-03-23T08:11:00,Y,Completed,1,54
AP9000112,WO700096,5118,1009,CSP2,AM,2026-03-23T08:00:00,2026-03-23T12:00:00,2026-03-23T08:14:00,Y,Completed,1,65
AP9000113,WO700097,5159,1009,CSP2,AM,2026-03-23T08:00:00,2026-03-23T12:00:00,2026-03-23T07:54:00,N,Completed,1,70
AP9000114,WO700098,5125,1008,CSP2,All Day,2026-03-23T08:00:00,2026-03-23T16:00:00,2026-03-23T08:01:00,Y,Completed,1,100
AP9000115,WO700099,5163,1007,CSP2,AM,2026-03-23T08:00:00,2026-03-23T12:00:00,2026-03-23T08:17:00,Y,Completed,1,133
AP9000116,WO700100,5151,1007,CSP2,AM,2026-03-23T08:00:00,2026-03-23T12:00:00,2026-03-23T07:54:00,N,Completed,1,85
AP9000117,WO700100,5151,1007,CSP2,AM,2026-03-25T08:00:00,2026-03-25T12:00:00,2026-03-25T08:03:00,Y,Completed,2,99
AP9000118,WO700101,5157,1009,CSP2,PM,2026-03-23T12:00:00,2026-03-23T16:00:00,2026-03-23T11:51:00,N,Completed,1,99
AP9000119,WO700102,5114,1006,CSP2,PM,2026-03-23T12:00:00,2026-03-23T16:00:00,2026-03-23T12:13:00,Y,Completed,1,73
AP9000120,WO700103,5143,1006,CSP2,PM,2026-03-23T12:00:00,2026-03-23T16:00:00,2026-03-23T11:57:00,N,Completed,1,64
AP9000121,WO700104,5184,1008,CSP2,All Day,2026-03-23T08:00:00,2026-03-23T16:00:00,2026-03-23T08:10:00,Y,Completed,1,86
AP9000122,WO700105,5112,1007,CSP2,All Day,2026-03-23T08:00:00,2026-03-23T16:00:00,2026-03-23T08:10:00,Y,Completed,1,70
AP9000123,WO700106,5123,1007,CSP2,All Day,2026-03-23T08:00:00,2026-03-23T16:00:00,2026-03-23T08:12:00,Y,Completed,1,79
AP9000124,WO700107,5138,1006,CSP2,All Day,2026-03-23T08:00:00,2026-03-23T16:00:00,2026-03-23T08:01:00,Y,Completed,1,70
AP9000125,WO700108,5183,1009,CSP2,PM,2026-03-23T12:00:00,2026-03-23T16:00:00,2026-03-23T12:08:00,Y,Completed,1,59
AP9000126,WO700108,5183,1009,CSP2,PM,2026-03-25T12:00:00,2026-03-25T16:00:00,2026-03-25T12:09:00,Y,Completed,2,56
AP9000127,WO700109,5115,1009,CSP2,All Day,2026-03-23T08:00:00,2026-03-23T16:00:00,2026-03-23T08:11:00,Y,Completed,1,79
AP9000128,WO700110,5138,1007,CSP2,AM,2026-03-23T08:00:00,2026-03-23T12:00:00,2026-03-23T07:58:00,N,Completed,1,52
AP9000129,WO700111,5286,1011,CSP4,AM,2026-03-23T08:00:00,2026-03-23T12:00:00,2026-03-23T08:16:00,Y,Completed,1,85
AP9000130,WO700112,5258,1011,CSP4,All Day,2026-03-23T08:00:00,2026-03-23T16:00:00,2026-03-23T07:51:00,N,Completed,1,49
AP9000131,WO700113,5208,1011,CSP4,AM,2026-03-23T08:00:00,2026-03-23T12:00:00,2026-03-23T07:56:00,N,Completed,1,129
AP9000132,WO700114,5240,1012,CSP4,AM,2026-03-23T08:00:00,2026-03-23T12:00:00,2026-03-23T08:04:00,Y,No Access,1,84
AP9000133,WO700114,5240,1012,CSP4,PM,2026-03-25T12:00:00,2026-03-25T16:00:00,2026-03-25T11:58:00,N,Completed,2,75
AP9000134,WO700115,5220,1011,CSP4,All Day,2026-03-23T08:00:00,2026-03-23T16:00:00,2026-03-23T07:50:00,N,Completed,1,64
AP9000135,WO700116,5286,1013,CSP4,PM,2026-03-23T12:00:00,2026-03-23T16:00:00,2026-03-23T11:53:00,N,Completed,1,78
AP9000136,WO700117,5291,1013,CSP4,All Day,2026-03-23T08:00:00,2026-03-23T16:00:00,2026-03-23T07:51:00,N,Completed,1,79
AP9000137,WO700118,5269,1012,CSP4,All Day,2026-03-23T08:00:00,2026-03-23T16:00:00,2026-03-23T07:51:00,N,Completed,1,65
AP9000138,WO700121,5245,1012,CSP4,PM,2026-03-23T12:00:00,2026-03-23T16:00:00,2026-03-23T11:52:00,N,Completed,1,81
AP9000139,WO700122,5224,1013,CSP4,PM,2026-03-23T12:00:00,2026-03-23T16:00:00,2026-03-23T12:06:00,Y,Completed,1,58
AP9000140,WO700122,5224,1013,CSP4,PM,2026-03-25T12:00:00,2026-03-25T16:00:00,2026-03-25T11:55:00,N,Completed,2,75
AP9000141,WO700123,5258,1012,CSP4,AM,2026-03-23T08:00:00,2026-03-23T12:00:00,2026-03-23T07:50:00,N,Completed,1,60
AP9000142,WO700125,5203,1013,CSP4,PM,2026-03-23T12:00:00,2026-03-23T16:00:00,2026-03-23T12:03:00,Y,Completed,1,68
AP9000143,WO700126,5245,1013,CSP4,PM,2026-03-23T12:00:00,2026-03-23T16:00:00,2026-03-23T11:50:00,N,Completed,1,84
AP9000144,WO700127,5203,1012,CSP4,All Day,2026-03-23T08:00:00,2026-03-23T16:00:00,2026-03-23T08:02:00,Y,Completed,1,105
AP9000145,WO700128,5232,1014,CSP4,PM,2026-03-23T12:00:00,2026-03-23T16:00:00,2026-03-23T12:16:00,Y,Completed,1,51
AP9000146,WO700129,5238,1011,CSP4,PM,2026-03-23T12:00:00,2026-03-23T16:00:00,2026-03-23T12:08:00,Y,No Access,1,84
AP9000147,WO700129,5238,1011,CSP4,AM,2026-03-25T08:00:00,2026-03-25T12:00:00,2026-03-25T08:06:00,Y,Completed,2,75
AP9000148,WO700131,5276,1011,CSP4,AM,2026-03-23T08:00:00,2026-03-23T12:00:00,2026-03-23T07:51:00,N,No Access,1,88
AP9000149,WO700131,5276,1011,CSP4,PM,2026-03-25T12:00:00,2026-03-25T16:00:00,2026-03-25T12:02:00,Y,Completed,2,65
AP9000150,WO700132,5249,1011,CSP4,AM,2026-03-23T08:00:00,2026-03-23T12:00:00,2026-03-23T08:15:00,Y,Completed,1,80
AP9000151,WO700132,5249,1011,CSP4,AM,2026-03-25T08:00:00,2026-03-25T12:00:00,2026-03-25T08:04:00,Y,Completed,2,43
AP9000152,WO700133,5031,1003,CSP1,AM,2026-03-24T08:00:00,2026-03-24T12:00:00,2026-03-24T07:50:00,N,Completed,1,55
AP9000153,WO700134,5072,1003,CSP1,All Day,2026-03-24T08:00:00,2026-03-24T16:00:00,2026-03-24T07:57:00,N,Completed,1,20
AP9000154,WO700135,5048,1003,CSP1,All Day,2026-03-24T08:00:00,2026-03-24T16:00:00,2026-03-24T07:50:00,N,Completed,1,58
AP9000155,WO700136,5010,1001,CSP1,PM,2026-03-24T12:00:00,2026-03-24T16:00:00,2026-03-24T12:15:00,Y,Completed,1,84
AP9000156,WO700137,5043,1001,CSP1,All Day,2026-03-24T08:00:00,2026-03-24T16:00:00,2026-03-24T07:59:00,N,Completed,1,91
AP9000157,WO700138,5062,1004,CSP1,PM,2026-03-24T12:00:00,2026-03-24T16:00:00,2026-03-24T12:15:00,Y,Completed,1,20
AP9000158,WO700139,5049,1001,CSP1,AM,2026-03-24T08:00:00,2026-03-24T12:00:00,2026-03-24T08:04:00,Y,Completed,1,28
AP9000159,WO700140,5093,1001,CSP1,PM,2026-03-24T12:00:00,2026-03-24T16:00:00,2026-03-24T12:02:00,Y,Completed,1,41
AP9000160,WO700141,5029,1004,CSP1,AM,2026-03-24T08:00:00,2026-03-24T12:00:00,2026-03-24T07:54:00,N,Completed,1,49
AP9000161,WO700142,5043,1003,CSP1,AM,2026-03-24T08:00:00,2026-03-24T12:00:00,2026-03-24T08:05:00,Y,Completed,1,55
AP9000162,WO700143,5098,1002,CSP1,PM,2026-03-24T12:00:00,2026-03-24T16:00:00,2026-03-24T12:03:00,Y,Completed,1,77
AP9000163,WO700144,5018,1003,CSP1,All Day,2026-03-24T08:00:00,2026-03-24T16:00:00,2026-03-24T08:08:00,Y,Completed,1,145
AP9000164,WO700146,5065,1001,CSP1,AM,2026-03-24T08:00:00,2026-03-24T12:00:00,2026-03-24T08:12:00,Y,Completed,1,31
AP9000165,WO700147,5003,1003,CSP1,AM,2026-03-24T08:00:00,2026-03-24T12:00:00,2026-03-24T08:18:00,Y,No Access,1,20
AP9000166,WO700147,5003,1003,CSP1,All Day,2026-03-26T08:00:00,2026-03-26T16:00:00,2026-03-26T07:54:00,N,Completed,2,106
AP9000167,WO700148,5003,1004,CSP1,AM,2026-03-24T08:00:00,2026-03-24T12:00:00,2026-03-24T08:06:00,Y,Completed,1,22
AP9000168,WO700149,5025,1001,CSP1,AM,2026-03-24T08:00:00,2026-03-24T12:00:00,2026-03-24T08:03:00,Y,No Access,1,88
AP9000169,WO700149,5025,1001,CSP1,AM,2026-03-26T08:00:00,2026-03-26T12:00:00,2026-03-26T08:16:00,Y,Completed,2,95
AP9000170,WO700150,5032,1003,CSP1,AM,2026-03-24T08:00:00,2026-03-24T12:00:00,2026-03-24T08:17:00,Y,Completed,1,106
AP9000171,WO700151,5012,1001,CSP1,AM,2026-03-24T08:00:00,2026-03-24T12:00:00,2026-03-24T08:01:00,Y,Completed,1,64
AP9000172,WO700151,5012,1001,CSP1,All Day,2026-03-26T08:00:00,2026-03-26T16:00:00,2026-03-26T08:09:00,Y,Completed,2,42
AP9000173,WO700152,5056,1004,CSP1,AM,2026-03-24T08:00:00,2026-03-24T12:00:00,2026-03-24T08:18:00,Y,Completed,1,127
AP9000174,WO700153,5089,1003,CSP1,All Day,2026-03-24T08:00:00,2026-03-24T16:00:00,2026-03-24T08:06:00,Y,Completed,1,119
AP9000175,WO700153,5089,1003,CSP1,AM,2026-03-26T08:00:00,2026-03-26T12:00:00,2026-03-26T08:07:00,Y,Completed,2,122
AP9000176,WO700154,5005,1002,CSP1,AM,2026-03-24T08:00:00,2026-03-24T12:00:00,2026-03-24T08:14:00,Y,Completed,1,51
AP9000177,WO700155,5151,1008,CSP2,All Day,2026-03-24T08:00:00,2026-03-24T16:00:00,2026-03-24T08:06:00,Y,Completed,1,73
AP9000178,WO700156,5143,1008,CSP2,PM,2026-03-24T12:00:00,2026-03-24T16:00:00,2026-03-24T12:19:00,Y,Completed,1,56
AP9000179,WO700156,5143,1008,CSP2,All Day,2026-03-26T08:00:00,2026-03-26T16:00:00,2026-03-26T07:55:00,N,Completed,2,80
AP9000180,WO700157,5107,1009,CSP2,PM,2026-03-24T12:00:00,2026-03-24T16:00:00,2026-03-24T12:00:00,Y,Completed,1,77
AP9000181,WO700158,5200,1006,CSP2,AM,2026-03-24T08:00:00,2026-03-24T12:00:00,2026-03-24T08:16:00,Y,Completed,1,87
AP9000182,WO700159,5156,1009,CSP2,AM,2026-03-24T08:00:00,2026-03-24T12:00:00,2026-03-24T08:14:00,Y,Completed,1,104
AP9000183,WO700160,5110,1006,CSP2,AM,2026-03-24T08:00:00,2026-03-24T12:00:00,2026-03-24T08:06:00,Y,Completed,1,104
AP9000184,WO700161,5112,1007,CSP2,All Day,2026-03-24T08:00:00,2026-03-24T16:00:00,2026-03-24T08:11:00,Y,Completed,1,51
AP9000185,WO700162,5172,1007,CSP2,PM,2026-03-24T12:00:00,2026-03-24T16:00:00,2026-03-24T12:13:00,Y,Completed,1,75
AP9000186,WO700163,5142,1009,CSP2,All Day,2026-03-24T08:00:00,2026-03-24T16:00:00,2026-03-24T08:10:00,Y,Completed,1,42
AP9000187,WO700163,5142,1009,CSP2,PM,2026-03-26T12:00:00,2026-03-26T16:00:00,2026-03-26T11:51:00,N,Completed,2,59
AP9000188,WO700164,5132,1006,CSP2,All Day,2026-03-24T08:00:00,2026-03-24T16:00:00,2026-03-24T08:03:00,Y,Completed,1,65
AP9000189,WO700165,5122,1009,CSP2,AM,2026-03-24T08:00:00,2026-03-24T12:00:00,2026-03-24T08:05:00,Y,Completed,1,103
AP9000190,WO700166,5164,1008,CSP2,All Day,2026-03-24T08:00:00,2026-03-24T16:00:00,2026-03-24T08:18:00,Y,Completed,1,53
AP9000191,WO700167,5143,1007,CSP2,PM,2026-03-24T12:00:00,2026-03-24T16:00:00,2026-03-24T12:13:00,Y,No Access,1,66
AP9000192,WO700167,5143,1007,CSP2,PM,2026-03-26T12:00:00,2026-03-26T16:00:00,2026-03-26T12:08:00,Y,Completed,2,83
AP9000193,WO700168,5189,1009,CSP2,AM,2026-03-24T08:00:00,2026-03-24T12:00:00,2026-03-24T07:59:00,N,No Access,1,41
AP9000194,WO700168,5189,1009,CSP2,PM,2026-03-26T12:00:00,2026-03-26T16:00:00,2026-03-26T12:12:00,Y,Completed,2,34
AP9000195,WO700169,5163,1009,CSP2,PM,2026-03-24T12:00:00,2026-03-24T16:00:00,2026-03-24T12:07:00,Y,Completed,1,75
AP9000196,WO700170,5170,1006,CSP2,PM,2026-03-24T12:00:00,2026-03-24T16:00:00,2026-03-24T12:04:00,Y,Completed,1,94
AP9000197,WO700171,5189,1007,CSP2,AM,2026-03-24T08:00:00,2026-03-24T12:00:00,2026-03-24T08:04:00,Y,Completed,1,106
AP9000198,WO700172,5133,1007,CSP2,AM,2026-03-24T08:00:00,2026-03-24T12:00:00,2026-03-24T08:19:00,Y,Completed,1,77
AP9000199,WO700173,5169,1007,CSP2,All Day,2026-03-24T08:00:00,2026-03-24T16:00:00,2026-03-24T08:03:00,Y,Completed,1,70
AP9000200,WO700175,5183,1007,CSP2,PM,2026-03-24T12:00:00,2026-03-24T16:00:00,2026-03-24T12:07:00,Y,Completed,1,106
AP9000201,WO700176,5196,1007,CSP2,All Day,2026-03-24T08:00:00,2026-03-24T16:00:00,2026-03-24T07:51:00,N,Completed,1,84
AP9000202,WO700177,5276,1014,CSP4,AM,2026-03-24T08:00:00,2026-03-24T12:00:00,2026-03-24T08:14:00,Y,Completed,1,65
AP9000203,WO700178,5215,1011,CSP4,PM,2026-03-24T12:00:00,2026-03-24T16:00:00,2026-03-24T11:50:00,N,Completed,1,68
AP9000204,WO700179,5293,1012,CSP4,AM,2026-03-24T08:00:00,2026-03-24T12:00:00,2026-03-24T08:08:00,Y,Completed,1,68
AP9000205,WO700180,5222,1012,CSP4,PM,2026-03-24T12:00:00,2026-03-24T16:00:00,2026-03-24T12:11:00,Y,Completed,1,110
AP9000206,WO700180,5222,1012,CSP4,AM,2026-03-26T08:00:00,2026-03-26T12:00:00,2026-03-26T08:16:00,Y,Completed,2,72
AP9000207,WO700181,5252,1014,CSP4,AM,2026-03-24T08:00:00,2026-03-24T12:00:00,2026-03-24T07:57:00,N,No Access,1,84
AP9000208,WO700181,5252,1014,CSP4,AM,2026-03-26T08:00:00,2026-03-26T12:00:00,2026-03-26T08:00:00,Y,Completed,2,113
AP9000209,WO700182,5276,1012,CSP4,AM,2026-03-24T08:00:00,2026-03-24T12:00:00,2026-03-24T08:19:00,Y,Completed,1,74
AP9000210,WO700183,5274,1013,CSP4,All Day,2026-03-24T08:00:00,2026-03-24T16:00:00,2026-03-24T07:50:00,N,Completed,1,106
AP9000211,WO700184,5263,1013,CSP4,PM,2026-03-24T12:00:00,2026-03-24T16:00:00,2026-03-24T12:14:00,Y,Completed,1,55
AP9000212,WO700184,5263,1013,CSP4,All Day,2026-03-26T08:00:00,2026-03-26T16:00:00,2026-03-26T07:53:00,N,Completed,2,75
AP9000213,WO700185,5259,1011,CSP4,AM,2026-03-24T08:00:00,2026-03-24T12:00:00,2026-03-24T08:12:00,Y,Completed,1,73
AP9000214,WO700186,5241,1014,CSP4,AM,2026-03-24T08:00:00,2026-03-24T12:00:00,2026-03-24T08:05:00,Y,Completed,1,80
AP9000215,WO700187,5218,1014,CSP4,All Day,2026-03-24T08:00:00,2026-03-24T16:00:00,2026-03-24T07:52:00,N,Completed,1,76
AP9000216,WO700188,5272,1011,CSP4,All Day,2026-03-24T08:00:00,2026-03-24T16:00:00,2026-03-24T08:07:00,Y,Completed,1,62
AP9000217,WO700189,5202,1011,CSP4,PM,2026-03-24T12:00:00,2026-03-24T16:00:00,2026-03-24T12:04:00,Y,Completed,1,87
AP9000218,WO700189,5202,1011,CSP4,PM,2026-03-26T12:00:00,2026-03-26T16:00:00,2026-03-26T11:58:00,N,Completed,2,90
AP9000219,WO700191,5229,1011,CSP4,AM,2026-03-24T08:00:00,2026-03-24T12:00:00,2026-03-24T08:16:00,Y,Completed,1,67
AP9000220,WO700192,5215,1014,CSP4,PM,2026-03-24T12:00:00,2026-03-24T16:00:00,2026-03-24T12:07:00,Y,Completed,1,89
AP9000221,WO700193,5257,1012,CSP4,All Day,2026-03-24T08:00:00,2026-03-24T16:00:00,2026-03-24T08:08:00,Y,Completed,1,47
AP9000222,WO700194,5258,1014,CSP4,All Day,2026-03-24T08:00:00,2026-03-24T16:00:00,2026-03-24T07:59:00,N,Completed,1,96
AP9000223,WO700195,5227,1011,CSP4,PM,2026-03-24T12:00:00,2026-03-24T16:00:00,2026-03-24T12:00:00,Y,Completed,1,20
AP9000224,WO700196,5227,1011,CSP4,AM,2026-03-24T08:00:00,2026-03-24T12:00:00,2026-03-24T07:53:00,N,No Access,1,38
AP9000225,WO700196,5227,1011,CSP4,All Day,2026-03-26T08:00:00,2026-03-26T16:00:00,2026-03-26T07:54:00,N,Completed,2,68
AP9000226,WO700197,5238,1014,CSP4,PM,2026-03-24T12:00:00,2026-03-24T16:00:00,2026-03-24T11:57:00,N,Completed,1,37
AP9000227,WO700198,5253,1014,CSP4,All Day,2026-03-24T08:00:00,2026-03-24T16:00:00,2026-03-24T07:51:00,N,Completed,1,69
AP9000228,WO700199,5042,1001,CSP1,AM,2026-03-25T08:00:00,2026-03-25T12:00:00,2026-03-25T08:16:00,Y,Completed,1,82
AP9000229,WO700200,5049,1004,CSP1,AM,2026-03-25T08:00:00,2026-03-25T12:00:00,2026-03-25T08:03:00,Y,Completed,1,64
AP9000230,WO700201,5048,1002,CSP1,AM,2026-03-25T08:00:00,2026-03-25T12:00:00,2026-03-25T08:06:00,Y,Completed,1,98
AP9000231,WO700202,5059,1003,CSP1,PM,2026-03-25T12:00:00,2026-03-25T16:00:00,2026-03-25T12:09:00,Y,Completed,1,102
AP9000232,WO700203,5035,1003,CSP1,AM,2026-03-25T08:00:00,2026-03-25T12:00:00,2026-03-25T07:59:00,N,Completed,1,84
AP9000233,WO700204,5088,1003,CSP1,AM,2026-03-25T08:00:00,2026-03-25T12:00:00,2026-03-25T07:51:00,N,Completed,1,68
AP9000234,WO700205,5059,1003,CSP1,All Day,2026-03-25T08:00:00,2026-03-25T16:00:00,2026-03-25T08:17:00,Y,Completed,1,98
AP9000235,WO700208,5062,1004,CSP1,PM,2026-03-25T12:00:00,2026-03-25T16:00:00,2026-03-25T12:05:00,Y,Completed,1,56
AP9000236,WO700209,5016,1002,CSP1,AM,2026-03-25T08:00:00,2026-03-25T12:00:00,2026-03-25T08:16:00,Y,Completed,1,86
AP9000237,WO700211,5073,1003,CSP1,PM,2026-03-25T12:00:00,2026-03-25T16:00:00,2026-03-25T12:03:00,Y,No Access,1,94
AP9000238,WO700211,5073,1003,CSP1,PM,2026-03-27T12:00:00,2026-03-27T16:00:00,2026-03-27T12:00:00,Y,Completed,2,53
AP9000239,WO700212,5053,1001,CSP1,All Day,2026-03-25T08:00:00,2026-03-25T16:00:00,2026-03-25T08:04:00,Y,Completed,1,79
AP9000240,WO700213,5045,1002,CSP1,AM,2026-03-25T08:00:00,2026-03-25T12:00:00,2026-03-25T08:15:00,Y,Completed,1,53
AP9000241,WO700214,5093,1001,CSP1,PM,2026-03-25T12:00:00,2026-03-25T16:00:00,2026-03-25T11:54:00,N,Completed,1,77
AP9000242,WO700215,5025,1004,CSP1,PM,2026-03-25T12:00:00,2026-03-25T16:00:00,2026-03-25T12:15:00,Y,Completed,1,118
AP9000243,WO700216,5077,1002,CSP1,PM,2026-03-25T12:00:00,2026-03-25T16:00:00,2026-03-25T12:00:00,Y,Completed,1,72
AP9000244,WO700218,5009,1003,CSP1,All Day,2026-03-25T08:00:00,2026-03-25T16:00:00,2026-03-25T08:09:00,Y,Completed,1,67
AP9000245,WO700219,5092,1001,CSP1,AM,2026-03-25T08:00:00,2026-03-25T12:00:00,2026-03-25T08:12:00,Y,Completed,1,98
AP9000246,WO700220,5036,1001,CSP1,AM,2026-03-25T08:00:00,2026-03-25T12:00:00,2026-03-25T07:54:00,N,No Access,1,64
AP9000247,WO700220,5036,1001,CSP1,PM,2026-03-27T12:00:00,2026-03-27T16:00:00,2026-03-27T11:55:00,N,Completed,2,118
AP9000248,WO700221,5176,1009,CSP2,All Day,2026-03-25T08:00:00,2026-03-25T16:00:00,2026-03-25T08:11:00,Y,Completed,1,64
AP9000249,WO700222,5159,1009,CSP2,AM,2026-03-25T08:00:00,2026-03-25T12:00:00,2026-03-25T08:14:00,Y,Completed,1,71
AP9000250,WO700223,5121,1006,CSP2,AM,2026-03-25T08:00:00,2026-03-25T12:00:00,2026-03-25T07:58:00,N,Completed,1,83
AP9000251,WO700224,5135,1006,CSP2,AM,2026-03-25T08:00:00,2026-03-25T12:00:00,2026-03-25T08:01:00,Y,Completed,1,116
AP9000252,WO700225,5174,1008,CSP2,All Day,2026-03-25T08:00:00,2026-03-25T16:00:00,2026-03-25T08:15:00,Y,No Access,1,49
AP9000253,WO700225,5174,1008,CSP2,All Day,2026-03-27T08:00:00,2026-03-27T16:00:00,2026-03-27T08:10:00,Y,Completed,2,68
AP9000254,WO700228,5192,1006,CSP2,AM,2026-03-25T08:00:00,2026-03-25T12:00:00,2026-03-25T08:05:00,Y,Completed,1,80
AP9000255,WO700229,5165,1009,CSP2,PM,2026-03-25T12:00:00,2026-03-25T16:00:00,2026-03-25T12:12:00,Y,Completed,1,43
AP9000256,WO700230,5137,1006,CSP2,AM,2026-03-25T08:00:00,2026-03-25T12:00:00,2026-03-25T08:08:00,Y,Completed,1,76
AP9000257,WO700231,5195,1008,CSP2,PM,2026-03-25T12:00:00,2026-03-25T16:00:00,2026-03-25T12:19:00,Y,Completed,1,75
AP9000258,WO700232,5170,1009,CSP2,AM,2026-03-25T08:00:00,2026-03-25T12:00:00,2026-03-25T08:12:00,Y,No Access,1,70
AP9000259,WO700232,5170,1009,CSP2,PM,2026-03-27T12:00:00,2026-03-27T16:00:00,2026-03-27T12:15:00,Y,Completed,2,73
AP9000260,WO700233,5102,1006,CSP2,AM,2026-03-25T08:00:00,2026-03-25T12:00:00,2026-03-25T08:13:00,Y,No Access,1,89
AP9000261,WO700233,5102,1006,CSP2,AM,2026-03-27T08:00:00,2026-03-27T12:00:00,2026-03-27T08:19:00,Y,Completed,2,83
AP9000262,WO700234,5163,1009,CSP2,PM,2026-03-25T12:00:00,2026-03-25T16:00:00,2026-03-25T11:57:00,N,Completed,1,89
AP9000263,WO700235,5167,1009,CSP2,All Day,2026-03-25T08:00:00,2026-03-25T16:00:00,2026-03-25T07:51:00,N,Completed,1,52
AP9000264,WO700236,5151,1007,CSP2,PM,2026-03-25T12:00:00,2026-03-25T16:00:00,2026-03-25T11:58:00,N,No Access,1,80
AP9000265,WO700236,5151,1007,CSP2,All Day,2026-03-27T08:00:00,2026-03-27T16:00:00,2026-03-27T07:55:00,N,Completed,2,70
AP9000266,WO700237,5141,1007,CSP2,All Day,2026-03-25T08:00:00,2026-03-25T16:00:00,2026-03-25T08:00:00,Y,Completed,1,86
AP9000267,WO700238,5118,1008,CSP2,PM,2026-03-25T12:00:00,2026-03-25T16:00:00,2026-03-25T11:51:00,N,No Access,1,133
AP9000268,WO700238,5118,1008,CSP2,PM,2026-03-27T12:00:00,2026-03-27T16:00:00,2026-03-27T11:59:00,N,Completed,2,86
AP9000269,WO700239,5199,1008,CSP2,All Day,2026-03-25T08:00:00,2026-03-25T16:00:00,2026-03-25T08:04:00,Y,Completed,1,67
AP9000270,WO700240,5191,1006,CSP2,AM,2026-03-25T08:00:00,2026-03-25T12:00:00,2026-03-25T07:54:00,N,Completed,1,86
AP9000271,WO700241,5166,1007,CSP2,All Day,2026-03-25T08:00:00,2026-03-25T16:00:00,2026-03-25T08:04:00,Y,Completed,1,79
AP9000272,WO700241,5166,1007,CSP2,All Day,2026-03-27T08:00:00,2026-03-27T16:00:00,2026-03-27T08:13:00,Y,Completed,2,40
AP9000273,WO700242,5196,1006,CSP2,PM,2026-03-25T12:00:00,2026-03-25T16:00:00,2026-03-25T12:04:00,Y,Completed,1,61
AP9000274,WO700242,5196,1006,CSP2,All Day,2026-03-27T08:00:00,2026-03-27T16:00:00,2026-03-27T07:59:00,N,Completed,2,85
AP9000275,WO700243,5229,1012,CSP4,PM,2026-03-25T12:00:00,2026-03-25T16:00:00,2026-03-25T11:55:00,N,Completed,1,124
AP9000276,WO700244,5234,1014,CSP4,All Day,2026-03-25T08:00:00,2026-03-25T16:00:00,2026-03-25T07:55:00,N,Completed,1,84
AP9000277,WO700245,5243,1014,CSP4,PM,2026-03-25T12:00:00,2026-03-25T16:00:00,2026-03-25T12:12:00,Y,No Access,1,106
AP9000278,WO700245,5243,1014,CSP4,AM,2026-03-27T08:00:00,2026-03-27T12:00:00,2026-03-27T08:09:00,Y,Completed,2,77
AP9000279,WO700246,5264,1012,CSP4,AM,2026-03-25T08:00:00,2026-03-25T12:00:00,2026-03-25T07:58:00,N,No Access,1,58
AP9000280,WO700246,5264,1012,CSP4,AM,2026-03-27T08:00:00,2026-03-27T12:00:00,2026-03-27T08:02:00,Y,Completed,2,106
AP9000281,WO700247,5220,1012,CSP4,PM,2026-03-25T12:00:00,2026-03-25T16:00:00,2026-03-25T12:13:00,Y,Completed,1,29
AP9000282,WO700248,5208,1012,CSP4,PM,2026-03-25T12:00:00,2026-03-25T16:00:00,2026-03-25T12:17:00,Y,Completed,1,61
AP9000283,WO700249,5270,1013,CSP4,AM,2026-03-25T08:00:00,2026-03-25T12:00:00,2026-03-25T07:51:00,N,Completed,1,106
AP9000284,WO700250,5273,1011,CSP4,All Day,2026-03-25T08:00:00,2026-03-25T16:00:00,2026-03-25T07:52:00,N,No Access,1,36
AP9000285,WO700250,5273,1011,CSP4,All Day,2026-03-27T08:00:00,2026-03-27T16:00:00,2026-03-27T08:17:00,Y,Completed,2,52
AP9000286,WO700251,5300,1011,CSP4,PM,2026-03-25T12:00:00,2026-03-25T16:00:00,2026-03-25T12:01:00,Y,Completed,1,92
AP9000287,WO700253,5229,1013,CSP4,PM,2026-03-25T12:00:00,2026-03-25T16:00:00,2026-03-25T11:58:00,N,Completed,1,93
AP9000288,WO700253,5229,1013,CSP4,PM,2026-03-27T12:00:00,2026-03-27T16:00:00,2026-03-27T11:51:00,N,Completed,2,69
AP9000289,WO700254,5290,1012,CSP4,All Day,2026-03-25T08:00:00,2026-03-25T16:00:00,2026-03-25T08:18:00,Y,No Access,1,69
AP9000290,WO700254,5290,1012,CSP4,All Day,2026-03-27T08:00:00,2026-03-27T16:00:00,2026-03-27T08:09:00,Y,Completed,2,82
AP9000291,WO700255,5225,1011,CSP4,AM,2026-03-25T08:00:00,2026-03-25T12:00:00,2026-03-25T08:10:00,Y,Completed,1,58
AP9000292,WO700256,5268,1013,CSP4,AM,2026-03-25T08:00:00,2026-03-25T12:00:00,2026-03-25T08:10:00,Y,No Access,1,36
AP9000293,WO700256,5268,1013,CSP4,All Day,2026-03-27T08:00:00,2026-03-27T16:00:00,2026-03-27T07:53:00,N,Completed,2,91
AP9000294,WO700257,5242,1013,CSP4,All Day,2026-03-25T08:00:00,2026-03-25T16:00:00,2026-03-25T08:13:00,Y,Completed,1,97
AP9000295,WO700258,5210,1014,CSP4,All Day,2026-03-25T08:00:00,2026-03-25T16:00:00,2026-03-25T08:06:00,Y,Completed,1,60
AP9000296,WO700259,5221,1011,CSP4,PM,2026-03-25T12:00:00,2026-03-25T16:00:00,2026-03-25T12:00:00,Y,Completed,1,73
AP9000297,WO700259,5221,1011,CSP4,All Day,2026-03-27T08:00:00,2026-03-27T16:00:00,2026-03-27T08:12:00,Y,Completed,2,94
AP9000298,WO700260,5279,1014,CSP4,All Day,2026-03-25T08:00:00,2026-03-25T16:00:00,2026-03-25T07:54:00,N,Completed,1,96
AP9000299,WO700261,5223,1012,CSP4,AM,2026-03-25T08:00:00,2026-03-25T12:00:00,2026-03-25T08:15:00,Y,Completed,1,109
AP9000300,WO700262,5224,1014,CSP4,All Day,2026-03-25T08:00:00,2026-03-25T16:00:00,2026-03-25T07:58:00,N,Completed,1,96
AP9000301,WO700263,5243,1012,CSP4,AM,2026-03-25T08:00:00,2026-03-25T12:00:00,2026-03-25T08:16:00,Y,Completed,1,58
AP9000302,WO700264,5286,1012,CSP4,AM,2026-03-25T08:00:00,2026-03-25T12:00:00,2026-03-25T08:08:00,Y,Completed,1,68
AP9000303,WO700265,5093,1002,CSP1,AM,2026-03-26T08:00:00,2026-03-26T12:00:00,2026-03-26T08:10:00,Y,No Access,1,59
AP9000304,WO700265,5093,1002,CSP1,PM,2026-03-30T12:00:00,2026-03-30T16:00:00,2026-03-30T12:19:00,Y,Completed,2,50
AP9000305,WO700266,5049,1002,CSP1,AM,2026-03-26T08:00:00,2026-03-26T12:00:00,2026-03-26T08:06:00,Y,No Access,1,113
AP9000306,WO700266,5049,1002,CSP1,All Day,2026-03-30T08:00:00,2026-03-30T16:00:00,2026-03-30T08:08:00,Y,Completed,2,32
AP9000307,WO700267,5029,1002,CSP1,AM,2026-03-26T08:00:00,2026-03-26T12:00:00,2026-03-26T07:54:00,N,Completed,1,108
AP9000308,WO700268,5010,1002,CSP1,AM,2026-03-26T08:00:00,2026-03-26T12:00:00,2026-03-26T08:18:00,Y,Completed,1,106
AP9000309,WO700269,5077,1001,CSP1,All Day,2026-03-26T08:00:00,2026-03-26T16:00:00,2026-03-26T08:06:00,Y,Completed,1,54
AP9000310,WO700270,5013,1001,CSP1,All Day,2026-03-26T08:00:00,2026-03-26T16:00:00,2026-03-26T08:16:00,Y,Completed,1,92
AP9000311,WO700271,5085,1004,CSP1,All Day,2026-03-26T08:00:00,2026-03-26T16:00:00,2026-03-26T08:02:00,Y,Completed,1,97
AP9000312,WO700272,5047,1002,CSP1,PM,2026-03-26T12:00:00,2026-03-26T16:00:00,2026-03-26T12:02:00,Y,No Access,1,96
AP9000313,WO700272,5047,1002,CSP1,AM,2026-03-30T08:00:00,2026-03-30T12:00:00,2026-03-30T07:59:00,N,Completed,2,112
AP9000314,WO700273,5027,1003,CSP1,PM,2026-03-26T12:00:00,2026-03-26T16:00:00,2026-03-26T12:10:00,Y,Completed,1,90
AP9000315,WO700273,5027,1003,CSP1,All Day,2026-03-30T08:00:00,2026-03-30T16:00:00,2026-03-30T08:20:00,Y,Completed,2,100
AP9000316,WO700274,5063,1004,CSP1,PM,2026-03-26T12:00:00,2026-03-26T16:00:00,2026-03-26T12:03:00,Y,Completed,1,90
AP9000317,WO700275,5006,1002,CSP1,AM,2026-03-26T08:00:00,2026-03-26T12:00:00,2026-03-26T08:00:00,Y,No Access,1,56
AP9000318,WO700275,5006,1002,CSP1,All Day,2026-03-30T08:00:00,2026-03-30T16:00:00,2026-03-30T08:00:00,Y,Completed,2,121
AP9000319,WO700276,5013,1001,CSP1,AM,2026-03-26T08:00:00,2026-03-26T12:00:00,2026-03-26T07:50:00,N,No Access,1,88
AP9000320,WO700276,5013,1001,CSP1,AM,2026-03-30T08:00:00,2026-03-30T12:00:00,2026-03-30T08:04:00,Y,Completed,2,115
AP9000321,WO700277,5050,1004,CSP1,AM,2026-03-26T08:00:00,2026-03-26T12:00:00,2026-03-26T07:50:00,N,No Access,1,43
AP9000322,WO700277,5050,1004,CSP1,PM,2026-03-30T12:00:00,2026-03-30T16:00:00,2026-03-30T12:20:00,Y,Completed,2,108
AP9000323,WO700278,5051,1004,CSP1,PM,2026-03-26T12:00:00,2026-03-26T16:00:00,2026-03-26T12:16:00,Y,Completed,1,79
AP9000324,WO700279,5097,1004,CSP1,PM,2026-03-26T12:00:00,2026-03-26T16:00:00,2026-03-26T12:18:00,Y,Completed,1,77
AP9000325,WO700280,5088,1004,CSP1,PM,2026-03-26T12:00:00,2026-03-26T16:00:00,2026-03-26T11:52:00,N,Completed,1,123
AP9000326,WO700281,5009,1003,CSP1,PM,2026-03-26T12:00:00,2026-03-26T16:00:00,2026-03-26T12:17:00,Y,Completed,1,99
AP9000327,WO700282,5002,1001,CSP1,All Day,2026-03-26T08:00:00,2026-03-26T16:00:00,2026-03-26T08:16:00,Y,Completed,1,121
AP9000328,WO700283,5013,1001,CSP1,PM,2026-03-26T12:00:00,2026-03-26T16:00:00,2026-03-26T12:07:00,Y,Completed,1,37
AP9000329,WO700283,5013,1001,CSP1,AM,2026-03-30T08:00:00,2026-03-30T12:00:00,2026-03-30T08:02:00,Y,Completed,2,32
AP9000330,WO700284,5034,1004,CSP1,AM,2026-03-26T08:00:00,2026-03-26T12:00:00,2026-03-26T08:06:00,Y,Completed,1,37
AP9000331,WO700285,5078,1003,CSP1,All Day,2026-03-26T08:00:00,2026-03-26T16:00:00,2026-03-26T08:14:00,Y,Completed,1,83
AP9000332,WO700286,5035,1002,CSP1,PM,2026-03-26T12:00:00,2026-03-26T16:00:00,2026-03-26T12:07:00,Y,Completed,1,99
AP9000333,WO700287,5188,1009,CSP2,AM,2026-03-26T08:00:00,2026-03-26T12:00:00,2026-03-26T08:02:00,Y,Completed,1,40
AP9000334,WO700288,5135,1009,CSP2,All Day,2026-03-26T08:00:00,2026-03-26T16:00:00,2026-03-26T08:07:00,Y,Completed,1,47
AP9000335,WO700289,5198,1006,CSP2,PM,2026-03-26T12:00:00,2026-03-26T16:00:00,2026-03-26T12:06:00,Y,Completed,1,111
AP9000336,WO700290,5152,1006,CSP2,PM,2026-03-26T12:00:00,2026-03-26T16:00:00,2026-03-26T11:50:00,N,Completed,1,73
AP9000337,WO700291,5108,1009,CSP2,AM,2026-03-26T08:00:00,2026-03-26T12:00:00,2026-03-26T08:01:00,Y,Completed,1,65
AP9000338,WO700292,5165,1009,CSP2,AM,2026-03-26T08:00:00,2026-03-26T12:00:00,2026-03-26T08:12:00,Y,Completed,1,77
AP9000339,WO700293,5161,1007,CSP2,AM,2026-03-26T08:00:00,2026-03-26T12:00:00,2026-03-26T08:20:00,Y,Completed,1,97
AP9000340,WO700294,5150,1008,CSP2,PM,2026-03-26T12:00:00,2026-03-26T16:00:00,2026-03-26T12:17:00,Y,Completed,1,88
AP9000341,WO700295,5135,1007,CSP2,PM,2026-03-26T12:00:00,2026-03-26T16:00:00,2026-03-26T11:50:00,N,Completed,1,106
AP9000342,WO700295,5135,1007,CSP2,AM,2026-03-30T08:00:00,2026-03-30T12:00:00,2026-03-30T08:14:00,Y,Completed,2,70
AP9000343,WO700296,5177,1008,CSP2,AM,2026-03-26T08:00:00,2026-03-26T12:00:00,2026-03-26T08:20:00,Y,Completed,1,80
AP9000344,WO700296,5177,1008,CSP2,All Day,2026-03-30T08:00:00,2026-03-30T16:00:00,2026-03-30T08:00:00,Y,Completed,2,51
AP9000345,WO700297,5149,1006,CSP2,PM,2026-03-26T12:00:00,2026-03-26T16:00:00,2026-03-26T12:05:00,Y,Completed,1,72
AP9000346,WO700297,5149,1006,CSP2,All Day,2026-03-30T08:00:00,2026-03-30T16:00:00,2026-03-30T07:54:00,N,Completed,2,85
AP9000347,WO700298,5114,1009,CSP2,All Day,2026-03-26T08:00:00,2026-03-26T16:00:00,2026-03-26T07:55:00,N,Completed,1,77
AP9000348,WO700299,5188,1007,CSP2,PM,2026-03-26T12:00:00,2026-03-26T16:00:00,2026-03-26T11:52:00,N,Completed,1,63
AP9000349,WO700300,5192,1009,CSP2,AM,2026-03-26T08:00:00,2026-03-26T12:00:00,2026-03-26T08:03:00,Y,Completed,1,73
AP9000350,WO700301,5177,1009,CSP2,PM,2026-03-26T12:00:00,2026-03-26T16:00:00,2026-03-26T12:06:00,Y,Completed,1,89
AP9000351,WO700302,5154,1009,CSP2,AM,2026-03-26T08:00:00,2026-03-26T12:00:00,2026-03-26T08:15:00,Y,Completed,1,53
AP9000352,WO700303,5188,1008,CSP2,PM,2026-03-26T12:00:00,2026-03-26T16:00:00,2026-03-26T12:19:00,Y,Completed,1,20
AP9000353,WO700303,5188,1008,CSP2,AM,2026-03-30T08:00:00,2026-03-30T12:00:00,2026-03-30T08:16:00,Y,Completed,2,39
AP9000354,WO700304,5185,1006,CSP2,PM,2026-03-26T12:00:00,2026-03-26T16:00:00,2026-03-26T12:03:00,Y,Completed,1,62
AP9000355,WO700305,5124,1007,CSP2,AM,2026-03-26T08:00:00,2026-03-26T12:00:00,2026-03-26T08:17:00,Y,Completed,1,63
AP9000356,WO700306,5143,1009,CSP2,AM,2026-03-26T08:00:00,2026-03-26T12:00:00,2026-03-26T08:12:00,Y,No Access,1,68
AP9000357,WO700306,5143,1009,CSP2,All Day,2026-03-30T08:00:00,2026-03-30T16:00:00,2026-03-30T07:50:00,N,Completed,2,82
AP9000358,WO700307,5180,1007,CSP2,All Day,2026-03-26T08:00:00,2026-03-26T16:00:00,2026-03-26T08:18:00,Y,Completed,1,71
AP9000359,WO700308,5107,1008,CSP2,AM,2026-03-26T08:00:00,2026-03-26T12:00:00,2026-03-26T08:04:00,Y,Completed,1,97
AP9000360,WO700309,5219,1014,CSP4,AM,2026-03-26T08:00:00,2026-03-26T12:00:00,2026-03-26T08:06:00,Y,Completed,1,116
AP9000361,WO700310,5282,1013,CSP4,All Day,2026-03-26T08:00:00,2026-03-26T16:00:00,2026-03-26T08:18:00,Y,Completed,1,75
AP9000362,WO700311,5300,1012,CSP4,AM,2026-03-26T08:00:00,2026-03-26T12:00:00,2026-03-26T08:12:00,Y,Completed,1,72
AP9000363,WO700312,5205,1014,CSP4,AM,2026-03-26T08:00:00,2026-03-26T12:00:00,2026-03-26T07:52:00,N,Completed,1,92
AP9000364,WO700313,5203,1013,CSP4,AM,2026-03-26T08:00:00,2026-03-26T12:00:00,2026-03-26T08:05:00,Y,Completed,1,94
AP9000365,WO700314,5265,1013,CSP4,All Day,2026-03-26T08:00:00,2026-03-26T16:00:00,2026-03-26T08:10:00,Y,Completed,1,55
AP9000366,WO700315,5268,1013,CSP4,AM,2026-03-26T08:00:00,2026-03-26T12:00:00,2026-03-26T08:09:00,Y,Completed,1,20
AP9000367,WO700316,5225,1014,CSP4,AM,2026-03-26T08:00:00,2026-03-26T12:00:00,2026-03-26T08:16:00,Y,Completed,1,62
AP9000368,WO700317,5228,1011,CSP4,All Day,2026-03-26T08:00:00,2026-03-26T16:00:00,2026-03-26T08:01:00,Y,Completed,1,56
AP9000369,WO700318,5282,1014,CSP4,AM,2026-03-26T08:00:00,2026-03-26T12:00:00,2026-03-26T08:16:00,Y,Completed,1,59
AP9000370,WO700319,5203,1011,CSP4,PM,2026-03-26T12:00:00,2026-03-26T16:00:00,2026-03-26T12:08:00,Y,Completed,1,67
AP9000371,WO700320,5227,1011,CSP4,AM,2026-03-26T08:00:00,2026-03-26T12:00:00,2026-03-26T08:20:00,Y,Completed,1,20
AP9000372,WO700321,5254,1011,CSP4,All Day,2026-03-26T08:00:00,2026-03-26T16:00:00,2026-03-26T08:08:00,Y,No Access,1,80
AP9000373,WO700321,5254,1011,CSP4,PM,2026-03-30T12:00:00,2026-03-30T16:00:00,2026-03-30T12:07:00,Y,Completed,2,65
AP9000374,WO700323,5264,1012,CSP4,All Day,2026-03-26T08:00:00,2026-03-26T16:00:00,2026-03-26T08:06:00,Y,Completed,1,37
AP9000375,WO700324,5274,1012,CSP4,PM,2026-03-26T12:00:00,2026-03-26T16:00:00,2026-03-26T12:01:00,Y,Completed,1,88
AP9000376,WO700325,5283,1011,CSP4,PM,2026-03-26T12:00:00,2026-03-26T16:00:00,2026-03-26T12:16:00,Y,Completed,1,89
AP9000377,WO700325,5283,1011,CSP4,AM,2026-03-30T08:00:00,2026-03-30T12:00:00,2026-03-30T08:20:00,Y,Completed,2,46
AP9000378,WO700326,5206,1014,CSP4,AM,2026-03-26T08:00:00,2026-03-26T12:00:00,2026-03-26T08:15:00,Y,Completed,1,46
AP9000379,WO700326,5206,1014,CSP4,All Day,2026-03-30T08:00:00,2026-03-30T16:00:00,2026-03-30T07:52:00,N,Completed,2,84
AP9000380,WO700327,5206,1011,CSP4,PM,2026-03-26T12:00:00,2026-03-26T16:00:00,2026-03-26T12:00:00,Y,Completed,1,116
AP9000381,WO700328,5235,1013,CSP4,All Day,2026-03-26T08:00:00,2026-03-26T16:00:00,2026-03-26T08:11:00,Y,Completed,1,61
AP9000382,WO700330,5221,1014,CSP4,PM,2026-03-26T12:00:00,2026-03-26T16:00:00,2026-03-26T11:56:00,N,Completed,1,63
AP9000383,WO700331,5046,1003,CSP1,PM,2026-03-27T12:00:00,2026-03-27T16:00:00,2026-03-27T11:58:00,N,Completed,1,79
AP9000384,WO700331,5046,1003,CSP1,PM,2026-03-30T12:00:00,2026-03-30T16:00:00,2026-03-30T12:17:00,Y,Completed,2,28
AP9000385,WO700332,5057,1004,CSP1,All Day,2026-03-27T08:00:00,2026-03-27T16:00:00,2026-03-27T07:51:00,N,Completed,1,119
AP9000386,WO700332,5057,1004,CSP1,PM,2026-03-30T12:00:00,2026-03-30T16:00:00,2026-03-30T11:51:00,N,Completed,2,22
AP9000387,WO700333,5074,1004,CSP1,AM,2026-03-27T08:00:00,2026-03-27T12:00:00,2026-03-27T08:08:00,Y,Completed,1,20
AP9000388,WO700334,5056,1003,CSP1,All Day,2026-03-27T08:00:00,2026-03-27T16:00:00,2026-03-27T08:06:00,Y,Completed,1,52
AP9000389,WO700334,5056,1003,CSP1,All Day,2026-03-30T08:00:00,2026-03-30T16:00:00,2026-03-30T07:59:00,N,Completed,2,96
AP9000390,WO700335,5079,1003,CSP1,PM,2026-03-27T12:00:00,2026-03-27T16:00:00,2026-03-27T12:19:00,Y,Completed,1,70
AP9000391,WO700336,5010,1001,CSP1,PM,2026-03-27T12:00:00,2026-03-27T16:00:00,2026-03-27T12:00:00,Y,Completed,1,118
AP9000392,WO700337,5052,1001,CSP1,PM,2026-03-27T12:00:00,2026-03-27T16:00:00,2026-03-27T12:01:00,Y,Completed,1,90
AP9000393,WO700337,5052,1001,CSP1,All Day,2026-03-30T08:00:00,2026-03-30T16:00:00,2026-03-30T08:00:00,Y,Completed,2,60
AP9000394,WO700339,5012,1002,CSP1,All Day,2026-03-27T08:00:00,2026-03-27T16:00:00,2026-03-27T07:55:00,N,Completed,1,94
AP9000395,WO700340,5007,1001,CSP1,All Day,2026-03-27T08:00:00,2026-03-27T16:00:00,2026-03-27T07:51:00,N,Completed,1,53
AP9000396,WO700341,5058,1001,CSP1,AM,2026-03-27T08:00:00,2026-03-27T12:00:00,2026-03-27T08:05:00,Y,Completed,1,69
AP9000397,WO700342,5038,1003,CSP1,All Day,2026-03-27T08:00:00,2026-03-27T16:00:00,2026-03-27T07:50:00,N,Completed,1,57
AP9000398,WO700343,5096,1001,CSP1,AM,2026-03-27T08:00:00,2026-03-27T12:00:00,2026-03-27T07:53:00,N,Completed,1,45
AP9000399,WO700343,5096,1001,CSP1,All Day,2026-03-30T08:00:00,2026-03-30T16:00:00,2026-03-30T08:20:00,Y,Completed,2,49
AP9000400,WO700344,5025,1002,CSP1,PM,2026-03-27T12:00:00,2026-03-27T16:00:00,2026-03-27T12:15:00,Y,Completed,1,96
AP9000401,WO700345,5058,1004,CSP1,All Day,2026-03-27T08:00:00,2026-03-27T16:00:00,2026-03-27T08:02:00,Y,Completed,1,111
AP9000402,WO700346,5071,1001,CSP1,PM,2026-03-27T12:00:00,2026-03-27T16:00:00,2026-03-27T12:12:00,Y,Completed,1,87
AP9000403,WO700347,5023,1002,CSP1,PM,2026-03-27T12:00:00,2026-03-27T16:00:00,2026-03-27T12:16:00,Y,Completed,1,92
AP9000404,WO700348,5078,1002,CSP1,AM,2026-03-27T08:00:00,2026-03-27T12:00:00,2026-03-27T08:18:00,Y,Completed,1,65
AP9000405,WO700348,5078,1002,CSP1,All Day,2026-03-30T08:00:00,2026-03-30T16:00:00,2026-03-30T07:54:00,N,Completed,2,97
AP9000406,WO700349,5090,1003,CSP1,AM,2026-03-27T08:00:00,2026-03-27T12:00:00,2026-03-27T07:50:00,N,No Access,1,123
AP9000407,WO700349,5090,1003,CSP1,AM,2026-03-30T08:00:00,2026-03-30T12:00:00,2026-03-30T08:17:00,Y,Completed,2,35
AP9000408,WO700350,5026,1001,CSP1,PM,2026-03-27T12:00:00,2026-03-27T16:00:00,2026-03-27T11:53:00,N,Completed,1,97
AP9000409,WO700350,5026,1001,CSP1,AM,2026-03-30T08:00:00,2026-03-30T12:00:00,2026-03-30T08:17:00,Y,Completed,2,71
AP9000410,WO700351,5023,1003,CSP1,PM,2026-03-27T12:00:00,2026-03-27T16:00:00,2026-03-27T12:10:00,Y,No Access,1,59
AP9000411,WO700351,5023,1003,CSP1,All Day,2026-03-30T08:00:00,2026-03-30T16:00:00,2026-03-30T08:00:00,Y,Completed,2,94
AP9000412,WO700352,5086,1004,CSP1,AM,2026-03-27T08:00:00,2026-03-27T12:00:00,2026-03-27T08:14:00,Y,Completed,1,79
AP9000413,WO700352,5086,1004,CSP1,All Day,2026-03-30T08:00:00,2026-03-30T16:00:00,2026-03-30T07:56:00,N,Completed,2,90
AP9000414,WO700353,5167,1008,CSP2,All Day,2026-03-27T08:00:00,2026-03-27T16:00:00,2026-03-27T08:13:00,Y,Completed,1,51
AP9000415,WO700354,5137,1008,CSP2,All Day,2026-03-27T08:00:00,2026-03-27T16:00:00,2026-03-27T07:50:00,N,Completed,1,106
AP9000416,WO700355,5158,1006,CSP2,AM,2026-03-27T08:00:00,2026-03-27T12:00:00,2026-03-27T08:02:00,Y,No Access,1,55
AP9000417,WO700355,5158,1006,CSP2,PM,2026-03-30T12:00:00,2026-03-30T16:00:00,2026-03-30T12:20:00,Y,Completed,2,67
AP9000418,WO700356,5131,1006,CSP2,AM,2026-03-27T08:00:00,2026-03-27T12:00:00,2026-03-27T08:12:00,Y,Completed,1,59
AP9000419,WO700357,5154,1006,CSP2,AM,2026-03-27T08:00:00,2026-03-27T12:00:00,2026-03-27T07:58:00,N,Completed,1,79
AP9000420,WO700357,5154,1006,CSP2,AM,2026-03-30T08:00:00,2026-03-30T12:00:00,2026-03-30T08:03:00,Y,Completed,2,79
AP9000421,WO700358,5157,1008,CSP2,AM,2026-03-27T08:00:00,2026-03-27T12:00:00,2026-03-27T07:52:00,N,Completed,1,41
AP9000422,WO700359,5126,1007,CSP2,All Day,2026-03-27T08:00:00,2026-03-27T16:00:00,2026-03-27T08:00:00,Y,Completed,1,65
AP9000423,WO700359,5126,1007,CSP2,All Day,2026-03-30T08:00:00,2026-03-30T16:00:00,2026-03-30T08:18:00,Y,Completed,2,89
AP9000424,WO700360,5116,1007,CSP2,PM,2026-03-27T12:00:00,2026-03-27T16:00:00,2026-03-27T12:11:00,Y,Completed,1,102
AP9000425,WO700361,5143,1007,CSP2,AM,2026-03-27T08:00:00,2026-03-27T12:00:00,2026-03-27T08:01:00,Y,Completed,1,70
AP9000426,WO700362,5181,1009,CSP2,All Day,2026-03-27T08:00:00,2026-03-27T16:00:00,2026-03-27T08:20:00,Y,Completed,1,79
AP9000427,WO700363,5124,1006,CSP2,PM,2026-03-27T12:00:00,2026-03-27T16:00:00,2026-03-27T12:08:00,Y,Completed,1,25
AP9000428,WO700364,5128,1006,CSP2,AM,2026-03-27T08:00:00,2026-03-27T12:00:00,2026-03-27T08:07:00,Y,No Access,1,99
AP9000429,WO700364,5128,1006,CSP2,PM,2026-03-30T12:00:00,2026-03-30T16:00:00,2026-03-30T12:12:00,Y,Completed,2,56
AP9000430,WO700365,5184,1007,CSP2,PM,2026-03-27T12:00:00,2026-03-27T16:00:00,2026-03-27T12:06:00,Y,Completed,1,82
AP9000431,WO700366,5106,1007,CSP2,All Day,2026-03-27T08:00:00,2026-03-27T16:00:00,2026-03-27T08:18:00,Y,Completed,1,110
AP9000432,WO700367,5167,1008,CSP2,PM,2026-03-27T12:00:00,2026-03-27T16:00:00,2026-03-27T12:08:00,Y,Completed,1,65
AP9000433,WO700368,5166,1008,CSP2,AM,2026-03-27T08:00:00,2026-03-27T12:00:00,2026-03-27T07:50:00,N,Completed,1,104
AP9000434,WO700369,5181,1007,CSP2,PM,2026-03-27T12:00:00,2026-03-27T16:00:00,2026-03-27T12:00:00,Y,Completed,1,75
AP9000435,WO700370,5195,1007,CSP2,All Day,2026-03-27T08:00:00,2026-03-27T16:00:00,2026-03-27T08:01:00,Y,Completed,1,79
AP9000436,WO700371,5112,1009,CSP2,PM,2026-03-27T12:00:00,2026-03-27T16:00:00,2026-03-27T11:58:00,N,Completed,1,66
AP9000437,WO700372,5153,1009,CSP2,AM,2026-03-27T08:00:00,2026-03-27T12:00:00,2026-03-27T07:59:00,N,Completed,1,99
AP9000438,WO700373,5183,1006,CSP2,All Day,2026-03-27T08:00:00,2026-03-27T16:00:00,2026-03-27T07:55:00,N,Completed,1,94
AP9000439,WO700375,5221,1012,CSP4,AM,2026-03-27T08:00:00,2026-03-27T12:00:00,2026-03-27T08:15:00,Y,Completed,1,79
AP9000440,WO700376,5294,1011,CSP4,All Day,2026-03-27T08:00:00,2026-03-27T16:00:00,2026-03-27T08:15:00,Y,Completed,1,97
AP9000441,WO700377,5251,1011,CSP4,All Day,2026-03-27T08:00:00,2026-03-27T16:00:00,2026-03-27T08:18:00,Y,Completed,1,112
AP9000442,WO700378,5253,1012,CSP4,AM,2026-03-27T08:00:00,2026-03-27T12:00:00,2026-03-27T08:10:00,Y,Completed,1,45
AP9000443,WO700379,5273,1014,CSP4,All Day,2026-03-27T08:00:00,2026-03-27T16:00:00,2026-03-27T07:58:00,N,Completed,1,75
AP9000444,WO700380,5209,1011,CSP4,PM,2026-03-27T12:00:00,2026-03-27T16:00:00,2026-03-27T12:02:00,Y,Completed,1,89
AP9000445,WO700380,5209,1011,CSP4,AM,2026-03-30T08:00:00,2026-03-30T12:00:00,2026-03-30T08:15:00,Y,Completed,2,112
AP9000446,WO700381,5231,1013,CSP4,PM,2026-03-27T12:00:00,2026-03-27T16:00:00,2026-03-27T12:00:00,Y,Completed,1,118
AP9000447,WO700382,5240,1014,CSP4,PM,2026-03-27T12:00:00,2026-03-27T16:00:00,2026-03-27T12:17:00,Y,Completed,1,60
AP9000448,WO700383,5229,1014,CSP4,PM,2026-03-27T12:00:00,2026-03-27T16:00:00,2026-03-27T11:55:00,N,Completed,1,68
AP9000449,WO700384,5246,1012,CSP4,AM,2026-03-27T08:00:00,2026-03-27T12:00:00,2026-03-27T08:03:00,Y,Completed,1,50
AP9000450,WO700386,5265,1012,CSP4,PM,2026-03-27T12:00:00,2026-03-27T16:00:00,2026-03-27T12:01:00,Y,No Access,1,29
AP9000451,WO700386,5265,1012,CSP4,PM,2026-03-30T12:00:00,2026-03-30T16:00:00,2026-03-30T12:06:00,Y,Completed,2,82
AP9000452,WO700387,5270,1011,CSP4,All Day,2026-03-27T08:00:00,2026-03-27T16:00:00,2026-03-27T08:09:00,Y,Completed,1,92
AP9000453,WO700387,5270,1011,CSP4,AM,2026-03-30T08:00:00,2026-03-30T12:00:00,2026-03-30T08:19:00,Y,Completed,2,64
AP9000454,WO700388,5238,1012,CSP4,AM,2026-03-27T08:00:00,2026-03-27T12:00:00,2026-03-27T08:12:00,Y,Completed,1,78
AP9000455,WO700389,5279,1011,CSP4,AM,2026-03-27T08:00:00,2026-03-27T12:00:00,2026-03-27T07:56:00,N,Completed,1,20
AP9000456,WO700390,5219,1012,CSP4,AM,2026-03-27T08:00:00,2026-03-27T12:00:00,2026-03-27T08:01:00,Y,Completed,1,101
AP9000457,WO700392,5284,1011,CSP4,All Day,2026-03-27T08:00:00,2026-03-27T16:00:00,2026-03-27T08:08:00,Y,Completed,1,68
AP9000458,WO700392,5284,1011,CSP4,All Day,2026-03-30T08:00:00,2026-03-30T16:00:00,2026-03-30T07:53:00,N,Completed,2,37
AP9000459,WO700393,5270,1011,CSP4,All Day,2026-03-27T08:00:00,2026-03-27T16:00:00,2026-03-27T08:03:00,Y,Completed,1,80
AP9000460,WO700394,5249,1011,CSP4,All Day,2026-03-27T08:00:00,2026-03-27T16:00:00,2026-03-27T08:08:00,Y,Completed,1,98
AP9000461,WO700395,5265,1014,CSP4,All Day,2026-03-27T08:00:00,2026-03-27T16:00:00,2026-03-27T08:05:00,Y,Completed,1,71
AP9000462,WO700395,5265,1014,CSP4,All Day,2026-03-30T08:00:00,2026-03-30T16:00:00,2026-03-30T08:06:00,Y,Completed,2,64
AP9000463,WO700396,5247,1011,CSP4,PM,2026-03-27T12:00:00,2026-03-27T16:00:00,2026-03-27T12:19:00,Y,Completed,1,77
AP9000464,WO700397,5027,1002,CSP1,AM,2026-03-30T08:00:00,2026-03-30T12:00:00,2026-03-30T08:07:00,Y,No Access,1,105
AP9000465,WO700397,5027,1002,CSP1,PM,2026-04-01T12:00:00,2026-04-01T16:00:00,2026-04-01T12:09:00,Y,Completed,2,102
AP9000466,WO700398,5081,1002,CSP1,All Day,2026-03-30T08:00:00,2026-03-30T16:00:00,2026-03-30T07:58:00,N,Completed,1,64
AP9000467,WO700399,5052,1003,CSP1,AM,2026-03-30T08:00:00,2026-03-30T12:00:00,2026-03-30T08:11:00,Y,Completed,1,99
AP9000468,WO700400,5061,1004,CSP1,AM,2026-03-30T08:00:00,2026-03-30T12:00:00,2026-03-30T07:50:00,N,Completed,1,92
AP9000469,WO700402,5049,1002,CSP1,All Day,2026-03-30T08:00:00,2026-03-30T16:00:00,2026-03-30T07:59:00,N,Completed,1,40
AP9000470,WO700403,5020,1002,CSP1,AM,2026-03-30T08:00:00,2026-03-30T12:00:00,2026-03-30T08:11:00,Y,No Access,1,67
AP9000471,WO700403,5020,1002,CSP1,AM,2026-04-01T08:00:00,2026-04-01T12:00:00,2026-04-01T07:51:00,N,Completed,2,74
AP9000472,WO700404,5016,1003,CSP1,All Day,2026-03-30T08:00:00,2026-03-30T16:00:00,2026-03-30T07:56:00,N,Completed,1,95
AP9000473,WO700405,5087,1001,CSP1,AM,2026-03-30T08:00:00,2026-03-30T12:00:00,2026-03-30T08:03:00,Y,Completed,1,136
AP9000474,WO700406,5062,1002,CSP1,All Day,2026-03-30T08:00:00,2026-03-30T16:00:00,2026-03-30T07:50:00,N,Completed,1,64
AP9000475,WO700407,5099,1001,CSP1,AM,2026-03-30T08:00:00,2026-03-30T12:00:00,2026-03-30T07:51:00,N,Completed,1,28
AP9000476,WO700408,5091,1002,CSP1,AM,2026-03-30T08:00:00,2026-03-30T12:00:00,2026-03-30T08:17:00,Y,Completed,1,23
AP9000477,WO700409,5053,1004,CSP1,PM,2026-03-30T12:00:00,2026-03-30T16:00:00,2026-03-30T12:01:00,Y,Completed,1,82
AP9000478,WO700410,5047,1002,CSP1,PM,2026-03-30T12:00:00,2026-03-30T16:00:00,2026-03-30T12:12:00,Y,No Access,1,64
AP9000479,WO700410,5047,1002,CSP1,AM,2026-04-01T08:00:00,2026-04-01T12:00:00,2026-04-01T07:51:00,N,Completed,2,108
AP9000480,WO700411,5048,1004,CSP1,PM,2026-03-30T12:00:00,2026-03-30T16:00:00,2026-03-30T12:18:00,Y,Completed,1,49
AP9000481,WO700412,5018,1003,CSP1,PM,2026-03-30T12:00:00,2026-03-30T16:00:00,2026-03-30T11:56:00,N,Completed,1,147
AP9000482,WO700414,5012,1002,CSP1,PM,2026-03-30T12:00:00,2026-03-30T16:00:00,2026-03-30T12:04:00,Y,Completed,1,76
AP9000483,WO700415,5005,1004,CSP1,All Day,2026-03-30T08:00:00,2026-03-30T16:00:00,2026-03-30T07:53:00,N,Completed,1,61
AP9000484,WO700416,5100,1001,CSP1,All Day,2026-03-30T08:00:00,2026-03-30T16:00:00,2026-03-30T07:55:00,N,Completed,1,63
AP9000485,WO700418,5031,1001,CSP1,PM,2026-03-30T12:00:00,2026-03-30T16:00:00,2026-03-30T12:11:00,Y,Completed,1,84
AP9000486,WO700418,5031,1001,CSP1,PM,2026-04-01T12:00:00,2026-04-01T16:00:00,2026-04-01T12:02:00,Y,Completed,2,73
AP9000487,WO700419,5176,1006,CSP2,AM,2026-03-30T08:00:00,2026-03-30T12:00:00,2026-03-30T08:08:00,Y,No Access,1,74
AP9000488,WO700419,5176,1006,CSP2,AM,2026-04-01T08:00:00,2026-04-01T12:00:00,2026-04-01T08:20:00,Y,Completed,2,44
AP9000489,WO700420,5172,1008,CSP2,AM,2026-03-30T08:00:00,2026-03-30T12:00:00,2026-03-30T08:16:00,Y,No Access,1,105
AP9000490,WO700420,5172,1008,CSP2,PM,2026-04-01T12:00:00,2026-04-01T16:00:00,2026-04-01T11:52:00,N,Completed,2,68
AP9000491,WO700421,5174,1009,CSP2,AM,2026-03-30T08:00:00,2026-03-30T12:00:00,2026-03-30T07:54:00,N,Completed,1,34
AP9000492,WO700422,5115,1006,CSP2,PM,2026-03-30T12:00:00,2026-03-30T16:00:00,2026-03-30T12:05:00,Y,Completed,1,56
AP9000493,WO700423,5162,1006,CSP2,PM,2026-03-30T12:00:00,2026-03-30T16:00:00,2026-03-30T12:02:00,Y,Completed,1,52
AP9000494,WO700424,5162,1009,CSP2,PM,2026-03-30T12:00:00,2026-03-30T16:00:00,2026-03-30T12:20:00,Y,No Access,1,66
AP9000495,WO700424,5162,1009,CSP2,AM,2026-04-01T08:00:00,2026-04-01T12:00:00,2026-04-01T08:02:00,Y,Completed,2,77
AP9000496,WO700425,5146,1009,CSP2,PM,2026-03-30T12:00:00,2026-03-30T16:00:00,2026-03-30T12:01:00,Y,Completed,1,99
AP9000497,WO700426,5144,1008,CSP2,PM,2026-03-30T12:00:00,2026-03-30T16:00:00,2026-03-30T11:59:00,N,Completed,1,59
AP9000498,WO700427,5196,1007,CSP2,All Day,2026-03-30T08:00:00,2026-03-30T16:00:00,2026-03-30T07:59:00,N,Completed,1,52
AP9000499,WO700428,5132,1007,CSP2,All Day,2026-03-30T08:00:00,2026-03-30T16:00:00,2026-03-30T07:57:00,N,Completed,1,54
AP9000500,WO700429,5198,1009,CSP2,AM,2026-03-30T08:00:00,2026-03-30T12:00:00,2026-03-30T08:04:00,Y,Completed,1,65
AP9000501,WO700430,5174,1007,CSP2,PM,2026-03-30T12:00:00,2026-03-30T16:00:00,2026-03-30T11:54:00,N,Completed,1,31
AP9000502,WO700431,5107,1007,CSP2,PM,2026-03-30T12:00:00,2026-03-30T16:00:00,2026-03-30T11:56:00,N,Completed,1,94
AP9000503,WO700433,5127,1007,CSP2,All Day,2026-03-30T08:00:00,2026-03-30T16:00:00,2026-03-30T08:00:00,Y,No Access,1,104
AP9000504,WO700433,5127,1007,CSP2,PM,2026-04-01T12:00:00,2026-04-01T16:00:00,2026-04-01T11:58:00,N,Completed,2,63
AP9000505,WO700434,5135,1006,CSP2,All Day,2026-03-30T08:00:00,2026-03-30T16:00:00,2026-03-30T08:06:00,Y,Completed,1,95
AP9000506,WO700435,5148,1009,CSP2,All Day,2026-03-30T08:00:00,2026-03-30T16:00:00,2026-03-30T08:20:00,Y,Completed,1,46
AP9000507,WO700435,5148,1009,CSP2,All Day,2026-04-01T08:00:00,2026-04-01T16:00:00,2026-04-01T07:53:00,N,Completed,2,71
AP9000508,WO700436,5113,1007,CSP2,All Day,2026-03-30T08:00:00,2026-03-30T16:00:00,2026-03-30T07:59:00,N,Completed,1,20
AP9000509,WO700437,5161,1006,CSP2,All Day,2026-03-30T08:00:00,2026-03-30T16:00:00,2026-03-30T08:09:00,Y,Completed,1,66
AP9000510,WO700437,5161,1006,CSP2,AM,2026-04-01T08:00:00,2026-04-01T12:00:00,2026-04-01T08:07:00,Y,Completed,2,57
AP9000511,WO700438,5139,1007,CSP2,AM,2026-03-30T08:00:00,2026-03-30T12:00:00,2026-03-30T08:13:00,Y,Completed,1,148
AP9000512,WO700439,5133,1007,CSP2,PM,2026-03-30T12:00:00,2026-03-30T16:00:00,2026-03-30T12:11:00,Y,Completed,1,58
AP9000513,WO700439,5133,1007,CSP2,PM,2026-04-01T12:00:00,2026-04-01T16:00:00,2026-04-01T12:07:00,Y,Completed,2,76
AP9000514,WO700440,5133,1006,CSP2,All Day,2026-03-30T08:00:00,2026-03-30T16:00:00,2026-03-30T07:57:00,N,Completed,1,93
AP9000515,WO700440,5133,1006,CSP2,AM,2026-04-01T08:00:00,2026-04-01T12:00:00,2026-04-01T08:12:00,Y,Completed,2,99
AP9000516,WO700441,5284,1014,CSP4,AM,2026-03-30T08:00:00,2026-03-30T12:00:00,2026-03-30T08:01:00,Y,Completed,1,33
AP9000517,WO700442,5258,1013,CSP4,PM,2026-03-30T12:00:00,2026-03-30T16:00:00,2026-03-30T12:17:00,Y,Completed,1,79
AP9000518,WO700442,5258,1013,CSP4,All Day,2026-04-01T08:00:00,2026-04-01T16:00:00,2026-04-01T08:08:00,Y,Completed,2,50
AP9000519,WO700443,5244,1014,CSP4,PM,2026-03-30T12:00:00,2026-03-30T16:00:00,2026-03-30T12:15:00,Y,Completed,1,43
AP9000520,WO700444,5284,1013,CSP4,All Day,2026-03-30T08:00:00,2026-03-30T16:00:00,2026-03-30T08:14:00,Y,Completed,1,84
AP9000521,WO700444,5284,1013,CSP4,PM,2026-04-01T12:00:00,2026-04-01T16:00:00,2026-04-01T12:20:00,Y,Completed,2,95
AP9000522,WO700445,5247,1014,CSP4,PM,2026-03-30T12:00:00,2026-03-30T16:00:00,2026-03-30T12:02:00,Y,Completed,1,137
AP9000523,WO700446,5233,1014,CSP4,AM,2026-03-30T08:00:00,2026-03-30T12:00:00,2026-03-30T08:03:00,Y,Completed,1,80
AP9000524,WO700447,5204,1013,CSP4,PM,2026-03-30T12:00:00,2026-03-30T16:00:00,2026-03-30T12:01:00,Y,Completed,1,94
AP9000525,WO700448,5250,1011,CSP4,All Day,2026-03-30T08:00:00,2026-03-30T16:00:00,2026-03-30T08:00:00,Y,Completed,1,127
AP9000526,WO700449,5204,1013,CSP4,All Day,2026-03-30T08:00:00,2026-03-30T16:00:00,2026-03-30T07:52:00,N,Completed,1,48
AP9000527,WO700449,5204,1013,CSP4,AM,2026-04-01T08:00:00,2026-04-01T12:00:00,2026-04-01T08:14:00,Y,Completed,2,63
AP9000528,WO700450,5235,1013,CSP4,All Day,2026-03-30T08:00:00,2026-03-30T16:00:00,2026-03-30T08:02:00,Y,No Access,1,83
AP9000529,WO700450,5235,1013,CSP4,PM,2026-04-01T12:00:00,2026-04-01T16:00:00,2026-04-01T11:59:00,N,Completed,2,83
AP9000530,WO700451,5296,1012,CSP4,AM,2026-03-30T08:00:00,2026-03-30T12:00:00,2026-03-30T08:04:00,Y,No Access,1,61
AP9000531,WO700451,5296,1012,CSP4,PM,2026-04-01T12:00:00,2026-04-01T16:00:00,2026-04-01T11:54:00,N,Completed,2,77
AP9000532,WO700452,5212,1011,CSP4,PM,2026-03-30T12:00:00,2026-03-30T16:00:00,2026-03-30T11:55:00,N,Completed,1,118
AP9000533,WO700453,5218,1013,CSP4,AM,2026-03-30T08:00:00,2026-03-30T12:00:00,2026-03-30T08:11:00,Y,Completed,1,109
AP9000534,WO700454,5202,1012,CSP4,AM,2026-03-30T08:00:00,2026-03-30T12:00:00,2026-03-30T08:20:00,Y,Completed,1,64
AP9000535,WO700455,5256,1011,CSP4,PM,2026-03-30T12:00:00,2026-03-30T16:00:00,2026-03-30T12:14:00,Y,Completed,1,66
AP9000536,WO700456,5255,1011,CSP4,PM,2026-03-30T12:00:00,2026-03-30T16:00:00,2026-03-30T12:08:00,Y,Completed,1,94
AP9000537,WO700457,5296,1014,CSP4,AM,2026-03-30T08:00:00,2026-03-30T12:00:00,2026-03-30T07:53:00,N,Completed,1,111
AP9000538,WO700458,5280,1011,CSP4,PM,2026-03-30T12:00:00,2026-03-30T16:00:00,2026-03-30T12:20:00,Y,Completed,1,65
AP9000539,WO700459,5203,1013,CSP4,AM,2026-03-30T08:00:00,2026-03-30T12:00:00,2026-03-30T07:54:00,N,Completed,1,84
AP9000540,WO700460,5220,1014,CSP4,AM,2026-03-30T08:00:00,2026-03-30T12:00:00,2026-03-30T08:19:00,Y,Completed,1,70
AP9000541,WO700461,5290,1013,CSP4,PM,2026-03-30T12:00:00,2026-03-30T16:00:00,2026-03-30T11:55:00,N,Completed,1,32
AP9000542,WO700461,5290,1013,CSP4,PM,2026-04-01T12:00:00,2026-04-01T16:00:00,2026-04-01T12:13:00,Y,Completed,2,125
AP9000543,WO700462,5261,1014,CSP4,All Day,2026-03-30T08:00:00,2026-03-30T16:00:00,2026-03-30T08:15:00,Y,Completed,1,72
AP9000544,WO700462,5261,1014,CSP4,All Day,2026-04-01T08:00:00,2026-04-01T16:00:00,2026-04-01T08:18:00,Y,Completed,2,123
AP9000545,WO700463,5032,1001,CSP1,AM,2026-03-31T08:00:00,2026-03-31T12:00:00,2026-03-31T08:05:00,Y,Completed,1,97
AP9000546,WO700464,5086,1001,CSP1,All Day,2026-03-31T08:00:00,2026-03-31T16:00:00,2026-03-31T08:06:00,Y,No Access,1,135
AP9000547,WO700464,5086,1001,CSP1,PM,2026-04-02T12:00:00,2026-04-02T16:00:00,2026-04-02T12:15:00,Y,Completed,2,52
AP9000548,WO700466,5086,1004,CSP1,PM,2026-03-31T12:00:00,2026-03-31T16:00:00,2026-03-31T12:04:00,Y,Completed,1,109
AP9000549,WO700467,5016,1004,CSP1,PM,2026-03-31T12:00:00,2026-03-31T16:00:00,2026-03-31T12:11:00,Y,Completed,1,67
AP9000550,WO700468,5020,1001,CSP1,PM,2026-03-31T12:00:00,2026-03-31T16:00:00,2026-03-31T12:19:00,Y,Completed,1,89
AP9000551,WO700469,5098,1001,CSP1,All Day,2026-03-31T08:00:00,2026-03-31T16:00:00,2026-03-31T08:12:00,Y,Completed,1,66
AP9000552,WO700470,5041,1001,CSP1,AM,2026-03-31T08:00:00,2026-03-31T12:00:00,2026-03-31T08:19:00,Y,Completed,1,86
AP9000553,WO700471,5093,1003,CSP1,All Day,2026-03-31T08:00:00,2026-03-31T16:00:00,2026-03-31T08:06:00,Y,Completed,1,81
AP9000554,WO700471,5093,1003,CSP1,AM,2026-04-02T08:00:00,2026-04-02T12:00:00,2026-04-02T08:05:00,Y,Completed,2,74
AP9000555,WO700472,5073,1002,CSP1,All Day,2026-03-31T08:00:00,2026-03-31T16:00:00,2026-03-31T07:54:00,N,No Access,1,89
AP9000556,WO700472,5073,1002,CSP1,PM,2026-04-02T12:00:00,2026-04-02T16:00:00,2026-04-02T12:11:00,Y,Completed,2,81
AP9000557,WO700473,5071,1002,CSP1,AM,2026-03-31T08:00:00,2026-03-31T12:00:00,2026-03-31T08:03:00,Y,No Access,1,95
AP9000558,WO700473,5071,1002,CSP1,All Day,2026-04-02T08:00:00,2026-04-02T16:00:00,2026-04-02T08:12:00,Y,Completed,2,78
AP9000559,WO700474,5100,1002,CSP1,PM,2026-03-31T12:00:00,2026-03-31T16:00:00,2026-03-31T12:06:00,Y,No Access,1,88
AP9000560,WO700474,5100,1002,CSP1,PM,2026-04-02T12:00:00,2026-04-02T16:00:00,2026-04-02T11:55:00,N,Completed,2,38
AP9000561,WO700475,5042,1002,CSP1,AM,2026-03-31T08:00:00,2026-03-31T12:00:00,2026-03-31T07:56:00,N,Completed,1,58
AP9000562,WO700475,5042,1002,CSP1,AM,2026-04-02T08:00:00,2026-04-02T12:00:00,2026-04-02T08:06:00,Y,Completed,2,58
AP9000563,WO700477,5017,1002,CSP1,All Day,2026-03-31T08:00:00,2026-03-31T16:00:00,2026-03-31T07:50:00,N,Completed,1,62
AP9000564,WO700478,5050,1004,CSP1,AM,2026-03-31T08:00:00,2026-03-31T12:00:00,2026-03-31T08:01:00,Y,Completed,1,65
AP9000565,WO700479,5002,1003,CSP1,All Day,2026-03-31T08:00:00,2026-03-31T16:00:00,2026-03-31T08:01:00,Y,Completed,1,98
AP9000566,WO700481,5010,1002,CSP1,AM,2026-03-31T08:00:00,2026-03-31T12:00:00,2026-03-31T07:55:00,N,Completed,1,31
AP9000567,WO700482,5025,1004,CSP1,AM,2026-03-31T08:00:00,2026-03-31T12:00:00,2026-03-31T08:12:00,Y,Completed,1,35
AP9000568,WO700483,5096,1002,CSP1,AM,2026-03-31T08:00:00,2026-03-31T12:00:00,2026-03-31T07:59:00,N,Completed,1,39
AP9000569,WO700484,5022,1004,CSP1,All Day,2026-03-31T08:00:00,2026-03-31T16:00:00,2026-03-31T08:12:00,Y,Completed,1,95
AP9000570,WO700485,5146,1008,CSP2,AM,2026-03-31T08:00:00,2026-03-31T12:00:00,2026-03-31T07:54:00,N,Completed,1,36
AP9000571,WO700486,5142,1009,CSP2,AM,2026-03-31T08:00:00,2026-03-31T12:00:00,2026-03-31T08:06:00,Y,Completed,1,71
AP9000572,WO700487,5158,1006,CSP2,All Day,2026-03-31T08:00:00,2026-03-31T16:00:00,2026-03-31T08:04:00,Y,Completed,1,80
AP9000573,WO700488,5139,1007,CSP2,PM,2026-03-31T12:00:00,2026-03-31T16:00:00,2026-03-31T12:09:00,Y,Completed,1,20
AP9000574,WO700489,5136,1007,CSP2,AM,2026-03-31T08:00:00,2026-03-31T12:00:00,2026-03-31T08:02:00,Y,Completed,1,75
AP9000575,WO700490,5118,1006,CSP2,PM,2026-03-31T12:00:00,2026-03-31T16:00:00,2026-03-31T11:53:00,N,Completed,1,81
AP9000576,WO700491,5173,1007,CSP2,All Day,2026-03-31T08:00:00,2026-03-31T16:00:00,2026-03-31T08:11:00,Y,Completed,1,84
AP9000577,WO700492,5174,1007,CSP2,All Day,2026-03-31T08:00:00,2026-03-31T16:00:00,2026-03-31T07:52:00,N,Completed,1,103
AP9000578,WO700493,5143,1009,CSP2,All Day,2026-03-31T08:00:00,2026-03-31T16:00:00,2026-03-31T08:14:00,Y,No Access,1,68
AP9000579,WO700493,5143,1009,CSP2,PM,2026-04-02T12:00:00,2026-04-02T16:00:00,2026-04-02T12:07:00,Y,Completed,2,102
AP9000580,WO700494,5178,1008,CSP2,PM,2026-03-31T12:00:00,2026-03-31T16:00:00,2026-03-31T12:14:00,Y,Completed,1,41
AP9000581,WO700495,5120,1007,CSP2,AM,2026-03-31T08:00:00,2026-03-31T12:00:00,2026-03-31T08:20:00,Y,Completed,1,82
AP9000582,WO700496,5197,1007,CSP2,All Day,2026-03-31T08:00:00,2026-03-31T16:00:00,2026-03-31T08:06:00,Y,Completed,1,112
AP9000583,WO700497,5196,1006,CSP2,All Day,2026-03-31T08:00:00,2026-03-31T16:00:00,2026-03-31T07:59:00,N,Completed,1,74
AP9000584,WO700498,5118,1007,CSP2,All Day,2026-03-31T08:00:00,2026-03-31T16:00:00,2026-03-31T08:16:00,Y,Completed,1,89
AP9000585,WO700499,5168,1007,CSP2,AM,2026-03-31T08:00:00,2026-03-31T12:00:00,2026-03-31T08:13:00,Y,Completed,1,99
AP9000586,WO700500,5186,1008,CSP2,AM,2026-03-31T08:00:00,2026-03-31T12:00:00,2026-03-31T08:01:00,Y,Completed,1,68
AP9000587,WO700501,5122,1009,CSP2,AM,2026-03-31T08:00:00,2026-03-31T12:00:00,2026-03-31T08:16:00,Y,Completed,1,110
AP9000588,WO700502,5130,1007,CSP2,AM,2026-03-31T08:00:00,2026-03-31T12:00:00,2026-03-31T08:17:00,Y,Completed,1,48
AP9000589,WO700503,5119,1006,CSP2,PM,2026-03-31T12:00:00,2026-03-31T16:00:00,2026-03-31T12:02:00,Y,Completed,1,63
AP9000590,WO700504,5195,1007,CSP2,AM,2026-03-31T08:00:00,2026-03-31T12:00:00,2026-03-31T08:05:00,Y,Completed,1,48
AP9000591,WO700505,5189,1007,CSP2,All Day,2026-03-31T08:00:00,2026-03-31T16:00:00,2026-03-31T08:20:00,Y,Completed,1,70
AP9000592,WO700506,5190,1007,CSP2,AM,2026-03-31T08:00:00,2026-03-31T12:00:00,2026-03-31T08:18:00,Y,Completed,1,87
AP9000593,WO700507,5285,1012,CSP4,PM,2026-03-31T12:00:00,2026-03-31T16:00:00,2026-03-31T11:55:00,N,Completed,1,68
AP9000594,WO700508,5291,1014,CSP4,AM,2026-03-31T08:00:00,2026-03-31T12:00:00,2026-03-31T08:08:00,Y,No Access,1,79
AP9000595,WO700508,5291,1014,CSP4,All Day,2026-04-02T08:00:00,2026-04-02T16:00:00,2026-04-02T08:05:00,Y,Completed,2,61
AP9000596,WO700509,5259,1013,CSP4,PM,2026-03-31T12:00:00,2026-03-31T16:00:00,2026-03-31T11:51:00,N,Completed,1,54
AP9000597,WO700510,5296,1013,CSP4,All Day,2026-03-31T08:00:00,2026-03-31T16:00:00,2026-03-31T07:52:00,N,Completed,1,92
AP9000598,WO700512,5272,1013,CSP4,AM,2026-03-31T08:00:00,2026-03-31T12:00:00,2026-03-31T08:03:00,Y,Completed,1,20
AP9000599,WO700513,5287,1013,CSP4,AM,2026-03-31T08:00:00,2026-03-31T12:00:00,2026-03-31T07:52:00,N,Completed,1,78
AP9000600,WO700513,5287,1013,CSP4,PM,2026-04-02T12:00:00,2026-04-02T16:00:00,2026-04-02T12:03:00,Y,Completed,2,37
AP9000601,WO700514,5270,1011,CSP4,All Day,2026-03-31T08:00:00,2026-03-31T16:00:00,2026-03-31T08:13:00,Y,Completed,1,23
AP9000602,WO700515,5289,1014,CSP4,All Day,2026-03-31T08:00:00,2026-03-31T16:00:00,2026-03-31T08:05:00,Y,Completed,1,125
AP9000603,WO700516,5209,1012,CSP4,AM,2026-03-31T08:00:00,2026-03-31T12:00:00,2026-03-31T08:05:00,Y,Completed,1,90
AP9000604,WO700517,5298,1012,CSP4,PM,2026-03-31T12:00:00,2026-03-31T16:00:00,2026-03-31T11:55:00,N,Completed,1,31
AP9000605,WO700518,5282,1011,CSP4,All Day,2026-03-31T08:00:00,2026-03-31T16:00:00,2026-03-31T08:17:00,Y,Completed,1,68
AP9000606,WO700519,5235,1011,CSP4,AM,2026-03-31T08:00:00,2026-03-31T12:00:00,2026-03-31T07:59:00,N,Completed,1,65
AP9000607,WO700520,5265,1012,CSP4,All Day,2026-03-31T08:00:00,2026-03-31T16:00:00,2026-03-31T07:57:00,N,Completed,1,75
AP9000608,WO700521,5205,1014,CSP4,PM,2026-03-31T12:00:00,2026-03-31T16:00:00,2026-03-31T12:07:00,Y,Completed,1,48
AP9000609,WO700521,5205,1014,CSP4,All Day,2026-04-02T08:00:00,2026-04-02T16:00:00,2026-04-02T08:04:00,Y,Completed,2,48
AP9000610,WO700522,5226,1012,CSP4,AM,2026-03-31T08:00:00,2026-03-31T12:00:00,2026-03-31T07:55:00,N,Completed,1,93
AP9000611,WO700523,5259,1014,CSP4,AM,2026-03-31T08:00:00,2026-03-31T12:00:00,2026-03-31T07:52:00,N,Completed,1,96
AP9000612,WO700524,5279,1014,CSP4,All Day,2026-03-31T08:00:00,2026-03-31T16:00:00,2026-03-31T08:02:00,Y,Completed,1,20
AP9000613,WO700525,5206,1011,CSP4,PM,2026-03-31T12:00:00,2026-03-31T16:00:00,2026-03-31T12:20:00,Y,Completed,1,57
AP9000614,WO700526,5207,1014,CSP4,All Day,2026-03-31T08:00:00,2026-03-31T16:00:00,2026-03-31T08:07:00,Y,Completed,1,102
AP9000615,WO700527,5238,1012,CSP4,All Day,2026-03-31T08:00:00,2026-03-31T16:00:00,2026-03-31T08:19:00,Y,Completed,1,84
AP9000616,WO700528,5215,1013,CSP4,AM,2026-03-31T08:00:00,2026-03-31T12:00:00,2026-03-31T07:53:00,N,Completed,1,109
AP9000617,WO700529,5004,1004,CSP1,PM,2026-04-01T12:00:00,2026-04-01T16:00:00,2026-04-01T11:59:00,N,Completed,1,98
AP9000618,WO700530,5084,1003,CSP1,AM,2026-04-01T08:00:00,2026-04-01T12:00:00,2026-04-01T07:57:00,N,Completed,1,132
AP9000619,WO700531,5091,1001,CSP1,AM,2026-04-01T08:00:00,2026-04-01T12:00:00,2026-04-01T07:53:00,N,Completed,1,55
AP9000620,WO700532,5099,1003,CSP1,PM,2026-04-01T12:00:00,2026-04-01T16:00:00,2026-04-01T12:15:00,Y,Completed,1,63
AP9000621,WO700533,5099,1003,CSP1,All Day,2026-04-01T08:00:00,2026-04-01T16:00:00,2026-04-01T08:10:00,Y,Completed,1,20
AP9000622,WO700534,5026,1001,CSP1,AM,2026-04-01T08:00:00,2026-04-01T12:00:00,2026-04-01T07:54:00,N,Completed,1,90
AP9000623,WO700535,5078,1004,CSP1,PM,2026-04-01T12:00:00,2026-04-01T16:00:00,2026-04-01T11:59:00,N,Completed,1,61
AP9000624,WO700537,5019,1004,CSP1,PM,2026-04-01T12:00:00,2026-04-01T16:00:00,2026-04-01T12:08:00,Y,Completed,1,109
AP9000625,WO700538,5012,1004,CSP1,PM,2026-04-01T12:00:00,2026-04-01T16:00:00,2026-04-01T12:18:00,Y,Completed,1,99
AP9000626,WO700539,5077,1003,CSP1,PM,2026-04-01T12:00:00,2026-04-01T16:00:00,2026-04-01T12:12:00,Y,Completed,1,65
AP9000627,WO700540,5042,1003,CSP1,PM,2026-04-01T12:00:00,2026-04-01T16:00:00,2026-04-01T11:51:00,N,Completed,1,55
AP9000628,WO700540,5042,1003,CSP1,All Day,2026-04-03T08:00:00,2026-04-03T16:00:00,2026-04-03T07:57:00,N,Completed,2,87
AP9000629,WO700541,5016,1001,CSP1,All Day,2026-04-01T08:00:00,2026-04-01T16:00:00,2026-04-01T08:13:00,Y,Completed,1,59
AP9000630,WO700542,5094,1002,CSP1,PM,2026-04-01T12:00:00,2026-04-01T16:00:00,2026-04-01T12:04:00,Y,Completed,1,88
AP9000631,WO700543,5055,1003,CSP1,AM,2026-04-01T08:00:00,2026-04-01T12:00:00,2026-04-01T08:08:00,Y,Completed,1,69
AP9000632,WO700544,5067,1003,CSP1,All Day,2026-04-01T08:00:00,2026-04-01T16:00:00,2026-04-01T08:04:00,Y,Completed,1,58
AP9000633,WO700545,5016,1002,CSP1,PM,2026-04-01T12:00:00,2026-04-01T16:00:00,2026-04-01T12:01:00,Y,Completed,1,98
AP9000634,WO700546,5043,1002,CSP1,PM,2026-04-01T12:00:00,2026-04-01T16:00:00,2026-04-01T11:59:00,N,Completed,1,94
AP9000635,WO700547,5009,1001,CSP1,PM,2026-04-01T12:00:00,2026-04-01T16:00:00,2026-04-01T12:09:00,Y,Completed,1,67
AP9000636,WO700548,5073,1003,CSP1,All Day,2026-04-01T08:00:00,2026-04-01T16:00:00,2026-04-01T08:02:00,Y,No Access,1,104
AP9000637,WO700548,5073,1003,CSP1,PM,2026-04-03T12:00:00,2026-04-03T16:00:00,2026-04-03T12:19:00,Y,Completed,2,67
AP9000638,WO700549,5005,1003,CSP1,PM,2026-04-01T12:00:00,2026-04-01T16:00:00,2026-04-01T12:17:00,Y,Completed,1,110
AP9000639,WO700550,5096,1003,CSP1,All Day,2026-04-01T08:00:00,2026-04-01T16:00:00,2026-04-01T07:57:00,N,Completed,1,63
AP9000640,WO700550,5096,1003,CSP1,PM,2026-04-03T12:00:00,2026-04-03T16:00:00,2026-04-03T12:09:00,Y,Completed,2,32
AP9000641,WO700551,5188,1007,CSP2,All Day,2026-04-01T08:00:00,2026-04-01T16:00:00,2026-04-01T07:57:00,N,Completed,1,105
AP9000642,WO700552,5144,1009,CSP2,PM,2026-04-01T12:00:00,2026-04-01T16:00:00,2026-04-01T11:57:00,N,Completed,1,22
AP9000643,WO700553,5197,1008,CSP2,PM,2026-04-01T12:00:00,2026-04-01T16:00:00,2026-04-01T11:58:00,N,Completed,1,116
AP9000644,WO700554,5148,1007,CSP2,AM,2026-04-01T08:00:00,2026-04-01T12:00:00,2026-04-01T07:57:00,N,No Access,1,79
AP9000645,WO700554,5148,1007,CSP2,AM,2026-04-03T08:00:00,2026-04-03T12:00:00,2026-04-03T08:08:00,Y,Completed,2,62
AP9000646,WO700555,5200,1009,CSP2,All Day,2026-04-01T08:00:00,2026-04-01T16:00:00,2026-04-01T08:19:00,Y,Completed,1,98
AP9000647,WO700556,5144,1008,CSP2,AM,2026-04-01T08:00:00,2026-04-01T12:00:00,2026-04-01T07:57:00,N,Completed,1,110
AP9000648,WO700558,5106,1009,CSP2,AM,2026-04-01T08:00:00,2026-04-01T12:00:00,2026-04-01T07:51:00,N,Completed,1,129
AP9000649,WO700558,5106,1009,CSP2,AM,2026-04-03T08:00:00,2026-04-03T12:00:00,2026-04-03T07:53:00,N,Completed,2,102
AP9000650,WO700559,5174,1008,CSP2,All Day,2026-04-01T08:00:00,2026-04-01T16:00:00,2026-04-01T08:01:00,Y,Completed,1,42
AP9000651,WO700560,5157,1009,CSP2,PM,2026-04-01T12:00:00,2026-04-01T16:00:00,2026-04-01T12:00:00,Y,Completed,1,42
AP9000652,WO700561,5127,1007,CSP2,AM,2026-04-01T08:00:00,2026-04-01T12:00:00,2026-04-01T07:57:00,N,No Access,1,80
AP9000653,WO700561,5127,1007,CSP2,AM,2026-04-03T08:00:00,2026-04-03T12:00:00,2026-04-03T07:51:00,N,Completed,2,64
AP9000654,WO700562,5122,1009,CSP2,AM,2026-04-01T08:00:00,2026-04-01T12:00:00,2026-04-01T07:54:00,N,No Access,1,105
AP9000655,WO700562,5122,1009,CSP2,All Day,2026-04-03T08:00:00,2026-04-03T16:00:00,2026-04-03T08:09:00,Y,Completed,2,76
AP9000656,WO700563,5187,1008,CSP2,AM,2026-04-01T08:00:00,2026-04-01T12:00:00,2026-04-01T07:54:00,N,Completed,1,83
AP9000657,WO700564,5181,1007,CSP2,All Day,2026-04-01T08:00:00,2026-04-01T16:00:00,2026-04-01T08:17:00,Y,Completed,1,27
AP9000658,WO700565,5197,1009,CSP2,AM,2026-04-01T08:00:00,2026-04-01T12:00:00,2026-04-01T08:00:00,Y,No Access,1,86
AP9000659,WO700565,5197,1009,CSP2,All Day,2026-04-03T08:00:00,2026-04-03T16:00:00,2026-04-03T08:00:00,Y,Completed,2,41
AP9000660,WO700566,5191,1009,CSP2,AM,2026-04-01T08:00:00,2026-04-01T12:00:00,2026-04-01T08:19:00,Y,Completed,1,40
AP9000661,WO700566,5191,1009,CSP2,All Day,2026-04-03T08:00:00,2026-04-03T16:00:00,2026-04-03T07:56:00,N,Completed,2,93
AP9000662,WO700567,5151,1008,CSP2,AM,2026-04-01T08:00:00,2026-04-01T12:00:00,2026-04-01T07:58:00,N,Completed,1,68
AP9000663,WO700568,5145,1009,CSP2,PM,2026-04-01T12:00:00,2026-04-01T16:00:00,2026-04-01T11:57:00,N,Completed,1,90
AP9000664,WO700569,5192,1008,CSP2,AM,2026-04-01T08:00:00,2026-04-01T12:00:00,2026-04-01T08:18:00,Y,Completed,1,84
AP9000665,WO700570,5180,1007,CSP2,AM,2026-04-01T08:00:00,2026-04-01T12:00:00,2026-04-01T08:16:00,Y,Completed,1,26
AP9000666,WO700571,5156,1006,CSP2,AM,2026-04-01T08:00:00,2026-04-01T12:00:00,2026-04-01T07:56:00,N,Completed,1,106
AP9000667,WO700572,5192,1008,CSP2,AM,2026-04-01T08:00:00,2026-04-01T12:00:00,2026-04-01T07:58:00,N,Completed,1,44
AP9000668,WO700573,5252,1012,CSP4,All Day,2026-04-01T08:00:00,2026-04-01T16:00:00,2026-04-01T08:04:00,Y,Completed,1,95
AP9000669,WO700575,5219,1014,CSP4,All Day,2026-04-01T08:00:00,2026-04-01T16:00:00,2026-04-01T08:13:00,Y,Completed,1,59
AP9000670,WO700576,5241,1011,CSP4,AM,2026-04-01T08:00:00,2026-04-01T12:00:00,2026-04-01T08:07:00,Y,Completed,1,32
AP9000671,WO700577,5245,1013,CSP4,All Day,2026-04-01T08:00:00,2026-04-01T16:00:00,2026-04-01T08:12:00,Y,No Access,1,100
AP9000672,WO700577,5245,1013,CSP4,PM,2026-04-03T12:00:00,2026-04-03T16:00:00,2026-04-03T12:02:00,Y,Completed,2,55
AP9000673,WO700578,5248,1011,CSP4,AM,2026-04-01T08:00:00,2026-04-01T12:00:00,2026-04-01T08:18:00,Y,Completed,1,78
AP9000674,WO700579,5204,1014,CSP4,PM,2026-04-01T12:00:00,2026-04-01T16:00:00,2026-04-01T12:18:00,Y,Completed,1,64
AP9000675,WO700580,5270,1014,CSP4,PM,2026-04-01T12:00:00,2026-04-01T16:00:00,2026-04-01T11:56:00,N,Completed,1,96
AP9000676,WO700582,5293,1011,CSP4,AM,2026-04-01T08:00:00,2026-04-01T12:00:00,2026-04-01T07:57:00,N,No Access,1,74
AP9000677,WO700582,5293,1011,CSP4,All Day,2026-04-03T08:00:00,2026-04-03T16:00:00,2026-04-03T08:15:00,Y,Completed,2,81
AP9000678,WO700583,5259,1012,CSP4,All Day,2026-04-01T08:00:00,2026-04-01T16:00:00,2026-04-01T08:09:00,Y,Completed,1,51
AP9000679,WO700584,5224,1014,CSP4,PM,2026-04-01T12:00:00,2026-04-01T16:00:00,2026-04-01T12:00:00,Y,Completed,1,53
AP9000680,WO700584,5224,1014,CSP4,AM,2026-04-03T08:00:00,2026-04-03T12:00:00,2026-04-03T07:56:00,N,Completed,2,82
AP9000681,WO700585,5274,1012,CSP4,All Day,2026-04-01T08:00:00,2026-04-01T16:00:00,2026-04-01T08:15:00,Y,Completed,1,76
AP9000682,WO700586,5289,1014,CSP4,All Day,2026-04-01T08:00:00,2026-04-01T16:00:00,2026-04-01T07:53:00,N,Completed,1,88
AP9000683,WO700587,5212,1011,CSP4,AM,2026-04-01T08:00:00,2026-04-01T12:00:00,2026-04-01T07:50:00,N,Completed,1,78
AP9000684,WO700588,5240,1011,CSP4,All Day,2026-04-01T08:00:00,2026-04-01T16:00:00,2026-04-01T08:12:00,Y,Completed,1,93
AP9000685,WO700589,5294,1014,CSP4,PM,2026-04-01T12:00:00,2026-04-01T16:00:00,2026-04-01T12:01:00,Y,Completed,1,78
AP9000686,WO700590,5296,1012,CSP4,PM,2026-04-01T12:00:00,2026-04-01T16:00:00,2026-04-01T12:09:00,Y,No Access,1,73
AP9000687,WO700590,5296,1012,CSP4,All Day,2026-04-03T08:00:00,2026-04-03T16:00:00,2026-04-03T08:01:00,Y,Completed,2,75
AP9000688,WO700591,5285,1011,CSP4,AM,2026-04-01T08:00:00,2026-04-01T12:00:00,2026-04-01T07:58:00,N,Completed,1,53
AP9000689,WO700591,5285,1011,CSP4,PM,2026-04-03T12:00:00,2026-04-03T16:00:00,2026-04-03T11:56:00,N,Completed,2,130
AP9000690,WO700592,5236,1012,CSP4,All Day,2026-04-01T08:00:00,2026-04-01T16:00:00,2026-04-01T08:08:00,Y,Completed,1,95
AP9000691,WO700593,5276,1013,CSP4,PM,2026-04-01T12:00:00,2026-04-01T16:00:00,2026-04-01T11:55:00,N,Completed,1,76
AP9000692,WO700594,5268,1012,CSP4,AM,2026-04-01T08:00:00,2026-04-01T12:00:00,2026-04-01T07:54:00,N,Completed,1,92
AP9000693,WO700595,5097,1004,CSP1,AM,2026-04-02T08:00:00,2026-04-02T12:00:00,2026-04-02T08:20:00,Y,Completed,1,107
AP9000694,WO700596,5045,1001,CSP1,AM,2026-04-02T08:00:00,2026-04-02T12:00:00,2026-04-02T08:04:00,Y,Completed,1,69
AP9000695,WO700597,5061,1002,CSP1,All Day,2026-04-02T08:00:00,2026-04-02T16:00:00,2026-04-02T08:15:00,Y,Completed,1,80
AP9000696,WO700598,5002,1004,CSP1,All Day,2026-04-02T08:00:00,2026-04-02T16:00:00,2026-04-02T08:03:00,Y,Completed,1,81
AP9000697,WO700599,5013,1003,CSP1,All Day,2026-04-02T08:00:00,2026-04-02T16:00:00,2026-04-02T08:18:00,Y,Completed,1,32
AP9000698,WO700599,5013,1003,CSP1,AM,2026-04-06T08:00:00,2026-04-06T12:00:00,2026-04-06T08:16:00,Y,Completed,2,85
AP9000699,WO700600,5035,1004,CSP1,PM,2026-04-02T12:00:00,2026-04-02T16:00:00,2026-04-02T12:16:00,Y,Completed,1,45
AP9000700,WO700600,5035,1004,CSP1,All Day,2026-04-06T08:00:00,2026-04-06T16:00:00,2026-04-06T08:19:00,Y,Completed,2,92
AP9000701,WO700602,5009,1003,CSP1,AM,2026-04-02T08:00:00,2026-04-02T12:00:00,2026-04-02T08:02:00,Y,No Access,1,55
AP9000702,WO700602,5009,1003,CSP1,All Day,2026-04-06T08:00:00,2026-04-06T16:00:00,2026-04-06T08:17:00,Y,Completed,2,99
AP9000703,WO700603,5025,1002,CSP1,All Day,2026-04-02T08:00:00,2026-04-02T16:00:00,2026-04-02T08:05:00,Y,Completed,1,92
AP9000704,WO700603,5025,1002,CSP1,AM,2026-04-06T08:00:00,2026-04-06T12:00:00,2026-04-06T07:55:00,N,Completed,2,98
AP9000705,WO700604,5082,1001,CSP1,All Day,2026-04-02T08:00:00,2026-04-02T16:00:00,2026-04-02T08:15:00,Y,Completed,1,65
AP9000706,WO700605,5073,1003,CSP1,All Day,2026-04-02T08:00:00,2026-04-02T16:00:00,2026-04-02T07:58:00,N,Completed,1,52
AP9000707,WO700606,5059,1002,CSP1,AM,2026-04-02T08:00:00,2026-04-02T12:00:00,2026-04-02T08:05:00,Y,Completed,1,55
AP9000708,WO700606,5059,1002,CSP1,AM,2026-04-06T08:00:00,2026-04-06T12:00:00,2026-04-06T08:15:00,Y,Completed,2,55
AP9000709,WO700607,5010,1002,CSP1,AM,2026-04-02T08:00:00,2026-04-02T12:00:00,2026-04-02T07:52:00,N,Completed,1,87
AP9000710,WO700608,5023,1001,CSP1,AM,2026-04-02T08:00:00,2026-04-02T12:00:00,2026-04-02T08:12:00,Y,Completed,1,73
AP9000711,WO700609,5019,1004,CSP1,All Day,2026-04-02T08:00:00,2026-04-02T16:00:00,2026-04-02T08:09:00,Y,Completed,1,127
AP9000712,WO700610,5005,1001,CSP1,PM,2026-04-02T12:00:00,2026-04-02T16:00:00,2026-04-02T12:17:00,Y,Completed,1,92
AP9000713,WO700610,5005,1001,CSP1,PM,2026-04-06T12:00:00,2026-04-06T16:00:00,2026-04-06T11:59:00,N,Completed,2,59
AP9000714,WO700612,5091,1002,CSP1,PM,2026-04-02T12:00:00,2026-04-02T16:00:00,2026-04-02T11:53:00,N,Completed,1,33
AP9000715,WO700612,5091,1002,CSP1,All Day,2026-04-06T08:00:00,2026-04-06T16:00:00,2026-04-06T08:09:00,Y,Completed,2,74
AP9000716,WO700614,5083,1001,CSP1,PM,2026-04-02T12:00:00,2026-04-02T16:00:00,2026-04-02T11:53:00,N,Completed,1,98
AP9000717,WO700615,5083,1002,CSP1,PM,2026-04-02T12:00:00,2026-04-02T16:00:00,2026-04-02T12:20:00,Y,Completed,1,60
AP9000718,WO700616,5014,1004,CSP1,AM,2026-04-02T08:00:00,2026-04-02T12:00:00,2026-04-02T07:55:00,N,Completed,1,87
AP9000719,WO700617,5193,1008,CSP2,AM,2026-04-02T08:00:00,2026-04-02T12:00:00,2026-04-02T07:54:00,N,Completed,1,86
AP9000720,WO700618,5158,1008,CSP2,All Day,2026-04-02T08:00:00,2026-04-02T16:00:00,2026-04-02T08:18:00,Y,Completed,1,85
AP9000721,WO700619,5167,1007,CSP2,AM,2026-04-02T08:00:00,2026-04-02T12:00:00,2026-04-02T08:13:00,Y,Completed,1,71
AP9000722,WO700620,5105,1007,CSP2,PM,2026-04-02T12:00:00,2026-04-02T16:00:00,2026-04-02T11:59:00,N,No Access,1,36
AP9000723,WO700620,5105,1007,CSP2,PM,2026-04-06T12:00:00,2026-04-06T16:00:00,2026-04-06T12:04:00,Y,Completed,2,108
AP9000724,WO700621,5123,1009,CSP2,All Day,2026-04-02T08:00:00,2026-04-02T16:00:00,2026-04-02T08:09:00,Y,Completed,1,41
AP9000725,WO700622,5114,1008,CSP2,AM,2026-04-02T08:00:00,2026-04-02T12:00:00,2026-04-02T07:58:00,N,Completed,1,30
AP9000726,WO700623,5195,1008,CSP2,All Day,2026-04-02T08:00:00,2026-04-02T16:00:00,2026-04-02T08:11:00,Y,Completed,1,84
AP9000727,WO700624,5128,1008,CSP2,AM,2026-04-02T08:00:00,2026-04-02T12:00:00,2026-04-02T08:09:00,Y,Completed,1,77
AP9000728,WO700625,5148,1009,CSP2,PM,2026-04-02T12:00:00,2026-04-02T16:00:00,2026-04-02T11:58:00,N,No Access,1,53
AP9000729,WO700625,5148,1009,CSP2,All Day,2026-04-06T08:00:00,2026-04-06T16:00:00,2026-04-06T08:12:00,Y,Completed,2,95
AP9000730,WO700626,5179,1007,CSP2,AM,2026-04-02T08:00:00,2026-04-02T12:00:00,2026-04-02T08:20:00,Y,Completed,1,60
AP9000731,WO700627,5191,1008,CSP2,PM,2026-04-02T12:00:00,2026-04-02T16:00:00,2026-04-02T11:57:00,N,No Access,1,71
AP9000732,WO700627,5191,1008,CSP2,PM,2026-04-06T12:00:00,2026-04-06T16:00:00,2026-04-06T12:05:00,Y,Completed,2,102
AP9000733,WO700628,5167,1007,CSP2,AM,2026-04-02T08:00:00,2026-04-02T12:00:00,2026-04-02T08:19:00,Y,Completed,1,65
AP9000734,WO700629,5179,1009,CSP2,PM,2026-04-02T12:00:00,2026-04-02T16:00:00,2026-04-02T12:07:00,Y,Completed,1,86
AP9000735,WO700630,5168,1007,CSP2,AM,2026-04-02T08:00:00,2026-04-02T12:00:00,2026-04-02T08:10:00,Y,Completed,1,47
AP9000736,WO700631,5127,1008,CSP2,AM,2026-04-02T08:00:00,2026-04-02T12:00:00,2026-04-02T07:52:00,N,Completed,1,104
AP9000737,WO700632,5123,1009,CSP2,AM,2026-04-02T08:00:00,2026-04-02T12:00:00,2026-04-02T07:51:00,N,Completed,1,87
AP9000738,WO700633,5179,1009,CSP2,AM,2026-04-02T08:00:00,2026-04-02T12:00:00,2026-04-02T08:03:00,Y,Completed,1,92
AP9000739,WO700634,5115,1007,CSP2,All Day,2026-04-02T08:00:00,2026-04-02T16:00:00,2026-04-02T08:03:00,Y,Completed,1,91
AP9000740,WO700635,5142,1007,CSP2,AM,2026-04-02T08:00:00,2026-04-02T12:00:00,2026-04-02T08:03:00,Y,Completed,1,105
AP9000741,WO700636,5129,1008,CSP2,All Day,2026-04-02T08:00:00,2026-04-02T16:00:00,2026-04-02T07:58:00,N,Completed,1,70
AP9000742,WO700637,5150,1008,CSP2,AM,2026-04-02T08:00:00,2026-04-02T12:00:00,2026-04-02T07:56:00,N,Completed,1,70
AP9000743,WO700638,5105,1006,CSP2,AM,2026-04-02T08:00:00,2026-04-02T12:00:00,2026-04-02T08:10:00,Y,Completed,1,27
AP9000744,WO700639,5238,1012,CSP4,All Day,2026-04-02T08:00:00,2026-04-02T16:00:00,2026-04-02T08:17:00,Y,Completed,1,63
AP9000745,WO700640,5230,1011,CSP4,AM,2026-04-02T08:00:00,2026-04-02T12:00:00,2026-04-02T08:17:00,Y,Completed,1,110
AP9000746,WO700641,5294,1011,CSP4,PM,2026-04-02T12:00:00,2026-04-02T16:00:00,2026-04-02T12:13:00,Y,Completed,1,124
AP9000747,WO700642,5220,1011,CSP4,All Day,2026-04-02T08:00:00,2026-04-02T16:00:00,2026-04-02T08:01:00,Y,Completed,1,25
AP9000748,WO700643,5251,1014,CSP4,PM,2026-04-02T12:00:00,2026-04-02T16:00:00,2026-04-02T11:59:00,N,Completed,1,62
AP9000749,WO700645,5286,1011,CSP4,All Day,2026-04-02T08:00:00,2026-04-02T16:00:00,2026-04-02T07:53:00,N,Completed,1,60
AP9000750,WO700645,5286,1011,CSP4,AM,2026-04-06T08:00:00,2026-04-06T12:00:00,2026-04-06T08:02:00,Y,Completed,2,103
AP9000751,WO700647,5281,1013,CSP4,AM,2026-04-02T08:00:00,2026-04-02T12:00:00,2026-04-02T08:16:00,Y,Completed,1,75
AP9000752,WO700648,5279,1012,CSP4,All Day,2026-04-02T08:00:00,2026-04-02T16:00:00,2026-04-02T08:19:00,Y,No Access,1,74
AP9000753,WO700648,5279,1012,CSP4,All Day,2026-04-06T08:00:00,2026-04-06T16:00:00,2026-04-06T08:19:00,Y,Completed,2,99
AP9000754,WO700649,5208,1012,CSP4,PM,2026-04-02T12:00:00,2026-04-02T16:00:00,2026-04-02T12:06:00,Y,Completed,1,63
AP9000755,WO700650,5247,1014,CSP4,All Day,2026-04-02T08:00:00,2026-04-02T16:00:00,2026-04-02T08:02:00,Y,Completed,1,64
AP9000756,WO700651,5243,1011,CSP4,All Day,2026-04-02T08:00:00,2026-04-02T16:00:00,2026-04-02T08:03:00,Y,Completed,1,124
AP9000757,WO700653,5245,1012,CSP4,PM,2026-04-02T12:00:00,2026-04-02T16:00:00,2026-04-02T12:11:00,Y,Completed,1,89
AP9000758,WO700655,5259,1014,CSP4,AM,2026-04-02T08:00:00,2026-04-02T12:00:00,2026-04-02T07:55:00,N,Completed,1,106
AP9000759,WO700656,5215,1012,CSP4,AM,2026-04-02T08:00:00,2026-04-02T12:00:00,2026-04-02T07:59:00,N,Completed,1,72
AP9000760,WO700657,5288,1013,CSP4,All Day,2026-04-02T08:00:00,2026-04-02T16:00:00,2026-04-02T07:56:00,N,Completed,1,67
AP9000761,WO700658,5209,1011,CSP4,PM,2026-04-02T12:00:00,2026-04-02T16:00:00,2026-04-02T12:13:00,Y,No Access,1,45
AP9000762,WO700658,5209,1011,CSP4,All Day,2026-04-06T08:00:00,2026-04-06T16:00:00,2026-04-06T08:14:00,Y,Completed,2,77
AP9000763,WO700659,5283,1011,CSP4,AM,2026-04-02T08:00:00,2026-04-02T12:00:00,2026-04-02T08:05:00,Y,No Access,1,92
AP9000764,WO700659,5283,1011,CSP4,PM,2026-04-06T12:00:00,2026-04-06T16:00:00,2026-04-06T12:08:00,Y,Completed,2,54
AP9000765,WO700660,5217,1013,CSP4,All Day,2026-04-02T08:00:00,2026-04-02T16:00:00,2026-04-02T08:12:00,Y,Completed,1,39
AP9000766,WO700661,5019,1002,CSP1,AM,2026-04-03T08:00:00,2026-04-03T12:00:00,2026-04-03T08:13:00,Y,Completed,1,68
AP9000767,WO700662,5023,1001,CSP1,AM,2026-04-03T08:00:00,2026-04-03T12:00:00,2026-04-03T08:18:00,Y,Completed,1,51
AP9000768,WO700663,5027,1002,CSP1,All Day,2026-04-03T08:00:00,2026-04-03T16:00:00,2026-04-03T07:50:00,N,Completed,1,85
AP9000769,WO700664,5069,1003,CSP1,AM,2026-04-03T08:00:00,2026-04-03T12:00:00,2026-04-03T08:13:00,Y,Completed,1,86
AP9000770,WO700665,5020,1002,CSP1,AM,2026-04-03T08:00:00,2026-04-03T12:00:00,2026-04-03T07:50:00,N,Completed,1,94
AP9000771,WO700666,5038,1001,CSP1,PM,2026-04-03T12:00:00,2026-04-03T16:00:00,2026-04-03T12:15:00,Y,Completed,1,83
AP9000772,WO700667,5006,1002,CSP1,All Day,2026-04-03T08:00:00,2026-04-03T16:00:00,2026-04-03T08:12:00,Y,Completed,1,91
AP9000773,WO700668,5012,1003,CSP1,All Day,2026-04-03T08:00:00,2026-04-03T16:00:00,2026-04-03T08:12:00,Y,Completed,1,88
AP9000774,WO700669,5026,1002,CSP1,All Day,2026-04-03T08:00:00,2026-04-03T16:00:00,2026-04-03T08:14:00,Y,No Access,1,97
AP9000775,WO700669,5026,1002,CSP1,All Day,2026-04-06T08:00:00,2026-04-06T16:00:00,2026-04-06T08:14:00,Y,Completed,2,68
AP9000776,WO700670,5025,1004,CSP1,AM,2026-04-03T08:00:00,2026-04-03T12:00:00,2026-04-03T08:16:00,Y,Completed,1,69
AP9000777,WO700671,5055,1004,CSP1,AM,2026-04-03T08:00:00,2026-04-03T12:00:00,2026-04-03T08:17:00,Y,Completed,1,81
AP9000778,WO700672,5012,1002,CSP1,All Day,2026-04-03T08:00:00,2026-04-03T16:00:00,2026-04-03T08:09:00,Y,Completed,1,122
AP9000779,WO700672,5012,1002,CSP1,All Day,2026-04-06T08:00:00,2026-04-06T16:00:00,2026-04-06T08:15:00,Y,Completed,2,87
AP9000780,WO700673,5055,1004,CSP1,All Day,2026-04-03T08:00:00,2026-04-03T16:00:00,2026-04-03T07:52:00,N,No Access,1,63
AP9000781,WO700673,5055,1004,CSP1,All Day,2026-04-06T08:00:00,2026-04-06T16:00:00,2026-04-06T08:00:00,Y,Completed,2,40
AP9000782,WO700674,5068,1004,CSP1,AM,2026-04-03T08:00:00,2026-04-03T12:00:00,2026-04-03T08:02:00,Y,Completed,1,36
AP9000783,WO700674,5068,1004,CSP1,AM,2026-04-06T08:00:00,2026-04-06T12:00:00,2026-04-06T07:57:00,N,Completed,2,55
AP9000784,WO700675,5054,1001,CSP1,AM,2026-04-03T08:00:00,2026-04-03T12:00:00,2026-04-03T07:56:00,N,Completed,1,83
AP9000785,WO700676,5063,1002,CSP1,AM,2026-04-03T08:00:00,2026-04-03T12:00:00,2026-04-03T08:18:00,Y,Completed,1,80
AP9000786,WO700677,5004,1002,CSP1,PM,2026-04-03T12:00:00,2026-04-03T16:00:00,2026-04-03T12:18:00,Y,Completed,1,108
AP9000787,WO700678,5037,1001,CSP1,All Day,2026-04-03T08:00:00,2026-04-03T16:00:00,2026-04-03T08:05:00,Y,Completed,1,48
AP9000788,WO700679,5009,1001,CSP1,PM,2026-04-03T12:00:00,2026-04-03T16:00:00,2026-04-03T12:20:00,Y,Completed,1,127
AP9000789,WO700680,5016,1004,CSP1,PM,2026-04-03T12:00:00,2026-04-03T16:00:00,2026-04-03T11:53:00,N,Completed,1,115
AP9000790,WO700680,5016,1004,CSP1,All Day,2026-04-06T08:00:00,2026-04-06T16:00:00,2026-04-06T08:01:00,Y,Completed,2,86
AP9000791,WO700681,5089,1002,CSP1,AM,2026-04-03T08:00:00,2026-04-03T12:00:00,2026-04-03T08:10:00,Y,No Access,1,100
AP9000792,WO700681,5089,1002,CSP1,AM,2026-04-06T08:00:00,2026-04-06T12:00:00,2026-04-06T08:17:00,Y,Completed,2,56
AP9000793,WO700682,5038,1003,CSP1,AM,2026-04-03T08:00:00,2026-04-03T12:00:00,2026-04-03T08:14:00,Y,Completed,1,86
AP9000794,WO700683,5177,1009,CSP2,AM,2026-04-03T08:00:00,2026-04-03T12:00:00,2026-04-03T08:04:00,Y,Completed,1,80
AP9000795,WO700684,5147,1006,CSP2,PM,2026-04-03T12:00:00,2026-04-03T16:00:00,2026-04-03T12:08:00,Y,Completed,1,47
AP9000796,WO700684,5147,1006,CSP2,AM,2026-04-06T08:00:00,2026-04-06T12:00:00,2026-04-06T08:07:00,Y,Completed,2,60
AP9000797,WO700685,5163,1008,CSP2,All Day,2026-04-03T08:00:00,2026-04-03T16:00:00,2026-04-03T08:05:00,Y,Completed,1,91
AP9000798,WO700686,5172,1007,CSP2,All Day,2026-04-03T08:00:00,2026-04-03T16:00:00,2026-04-03T08:02:00,Y,Completed,1,108
AP9000799,WO700686,5172,1007,CSP2,PM,2026-04-06T12:00:00,2026-04-06T16:00:00,2026-04-06T12:12:00,Y,Completed,2,99
AP9000800,WO700687,5110,1007,CSP2,All Day,2026-04-03T08:00:00,2026-04-03T16:00:00,2026-04-03T08:17:00,Y,Completed,1,67
AP9000801,WO700688,5157,1006,CSP2,AM,2026-04-03T08:00:00,2026-04-03T12:00:00,2026-04-03T08:00:00,Y,Completed,1,54
AP9000802,WO700689,5189,1007,CSP2,PM,2026-04-03T12:00:00,2026-04-03T16:00:00,2026-04-03T12:00:00,Y,Completed,1,81
AP9000803,WO700690,5115,1008,CSP2,All Day,2026-04-03T08:00:00,2026-04-03T16:00:00,2026-04-03T08:03:00,Y,Completed,1,72
AP9000804,WO700691,5166,1008,CSP2,AM,2026-04-03T08:00:00,2026-04-03T12:00:00,2026-04-03T08:08:00,Y,Completed,1,72
AP9000805,WO700692,5116,1006,CSP2,PM,2026-04-03T12:00:00,2026-04-03T16:00:00,2026-04-03T11:58:00,N,No Access,1,65
AP9000806,WO700692,5116,1006,CSP2,All Day,2026-04-06T08:00:00,2026-04-06T16:00:00,2026-04-06T08:03:00,Y,Completed,2,65
AP9000807,WO700693,5136,1008,CSP2,AM,2026-04-03T08:00:00,2026-04-03T12:00:00,2026-04-03T08:14:00,Y,Completed,1,42
AP9000808,WO700695,5193,1006,CSP2,All Day,2026-04-03T08:00:00,2026-04-03T16:00:00,2026-04-03T08:15:00,Y,Completed,1,88
AP9000809,WO700696,5114,1008,CSP2,All Day,2026-04-03T08:00:00,2026-04-03T16:00:00,2026-04-03T08:11:00,Y,Completed,1,43
AP9000810,WO700697,5141,1008,CSP2,PM,2026-04-03T12:00:00,2026-04-03T16:00:00,2026-04-03T11:58:00,N,Completed,1,75
AP9000811,WO700698,5106,1007,CSP2,All Day,2026-04-03T08:00:00,2026-04-03T16:00:00,2026-04-03T08:15:00,Y,Completed,1,53
AP9000812,WO700699,5157,1007,CSP2,PM,2026-04-03T12:00:00,2026-04-03T16:00:00,2026-04-03T12:16:00,Y,Completed,1,74
AP9000813,WO700700,5161,1008,CSP2,AM,2026-04-03T08:00:00,2026-04-03T12:00:00,2026-04-03T08:02:00,Y,Completed,1,71
AP9000814,WO700701,5187,1009,CSP2,PM,2026-04-03T12:00:00,2026-04-03T16:00:00,2026-04-03T12:14:00,Y,Completed,1,44
AP9000815,WO700702,5122,1006,CSP2,PM,2026-04-03T12:00:00,2026-04-03T16:00:00,2026-04-03T11:59:00,N,Completed,1,57
AP9000816,WO700703,5155,1009,CSP2,AM,2026-04-03T08:00:00,2026-04-03T12:00:00,2026-04-03T08:00:00,Y,Completed,1,115
AP9000817,WO700704,5152,1006,CSP2,AM,2026-04-03T08:00:00,2026-04-03T12:00:00,2026-04-03T07:55:00,N,Completed,1,92
AP9000818,WO700704,5152,1006,CSP2,PM,2026-04-06T12:00:00,2026-04-06T16:00:00,2026-04-06T12:02:00,Y,Completed,2,96
AP9000819,WO700705,5259,1011,CSP4,AM,2026-04-03T08:00:00,2026-04-03T12:00:00,2026-04-03T08:16:00,Y,Completed,1,55
AP9000820,WO700706,5207,1013,CSP4,All Day,2026-04-03T08:00:00,2026-04-03T16:00:00,2026-04-03T07:53:00,N,No Access,1,69
AP9000821,WO700706,5207,1013,CSP4,AM,2026-04-06T08:00:00,2026-04-06T12:00:00,2026-04-06T07:50:00,N,Completed,2,45
AP9000822,WO700707,5280,1011,CSP4,PM,2026-04-03T12:00:00,2026-04-03T16:00:00,2026-04-03T12:05:00,Y,Completed,1,64
AP9000823,WO700709,5298,1012,CSP4,All Day,2026-04-03T08:00:00,2026-04-03T16:00:00,2026-04-03T08:09:00,Y,Completed,1,73
AP9000824,WO700710,5259,1011,CSP4,All Day,2026-04-03T08:00:00,2026-04-03T16:00:00,2026-04-03T08:01:00,Y,No Access,1,55
AP9000825,WO700710,5259,1011,CSP4,PM,2026-04-06T12:00:00,2026-04-06T16:00:00,2026-04-06T12:17:00,Y,Completed,2,76
AP9000826,WO700711,5240,1013,CSP4,AM,2026-04-03T08:00:00,2026-04-03T12:00:00,2026-04-03T07:51:00,N,Completed,1,89
AP9000827,WO700711,5240,1013,CSP4,AM,2026-04-06T08:00:00,2026-04-06T12:00:00,2026-04-06T07:51:00,N,Completed,2,57
AP9000828,WO700712,5261,1014,CSP4,AM,2026-04-03T08:00:00,2026-04-03T12:00:00,2026-04-03T08:08:00,Y,Completed,1,38
AP9000829,WO700713,5279,1013,CSP4,All Day,2026-04-03T08:00:00,2026-04-03T16:00:00,2026-04-03T07:56:00,N,Completed,1,126
AP9000830,WO700713,5279,1013,CSP4,PM,2026-04-06T12:00:00,2026-04-06T16:00:00,2026-04-06T11:59:00,N,Completed,2,42
AP9000831,WO700714,5245,1013,CSP4,All Day,2026-04-03T08:00:00,2026-04-03T16:00:00,2026-04-03T07:56:00,N,Completed,1,106
AP9000832,WO700715,5245,1013,CSP4,PM,2026-04-03T12:00:00,2026-04-03T16:00:00,2026-04-03T12:04:00,Y,Completed,1,20
AP9000833,WO700716,5240,1014,CSP4,All Day,2026-04-03T08:00:00,2026-04-03T16:00:00,2026-04-03T08:19:00,Y,Completed,1,87
AP9000834,WO700717,5266,1014,CSP4,All Day,2026-04-03T08:00:00,2026-04-03T16:00:00,2026-04-03T08:15:00,Y,Completed,1,76
AP9000835,WO700718,5242,1011,CSP4,All Day,2026-04-03T08:00:00,2026-04-03T16:00:00,2026-04-03T08:14:00,Y,Completed,1,81
AP9000836,WO700719,5286,1011,CSP4,AM,2026-04-03T08:00:00,2026-04-03T12:00:00,2026-04-03T07:58:00,N,Completed,1,98
AP9000837,WO700720,5210,1013,CSP4,PM,2026-04-03T12:00:00,2026-04-03T16:00:00,2026-04-03T11:54:00,N,Completed,1,68
AP9000838,WO700720,5210,1013,CSP4,PM,2026-04-06T12:00:00,2026-04-06T16:00:00,2026-04-06T11:58:00,N,Completed,2,70
AP9000839,WO700721,5296,1014,CSP4,All Day,2026-04-03T08:00:00,2026-04-03T16:00:00,2026-04-03T08:18:00,Y,Completed,1,116
AP9000840,WO700722,5261,1013,CSP4,AM,2026-04-03T08:00:00,2026-04-03T12:00:00,2026-04-03T08:02:00,Y,Completed,1,55
AP9000841,WO700723,5285,1012,CSP4,AM,2026-04-03T08:00:00,2026-04-03T12:00:00,2026-04-03T08:00:00,Y,Completed,1,104
AP9000842,WO700724,5224,1014,CSP4,AM,2026-04-03T08:00:00,2026-04-03T12:00:00,2026-04-03T08:00:00,Y,Completed,1,56
AP9000843,WO700725,5296,1012,CSP4,AM,2026-04-03T08:00:00,2026-04-03T12:00:00,2026-04-03T08:20:00,Y,Completed,1,77
AP9000844,WO700725,5296,1012,CSP4,AM,2026-04-06T08:00:00,2026-04-06T12:00:00,2026-04-06T07:56:00,N,Completed,2,77
AP9000845,WO700726,5294,1013,CSP4,PM,2026-04-03T12:00:00,2026-04-03T16:00:00,2026-04-03T12:15:00,Y,Completed,1,73
AP9000846,WO700726,5294,1013,CSP4,PM,2026-04-06T12:00:00,2026-04-06T16:00:00,2026-04-06T11:59:00,N,Completed,2,96
AP9000847,WO700727,5056,1003,CSP1,PM,2026-04-06T12:00:00,2026-04-06T16:00:00,2026-04-06T12:09:00,Y,Completed,1,79
AP9000848,WO700729,5040,1002,CSP1,All Day,2026-04-06T08:00:00,2026-04-06T16:00:00,2026-04-06T07:57:00,N,Completed,1,101
AP9000849,WO700732,5053,1004,CSP1,AM,2026-04-06T08:00:00,2026-04-06T12:00:00,2026-04-06T07:54:00,N,Completed,1,65
AP9000850,WO700733,5015,1002,CSP1,All Day,2026-04-06T08:00:00,2026-04-06T16:00:00,2026-04-06T08:16:00,Y,Completed,1,114
AP9000851,WO700734,5012,1001,CSP1,AM,2026-04-06T08:00:00,2026-04-06T12:00:00,2026-04-06T08:13:00,Y,No Access,1,75
AP9000852,WO700734,5012,1001,CSP1,AM,2026-04-08T08:00:00,2026-04-08T12:00:00,2026-04-08T08:20:00,Y,Completed,2,88
AP9000853,WO700735,5096,1001,CSP1,All Day,2026-04-06T08:00:00,2026-04-06T16:00:00,2026-04-06T08:14:00,Y,Completed,1,20
AP9000854,WO700736,5033,1004,CSP1,PM,2026-04-06T12:00:00,2026-04-06T16:00:00,2026-04-06T11:55:00,N,Completed,1,84
AP9000855,WO700737,5036,1003,CSP1,All Day,2026-04-06T08:00:00,2026-04-06T16:00:00,2026-04-06T08:10:00,Y,Completed,1,56
AP9000856,WO700738,5095,1003,CSP1,All Day,2026-04-06T08:00:00,2026-04-06T16:00:00,2026-04-06T08:11:00,Y,Completed,1,69
AP9000857,WO700739,5090,1003,CSP1,AM,2026-04-06T08:00:00,2026-04-06T12:00:00,2026-04-06T07:55:00,N,Completed,1,56
AP9000858,WO700740,5051,1003,CSP1,AM,2026-04-06T08:00:00,2026-04-06T12:00:00,2026-04-06T08:12:00,Y,Completed,1,64
AP9000859,WO700741,5057,1001,CSP1,PM,2026-04-06T12:00:00,2026-04-06T16:00:00,2026-04-06T11:53:00,N,No Access,1,97
AP9000860,WO700741,5057,1001,CSP1,PM,2026-04-08T12:00:00,2026-04-08T16:00:00,2026-04-08T12:09:00,Y,Completed,2,71
AP9000861,WO700742,5100,1001,CSP1,AM,2026-04-06T08:00:00,2026-04-06T12:00:00,2026-04-06T08:00:00,Y,Completed,1,101
AP9000862,WO700743,5021,1003,CSP1,PM,2026-04-06T12:00:00,2026-04-06T16:00:00,2026-04-06T12:09:00,Y,Completed,1,59
AP9000863,WO700744,5089,1004,CSP1,PM,2026-04-06T12:00:00,2026-04-06T16:00:00,2026-04-06T11:59:00,N,Completed,1,72
AP9000864,WO700745,5052,1002,CSP1,PM,2026-04-06T12:00:00,2026-04-06T16:00:00,2026-04-06T12:14:00,Y,Completed,1,92
AP9000865,WO700746,5099,1004,CSP1,All Day,2026-04-06T08:00:00,2026-04-06T16:00:00,2026-04-06T08:13:00,Y,Completed,1,73
AP9000866,WO700747,5023,1004,CSP1,AM,2026-04-06T08:00:00,2026-04-06T12:00:00,2026-04-06T08:01:00,Y,Completed,1,34
AP9000867,WO700748,5074,1004,CSP1,AM,2026-04-06T08:00:00,2026-04-06T12:00:00,2026-04-06T07:58:00,N,Completed,1,61
AP9000868,WO700749,5160,1008,CSP2,AM,2026-04-06T08:00:00,2026-04-06T12:00:00,2026-04-06T08:05:00,Y,Completed,1,127
AP9000869,WO700750,5112,1006,CSP2,AM,2026-04-06T08:00:00,2026-04-06T12:00:00,2026-04-06T07:56:00,N,Completed,1,87
AP9000870,WO700751,5159,1006,CSP2,All Day,2026-04-06T08:00:00,2026-04-06T16:00:00,2026-04-06T07:56:00,N,Completed,1,87
AP9000871,WO700752,5196,1007,CSP2,PM,2026-04-06T12:00:00,2026-04-06T16:00:00,2026-04-06T12:19:00,Y,Completed,1,102
AP9000872,WO700753,5187,1007,CSP2,All Day,2026-04-06T08:00:00,2026-04-06T16:00:00,2026-04-06T07:52:00,N,Completed,1,81
AP9000873,WO700754,5158,1007,CSP2,PM,2026-04-06T12:00:00,2026-04-06T16:00:00,2026-04-06T12:07:00,Y,Completed,1,71
AP9000874,WO700755,5189,1009,CSP2,AM,2026-04-06T08:00:00,2026-04-06T12:00:00,2026-04-06T08:00:00,Y,No Access,1,75
AP9000875,WO700755,5189,1009,CSP2,All Day,2026-04-08T08:00:00,2026-04-08T16:00:00,2026-04-08T07:52:00,N,Completed,2,70
AP9000876,WO700756,5108,1009,CSP2,PM,2026-04-06T12:00:00,2026-04-06T16:00:00,2026-04-06T12:16:00,Y,Completed,1,86
AP9000877,WO700757,5177,1008,CSP2,All Day,2026-04-06T08:00:00,2026-04-06T16:00:00,2026-04-06T07:57:00,N,Completed,1,30
AP9000878,WO700758,5172,1006,CSP2,All Day,2026-04-06T08:00:00,2026-04-06T16:00:00,2026-04-06T08:08:00,Y,Completed,1,79
AP9000879,WO700759,5112,1008,CSP2,PM,2026-04-06T12:00:00,2026-04-06T16:00:00,2026-04-06T12:11:00,Y,No Access,1,54
AP9000880,WO700759,5112,1008,CSP2,PM,2026-04-08T12:00:00,2026-04-08T16:00:00,2026-04-08T12:05:00,Y,Completed,2,77
AP9000881,WO700760,5136,1009,CSP2,PM,2026-04-06T12:00:00,2026-04-06T16:00:00,2026-04-06T12:13:00,Y,Completed,1,64
AP9000882,WO700761,5141,1006,CSP2,PM,2026-04-06T12:00:00,2026-04-06T16:00:00,2026-04-06T11:57:00,N,No Access,1,85
AP9000883,WO700761,5141,1006,CSP2,AM,2026-04-08T08:00:00,2026-04-08T12:00:00,2026-04-08T08:16:00,Y,Completed,2,48
AP9000884,WO700762,5185,1009,CSP2,All Day,2026-04-06T08:00:00,2026-04-06T16:00:00,2026-04-06T08:15:00,Y,Completed,1,95
AP9000885,WO700763,5160,1008,CSP2,AM,2026-04-06T08:00:00,2026-04-06T12:00:00,2026-04-06T08:09:00,Y,Completed,1,46
AP9000886,WO700764,5163,1006,CSP2,AM,2026-04-06T08:00:00,2026-04-06T12:00:00,2026-04-06T07:51:00,N,Completed,1,57
AP9000887,WO700765,5124,1008,CSP2,PM,2026-04-06T12:00:00,2026-04-06T16:00:00,2026-04-06T11:57:00,N,Completed,1,47
AP9000888,WO700766,5101,1008,CSP2,AM,2026-04-06T08:00:00,2026-04-06T12:00:00,2026-04-06T07:53:00,N,Completed,1,60
AP9000889,WO700767,5143,1009,CSP2,All Day,2026-04-06T08:00:00,2026-04-06T16:00:00,2026-04-06T08:06:00,Y,Completed,1,69
AP9000890,WO700768,5142,1009,CSP2,PM,2026-04-06T12:00:00,2026-04-06T16:00:00,2026-04-06T12:13:00,Y,Completed,1,94
AP9000891,WO700769,5185,1008,CSP2,All Day,2026-04-06T08:00:00,2026-04-06T16:00:00,2026-04-06T08:14:00,Y,Completed,1,54
AP9000892,WO700769,5185,1008,CSP2,PM,2026-04-08T12:00:00,2026-04-08T16:00:00,2026-04-08T12:04:00,Y,Completed,2,56
AP9000893,WO700770,5194,1008,CSP2,PM,2026-04-06T12:00:00,2026-04-06T16:00:00,2026-04-06T12:00:00,Y,Completed,1,53
AP9000894,WO700771,5271,1012,CSP4,All Day,2026-04-06T08:00:00,2026-04-06T16:00:00,2026-04-06T08:13:00,Y,Completed,1,50
AP9000895,WO700772,5227,1011,CSP4,AM,2026-04-06T08:00:00,2026-04-06T12:00:00,2026-04-06T07:54:00,N,Completed,1,112
AP9000896,WO700773,5263,1011,CSP4,AM,2026-04-06T08:00:00,2026-04-06T12:00:00,2026-04-06T07:59:00,N,Completed,1,92
AP9000897,WO700774,5248,1012,CSP4,All Day,2026-04-06T08:00:00,2026-04-06T16:00:00,2026-04-06T08:09:00,Y,Completed,1,97
AP9000898,WO700775,5297,1011,CSP4,PM,2026-04-06T12:00:00,2026-04-06T16:00:00,2026-04-06T12:14:00,Y,Completed,1,59
AP9000899,WO700776,5260,1013,CSP4,PM,2026-04-06T12:00:00,2026-04-06T16:00:00,2026-04-06T12:19:00,Y,Completed,1,69
AP9000900,WO700777,5260,1012,CSP4,PM,2026-04-06T12:00:00,2026-04-06T16:00:00,2026-04-06T12:05:00,Y,Completed,1,85
AP9000901,WO700778,5232,1012,CSP4,All Day,2026-04-06T08:00:00,2026-04-06T16:00:00,2026-04-06T08:02:00,Y,Completed,1,86
AP9000902,WO700779,5255,1012,CSP4,All Day,2026-04-06T08:00:00,2026-04-06T16:00:00,2026-04-06T07:50:00,N,Completed,1,73
AP9000903,WO700780,5299,1013,CSP4,PM,2026-04-06T12:00:00,2026-04-06T16:00:00,2026-04-06T12:17:00,Y,Completed,1,32
AP9000904,WO700781,5211,1014,CSP4,All Day,2026-04-06T08:00:00,2026-04-06T16:00:00,2026-04-06T07:52:00,N,Completed,1,65
AP9000905,WO700782,5234,1013,CSP4,All Day,2026-04-06T08:00:00,2026-04-06T16:00:00,2026-04-06T07:50:00,N,Completed,1,79
AP9000906,WO700783,5234,1012,CSP4,AM,2026-04-06T08:00:00,2026-04-06T12:00:00,2026-04-06T08:04:00,Y,No Access,1,71
AP9000907,WO700783,5234,1012,CSP4,PM,2026-04-08T12:00:00,2026-04-08T16:00:00,2026-04-08T12:08:00,Y,Completed,2,95
AP9000908,WO700784,5289,1014,CSP4,PM,2026-04-06T12:00:00,2026-04-06T16:00:00,2026-04-06T12:08:00,Y,Completed,1,81
AP9000909,WO700785,5279,1013,CSP4,AM,2026-04-06T08:00:00,2026-04-06T12:00:00,2026-04-06T08:10:00,Y,Completed,1,85
AP9000910,WO700786,5202,1011,CSP4,All Day,2026-04-06T08:00:00,2026-04-06T16:00:00,2026-04-06T08:04:00,Y,Completed,1,55
AP9000911,WO700787,5284,1011,CSP4,All Day,2026-04-06T08:00:00,2026-04-06T16:00:00,2026-04-06T08:00:00,Y,Completed,1,92
AP9000912,WO700787,5284,1011,CSP4,All Day,2026-04-08T08:00:00,2026-04-08T16:00:00,2026-04-08T08:13:00,Y,Completed,2,92
AP9000913,WO700788,5261,1012,CSP4,All Day,2026-04-06T08:00:00,2026-04-06T16:00:00,2026-04-06T07:52:00,N,Completed,1,137
AP9000914,WO700789,5203,1014,CSP4,PM,2026-04-06T12:00:00,2026-04-06T16:00:00,2026-04-06T11:54:00,N,Completed,1,79
AP9000915,WO700790,5214,1013,CSP4,PM,2026-04-06T12:00:00,2026-04-06T16:00:00,2026-04-06T11:53:00,N,Completed,1,76
AP9000916,WO700791,5263,1013,CSP4,All Day,2026-04-06T08:00:00,2026-04-06T16:00:00,2026-04-06T08:15:00,Y,Completed,1,101
AP9000917,WO700792,5230,1011,CSP4,AM,2026-04-06T08:00:00,2026-04-06T12:00:00,2026-04-06T07:59:00,N,Completed,1,50
AP9000918,WO700793,5061,1004,CSP1,AM,2026-04-07T08:00:00,2026-04-07T12:00:00,2026-04-07T08:02:00,Y,Completed,1,120
AP9000919,WO700794,5093,1003,CSP1,All Day,2026-04-07T08:00:00,2026-04-07T16:00:00,2026-04-07T08:15:00,Y,Completed,1,81
AP9000920,WO700795,5078,1004,CSP1,AM,2026-04-07T08:00:00,2026-04-07T12:00:00,2026-04-07T08:19:00,Y,Completed,1,46
AP9000921,WO700796,5095,1002,CSP1,All Day,2026-04-07T08:00:00,2026-04-07T16:00:00,2026-04-07T08:01:00,Y,Completed,1,41
AP9000922,WO700797,5086,1002,CSP1,PM,2026-04-07T12:00:00,2026-04-07T16:00:00,2026-04-07T11:57:00,N,Completed,1,72
AP9000923,WO700798,5064,1001,CSP1,All Day,2026-04-07T08:00:00,2026-04-07T16:00:00,2026-04-07T07:50:00,N,No Access,1,53
AP9000924,WO700798,5064,1001,CSP1,PM,2026-04-09T12:00:00,2026-04-09T16:00:00,2026-04-09T11:52:00,N,Completed,2,52
AP9000925,WO700799,5023,1003,CSP1,PM,2026-04-07T12:00:00,2026-04-07T16:00:00,2026-04-07T12:11:00,Y,Completed,1,75
AP9000926,WO700800,5063,1004,CSP1,AM,2026-04-07T08:00:00,2026-04-07T12:00:00,2026-04-07T08:08:00,Y,No Access,1,111
AP9000927,WO700800,5063,1004,CSP1,PM,2026-04-09T12:00:00,2026-04-09T16:00:00,2026-04-09T12:08:00,Y,Completed,2,84
AP9000928,WO700801,5089,1001,CSP1,PM,2026-04-07T12:00:00,2026-04-07T16:00:00,2026-04-07T11:59:00,N,No Access,1,96
AP9000929,WO700801,5089,1001,CSP1,AM,2026-04-09T08:00:00,2026-04-09T12:00:00,2026-04-09T08:02:00,Y,Completed,2,108
AP9000930,WO700802,5097,1002,CSP1,PM,2026-04-07T12:00:00,2026-04-07T16:00:00,2026-04-07T12:05:00,Y,Completed,1,65
AP9000931,WO700803,5006,1001,CSP1,AM,2026-04-07T08:00:00,2026-04-07T12:00:00,2026-04-07T08:07:00,Y,Completed,1,20
AP9000932,WO700804,5057,1004,CSP1,AM,2026-04-07T08:00:00,2026-04-07T12:00:00,2026-04-07T08:00:00,Y,Completed,1,27
AP9000933,WO700805,5026,1003,CSP1,AM,2026-04-07T08:00:00,2026-04-07T12:00:00,2026-04-07T08:06:00,Y,Completed,1,61
AP9000934,WO700805,5026,1003,CSP1,AM,2026-04-09T08:00:00,2026-04-09T12:00:00,2026-04-09T08:16:00,Y,Completed,2,88
AP9000935,WO700806,5065,1004,CSP1,AM,2026-04-07T08:00:00,2026-04-07T12:00:00,2026-04-07T07:51:00,N,Completed,1,102
AP9000936,WO700807,5097,1003,CSP1,All Day,2026-04-07T08:00:00,2026-04-07T16:00:00,2026-04-07T08:18:00,Y,Completed,1,53
AP9000937,WO700809,5044,1003,CSP1,PM,2026-04-07T12:00:00,2026-04-07T16:00:00,2026-04-07T12:16:00,Y,Completed,1,68
AP9000938,WO700810,5083,1001,CSP1,AM,2026-04-07T08:00:00,2026-04-07T12:00:00,2026-04-07T08:11:00,Y,Completed,1,142
AP9000939,WO700810,5083,1001,CSP1,All Day,2026-04-09T08:00:00,2026-04-09T16:00:00,2026-04-09T07:50:00,N,Completed,2,121
AP9000940,WO700811,5038,1002,CSP1,PM,2026-04-07T12:00:00,2026-04-07T16:00:00,2026-04-07T12:03:00,Y,Completed,1,127
AP9000941,WO700812,5045,1002,CSP1,All Day,2026-04-07T08:00:00,2026-04-07T16:00:00,2026-04-07T08:17:00,Y,Completed,1,103
AP9000942,WO700813,5027,1004,CSP1,AM,2026-04-07T08:00:00,2026-04-07T12:00:00,2026-04-07T08:06:00,Y,Completed,1,96
AP9000943,WO700814,5052,1002,CSP1,All Day,2026-04-07T08:00:00,2026-04-07T16:00:00,2026-04-07T08:00:00,Y,Completed,1,90
AP9000944,WO700815,5117,1006,CSP2,PM,2026-04-07T12:00:00,2026-04-07T16:00:00,2026-04-07T12:05:00,Y,Completed,1,20
AP9000945,WO700816,5182,1006,CSP2,All Day,2026-04-07T08:00:00,2026-04-07T16:00:00,2026-04-07T07:55:00,N,Completed,1,89
AP9000946,WO700817,5193,1009,CSP2,PM,2026-04-07T12:00:00,2026-04-07T16:00:00,2026-04-07T12:17:00,Y,No Access,1,102
AP9000947,WO700817,5193,1009,CSP2,PM,2026-04-09T12:00:00,2026-04-09T16:00:00,2026-04-09T12:14:00,Y,Completed,2,86
AP9000948,WO700818,5116,1008,CSP2,All Day,2026-04-07T08:00:00,2026-04-07T16:00:00,2026-04-07T08:13:00,Y,Completed,1,72
AP9000949,WO700819,5131,1007,CSP2,PM,2026-04-07T12:00:00,2026-04-07T16:00:00,2026-04-07T11:53:00,N,Completed,1,73
AP9000950,WO700819,5131,1007,CSP2,All Day,2026-04-09T08:00:00,2026-04-09T16:00:00,2026-04-09T08:20:00,Y,Completed,2,91
AP9000951,WO700820,5187,1006,CSP2,AM,2026-04-07T08:00:00,2026-04-07T12:00:00,2026-04-07T08:14:00,Y,Completed,1,39
AP9000952,WO700822,5117,1006,CSP2,AM,2026-04-07T08:00:00,2026-04-07T12:00:00,2026-04-07T07:59:00,N,Completed,1,106
AP9000953,WO700823,5151,1006,CSP2,All Day,2026-04-07T08:00:00,2026-04-07T16:00:00,2026-04-07T08:05:00,Y,Completed,1,49
AP9000954,WO700823,5151,1006,CSP2,All Day,2026-04-09T08:00:00,2026-04-09T16:00:00,2026-04-09T08:01:00,Y,Completed,2,66
AP9000955,WO700824,5154,1007,CSP2,All Day,2026-04-07T08:00:00,2026-04-07T16:00:00,2026-04-07T07:57:00,N,Completed,1,40
AP9000956,WO700824,5154,1007,CSP2,PM,2026-04-09T12:00:00,2026-04-09T16:00:00,2026-04-09T11:50:00,N,Completed,2,98
AP9000957,WO700825,5116,1006,CSP2,AM,2026-04-07T08:00:00,2026-04-07T12:00:00,2026-04-07T08:12:00,Y,No Access,1,78
AP9000958,WO700825,5116,1006,CSP2,AM,2026-04-09T08:00:00,2026-04-09T12:00:00,2026-04-09T08:20:00,Y,Completed,2,75
AP9000959,WO700826,5178,1007,CSP2,All Day,2026-04-07T08:00:00,2026-04-07T16:00:00,2026-04-07T08:16:00,Y,Completed,1,121
AP9000960,WO700826,5178,1007,CSP2,AM,2026-04-09T08:00:00,2026-04-09T12:00:00,2026-04-09T08:07:00,Y,Completed,2,27
AP9000961,WO700829,5106,1007,CSP2,PM,2026-04-07T12:00:00,2026-04-07T16:00:00,2026-04-07T11:58:00,N,Completed,1,90
AP9000962,WO700830,5193,1006,CSP2,All Day,2026-04-07T08:00:00,2026-04-07T16:00:00,2026-04-07T08:17:00,Y,Completed,1,20
AP9000963,WO700830,5193,1006,CSP2,AM,2026-04-09T08:00:00,2026-04-09T12:00:00,2026-04-09T08:18:00,Y,Completed,2,80
AP9000964,WO700831,5194,1009,CSP2,PM,2026-04-07T12:00:00,2026-04-07T16:00:00,2026-04-07T11:54:00,N,Completed,1,78
AP9000965,WO700832,5170,1008,CSP2,AM,2026-04-07T08:00:00,2026-04-07T12:00:00,2026-04-07T07:50:00,N,Completed,1,110
AP9000966,WO700833,5174,1008,CSP2,AM,2026-04-07T08:00:00,2026-04-07T12:00:00,2026-04-07T08:08:00,Y,Completed,1,88
AP9000967,WO700834,5197,1008,CSP2,PM,2026-04-07T12:00:00,2026-04-07T16:00:00,2026-04-07T12:14:00,Y,Completed,1,76
AP9000968,WO700835,5169,1009,CSP2,All Day,2026-04-07T08:00:00,2026-04-07T16:00:00,2026-04-07T08:09:00,Y,Completed,1,106
AP9000969,WO700836,5157,1007,CSP2,AM,2026-04-07T08:00:00,2026-04-07T12:00:00,2026-04-07T08:14:00,Y,Completed,1,64
AP9000970,WO700837,5244,1014,CSP4,AM,2026-04-07T08:00:00,2026-04-07T12:00:00,2026-04-07T08:13:00,Y,Completed,1,135
AP9000971,WO700838,5213,1013,CSP4,All Day,2026-04-07T08:00:00,2026-04-07T16:00:00,2026-04-07T08:03:00,Y,Completed,1,79
AP9000972,WO700839,5287,1014,CSP4,PM,2026-04-07T12:00:00,2026-04-07T16:00:00,2026-04-07T12:15:00,Y,Completed,1,89
AP9000973,WO700841,5231,1013,CSP4,AM,2026-04-07T08:00:00,2026-04-07T12:00:00,2026-04-07T07:58:00,N,Completed,1,94
AP9000974,WO700842,5271,1012,CSP4,PM,2026-04-07T12:00:00,2026-04-07T16:00:00,2026-04-07T11:53:00,N,Completed,1,41
AP9000975,WO700843,5276,1011,CSP4,AM,2026-04-07T08:00:00,2026-04-07T12:00:00,2026-04-07T07:56:00,N,Completed,1,64
AP9000976,WO700844,5282,1014,CSP4,AM,2026-04-07T08:00:00,2026-04-07T12:00:00,2026-04-07T07:51:00,N,Completed,1,103
AP9000977,WO700845,5255,1012,CSP4,All Day,2026-04-07T08:00:00,2026-04-07T16:00:00,2026-04-07T08:02:00,Y,Completed,1,40
AP9000978,WO700846,5222,1012,CSP4,AM,2026-04-07T08:00:00,2026-04-07T12:00:00,2026-04-07T07:51:00,N,Completed,1,86
AP9000979,WO700848,5212,1012,CSP4,PM,2026-04-07T12:00:00,2026-04-07T16:00:00,2026-04-07T12:18:00,Y,Completed,1,87
AP9000980,WO700849,5265,1013,CSP4,AM,2026-04-07T08:00:00,2026-04-07T12:00:00,2026-04-07T08:03:00,Y,Completed,1,37
AP9000981,WO700850,5232,1011,CSP4,AM,2026-04-07T08:00:00,2026-04-07T12:00:00,2026-04-07T08:00:00,Y,Completed,1,53
AP9000982,WO700850,5232,1011,CSP4,AM,2026-04-09T08:00:00,2026-04-09T12:00:00,2026-04-09T07:53:00,N,Completed,2,78
AP9000983,WO700851,5201,1012,CSP4,PM,2026-04-07T12:00:00,2026-04-07T16:00:00,2026-04-07T12:20:00,Y,Completed,1,94
AP9000984,WO700852,5298,1014,CSP4,AM,2026-04-07T08:00:00,2026-04-07T12:00:00,2026-04-07T08:09:00,Y,Completed,1,20
AP9000985,WO700853,5286,1012,CSP4,AM,2026-04-07T08:00:00,2026-04-07T12:00:00,2026-04-07T08:10:00,Y,Completed,1,60
AP9000986,WO700855,5236,1014,CSP4,All Day,2026-04-07T08:00:00,2026-04-07T16:00:00,2026-04-07T07:51:00,N,Completed,1,79
AP9000987,WO700856,5264,1014,CSP4,AM,2026-04-07T08:00:00,2026-04-07T12:00:00,2026-04-07T08:10:00,Y,Completed,1,64
AP9000988,WO700857,5282,1013,CSP4,PM,2026-04-07T12:00:00,2026-04-07T16:00:00,2026-04-07T12:17:00,Y,Completed,1,83
AP9000989,WO700858,5273,1013,CSP4,All Day,2026-04-07T08:00:00,2026-04-07T16:00:00,2026-04-07T08:03:00,Y,Completed,1,97
AP9000990,WO700858,5273,1013,CSP4,All Day,2026-04-09T08:00:00,2026-04-09T16:00:00,2026-04-09T07:55:00,N,Completed,2,93
AP9000991,WO700859,5067,1001,CSP1,PM,2026-04-08T12:00:00,2026-04-08T16:00:00,2026-04-08T12:16:00,Y,Completed,1,94
AP9000992,WO700860,5059,1001,CSP1,AM,2026-04-08T08:00:00,2026-04-08T12:00:00,2026-04-08T08:16:00,Y,Completed,1,75
AP9000993,WO700861,5053,1003,CSP1,PM,2026-04-08T12:00:00,2026-04-08T16:00:00,2026-04-08T12:17:00,Y,Completed,1,87
AP9000994,WO700862,5029,1002,CSP1,AM,2026-04-08T08:00:00,2026-04-08T12:00:00,2026-04-08T08:10:00,Y,Completed,1,22
AP9000995,WO700863,5074,1002,CSP1,PM,2026-04-08T12:00:00,2026-04-08T16:00:00,2026-04-08T11:55:00,N,Completed,1,82
AP9000996,WO700866,5043,1002,CSP1,All Day,2026-04-08T08:00:00,2026-04-08T16:00:00,2026-04-08T08:19:00,Y,Completed,1,107
AP9000997,WO700867,5075,1001,CSP1,All Day,2026-04-08T08:00:00,2026-04-08T16:00:00,2026-04-08T07:58:00,N,Completed,1,73
AP9000998,WO700867,5075,1001,CSP1,PM,2026-04-10T12:00:00,2026-04-10T16:00:00,2026-04-10T12:18:00,Y,Completed,2,47
AP9000999,WO700868,5017,1001,CSP1,AM,2026-04-08T08:00:00,2026-04-08T12:00:00,2026-04-08T08:11:00,Y,Completed,1,89
AP9001000,WO700869,5008,1001,CSP1,AM,2026-04-08T08:00:00,2026-04-08T12:00:00,2026-04-08T08:19:00,Y,Completed,1,107
AP9001001,WO700870,5077,1004,CSP1,AM,2026-04-08T08:00:00,2026-04-08T12:00:00,2026-04-08T08:10:00,Y,Completed,1,29
AP9001002,WO700871,5087,1001,CSP1,All Day,2026-04-08T08:00:00,2026-04-08T16:00:00,2026-04-08T07:54:00,N,Completed,1,84
AP9001003,WO700872,5076,1003,CSP1,All Day,2026-04-08T08:00:00,2026-04-08T16:00:00,2026-04-08T08:01:00,Y,Completed,1,54
AP9001004,WO700873,5057,1002,CSP1,AM,2026-04-08T08:00:00,2026-04-08T12:00:00,2026-04-08T07:53:00,N,Completed,1,63
AP9001005,WO700874,5084,1001,CSP1,PM,2026-04-08T12:00:00,2026-04-08T16:00:00,2026-04-08T12:20:00,Y,Completed,1,104
AP9001006,WO700875,5048,1002,CSP1,PM,2026-04-08T12:00:00,2026-04-08T16:00:00,2026-04-08T12:07:00,Y,No Access,1,60
AP9001007,WO700875,5048,1002,CSP1,PM,2026-04-10T12:00:00,2026-04-10T16:00:00,2026-04-10T12:14:00,Y,Completed,2,63
AP9001008,WO700876,5007,1004,CSP1,PM,2026-04-08T12:00:00,2026-04-08T16:00:00,2026-04-08T12:05:00,Y,No Access,1,36
AP9001009,WO700876,5007,1004,CSP1,All Day,2026-04-10T08:00:00,2026-04-10T16:00:00,2026-04-10T08:03:00,Y,Completed,2,88
AP9001010,WO700877,5086,1004,CSP1,AM,2026-04-08T08:00:00,2026-04-08T12:00:00,2026-04-08T07:56:00,N,Completed,1,22
AP9001011,WO700878,5043,1001,CSP1,AM,2026-04-08T08:00:00,2026-04-08T12:00:00,2026-04-08T08:06:00,Y,Completed,1,53
AP9001012,WO700879,5001,1002,CSP1,PM,2026-04-08T12:00:00,2026-04-08T16:00:00,2026-04-08T12:16:00,Y,Completed,1,71
AP9001013,WO700881,5115,1006,CSP2,All Day,2026-04-08T08:00:00,2026-04-08T16:00:00,2026-04-08T07:53:00,N,Completed,1,48
AP9001014,WO700882,5126,1007,CSP2,AM,2026-04-08T08:00:00,2026-04-08T12:00:00,2026-04-08T08:03:00,Y,Completed,1,62
AP9001015,WO700883,5123,1006,CSP2,PM,2026-04-08T12:00:00,2026-04-08T16:00:00,2026-04-08T12:08:00,Y,Completed,1,71
AP9001016,WO700884,5115,1007,CSP2,PM,2026-04-08T12:00:00,2026-04-08T16:00:00,2026-04-08T12:09:00,Y,Completed,1,32
AP9001017,WO700884,5115,1007,CSP2,All Day,2026-04-10T08:00:00,2026-04-10T16:00:00,2026-04-10T07:54:00,N,Completed,2,96
AP9001018,WO700885,5168,1008,CSP2,All Day,2026-04-08T08:00:00,2026-04-08T16:00:00,2026-04-08T07:58:00,N,Completed,1,37
AP9001019,WO700885,5168,1008,CSP2,PM,2026-04-10T12:00:00,2026-04-10T16:00:00,2026-04-10T11:58:00,N,Completed,2,20
AP9001020,WO700887,5179,1006,CSP2,AM,2026-04-08T08:00:00,2026-04-08T12:00:00,2026-04-08T08:08:00,Y,Completed,1,94
AP9001021,WO700888,5117,1009,CSP2,PM,2026-04-08T12:00:00,2026-04-08T16:00:00,2026-04-08T11:58:00,N,Completed,1,90
AP9001022,WO700888,5117,1009,CSP2,AM,2026-04-10T08:00:00,2026-04-10T12:00:00,2026-04-10T07:55:00,N,Completed,2,111
AP9001023,WO700889,5179,1007,CSP2,AM,2026-04-08T08:00:00,2026-04-08T12:00:00,2026-04-08T08:13:00,Y,Completed,1,69
AP9001024,WO700890,5123,1006,CSP2,PM,2026-04-08T12:00:00,2026-04-08T16:00:00,2026-04-08T12:18:00,Y,Completed,1,37
AP9001025,WO700891,5152,1007,CSP2,AM,2026-04-08T08:00:00,2026-04-08T12:00:00,2026-04-08T07:50:00,N,Completed,1,79
AP9001026,WO700892,5149,1007,CSP2,PM,2026-04-08T12:00:00,2026-04-08T16:00:00,2026-04-08T12:13:00,Y,Completed,1,76
AP9001027,WO700893,5167,1009,CSP2,PM,2026-04-08T12:00:00,2026-04-08T16:00:00,2026-04-08T11:57:00,N,Completed,1,46
AP9001028,WO700894,5153,1006,CSP2,AM,2026-04-08T08:00:00,2026-04-08T12:00:00,2026-04-08T07:58:00,N,Completed,1,55
AP9001029,WO700895,5110,1006,CSP2,AM,2026-04-08T08:00:00,2026-04-08T12:00:00,2026-04-08T08:08:00,Y,Completed,1,121
AP9001030,WO700896,5130,1007,CSP2,AM,2026-04-08T08:00:00,2026-04-08T12:00:00,2026-04-08T07:54:00,N,Completed,1,61
AP9001031,WO700897,5139,1007,CSP2,PM,2026-04-08T12:00:00,2026-04-08T16:00:00,2026-04-08T12:13:00,Y,Completed,1,93
AP9001032,WO700898,5134,1009,CSP2,All Day,2026-04-08T08:00:00,2026-04-08T16:00:00,2026-04-08T08:12:00,Y,Completed,1,42
AP9001033,WO700898,5134,1009,CSP2,AM,2026-04-10T08:00:00,2026-04-10T12:00:00,2026-04-10T08:02:00,Y,Completed,2,119
AP9001034,WO700899,5175,1006,CSP2,All Day,2026-04-08T08:00:00,2026-04-08T16:00:00,2026-04-08T08:03:00,Y,Completed,1,77
AP9001035,WO700900,5127,1008,CSP2,PM,2026-04-08T12:00:00,2026-04-08T16:00:00,2026-04-08T11:57:00,N,Completed,1,80
AP9001036,WO700901,5111,1008,CSP2,All Day,2026-04-08T08:00:00,2026-04-08T16:00:00,2026-04-08T07:57:00,N,Completed,1,76
AP9001037,WO700902,5104,1006,CSP2,AM,2026-04-08T08:00:00,2026-04-08T12:00:00,2026-04-08T08:13:00,Y,Completed,1,106
AP9001038,WO700903,5246,1011,CSP4,All Day,2026-04-08T08:00:00,2026-04-08T16:00:00,2026-04-08T08:18:00,Y,Completed,1,21
AP9001039,WO700904,5276,1011,CSP4,All Day,2026-04-08T08:00:00,2026-04-08T16:00:00,2026-04-08T08:09:00,Y,Completed,1,52
AP9001040,WO700905,5281,1012,CSP4,All Day,2026-04-08T08:00:00,2026-04-08T16:00:00,2026-04-08T08:20:00,Y,Completed,1,66
AP9001041,WO700907,5289,1012,CSP4,AM,2026-04-08T08:00:00,2026-04-08T12:00:00,2026-04-08T07:56:00,N,No Access,1,45
AP9001042,WO700907,5289,1012,CSP4,All Day,2026-04-10T08:00:00,2026-04-10T16:00:00,2026-04-10T07:50:00,N,Completed,2,40
AP9001043,WO700908,5209,1012,CSP4,PM,2026-04-08T12:00:00,2026-04-08T16:00:00,2026-04-08T12:14:00,Y,Completed,1,76
AP9001044,WO700909,5215,1013,CSP4,PM,2026-04-08T12:00:00,2026-04-08T16:00:00,2026-04-08T12:20:00,Y,Completed,1,100
AP9001045,WO700910,5227,1013,CSP4,PM,2026-04-08T12:00:00,2026-04-08T16:00:00,2026-04-08T12:08:00,Y,Completed,1,90
AP9001046,WO700912,5252,1014,CSP4,AM,2026-04-08T08:00:00,2026-04-08T12:00:00,2026-04-08T08:12:00,Y,Completed,1,62
AP9001047,WO700913,5237,1011,CSP4,All Day,2026-04-08T08:00:00,2026-04-08T16:00:00,2026-04-08T07:54:00,N,Completed,1,71
AP9001048,WO700914,5254,1012,CSP4,All Day,2026-04-08T08:00:00,2026-04-08T16:00:00,2026-04-08T08:14:00,Y,Completed,1,110
AP9001049,WO700915,5273,1011,CSP4,All Day,2026-04-08T08:00:00,2026-04-08T16:00:00,2026-04-08T08:06:00,Y,Completed,1,82
AP9001050,WO700916,5269,1014,CSP4,All Day,2026-04-08T08:00:00,2026-04-08T16:00:00,2026-04-08T08:19:00,Y,Completed,1,86
AP9001051,WO700917,5216,1011,CSP4,AM,2026-04-08T08:00:00,2026-04-08T12:00:00,2026-04-08T08:20:00,Y,Completed,1,85
AP9001052,WO700918,5206,1011,CSP4,PM,2026-04-08T12:00:00,2026-04-08T16:00:00,2026-04-08T11:58:00,N,Completed,1,66
AP9001053,WO700919,5225,1012,CSP4,PM,2026-04-08T12:00:00,2026-04-08T16:00:00,2026-04-08T11:57:00,N,Completed,1,80
AP9001054,WO700920,5209,1014,CSP4,PM,2026-04-08T12:00:00,2026-04-08T16:00:00,2026-04-08T11:55:00,N,Completed,1,52
AP9001055,WO700920,5209,1014,CSP4,PM,2026-04-10T12:00:00,2026-04-10T16:00:00,2026-04-10T12:04:00,Y,Completed,2,95
AP9001056,WO700921,5222,1011,CSP4,All Day,2026-04-08T08:00:00,2026-04-08T16:00:00,2026-04-08T08:20:00,Y,Completed,1,77
AP9001057,WO700922,5298,1013,CSP4,AM,2026-04-08T08:00:00,2026-04-08T12:00:00,2026-04-08T08:07:00,Y,Completed,1,94
AP9001058,WO700923,5269,1012,CSP4,All Day,2026-04-08T08:00:00,2026-04-08T16:00:00,2026-04-08T08:00:00,Y,Completed,1,92
AP9001059,WO700924,5214,1011,CSP4,PM,2026-04-08T12:00:00,2026-04-08T16:00:00,2026-04-08T12:11:00,Y,Completed,1,91
AP9001060,WO700925,5032,1001,CSP1,PM,2026-04-09T12:00:00,2026-04-09T16:00:00,2026-04-09T12:09:00,Y,Completed,1,56
AP9001061,WO700925,5032,1001,CSP1,AM,2026-04-13T08:00:00,2026-04-13T12:00:00,2026-04-13T07:51:00,N,Completed,2,72
AP9001062,WO700926,5025,1002,CSP1,All Day,2026-04-09T08:00:00,2026-04-09T16:00:00,2026-04-09T07:57:00,N,Completed,1,100
AP9001063,WO700927,5014,1004,CSP1,AM,2026-04-09T08:00:00,2026-04-09T12:00:00,2026-04-09T07:50:00,N,Completed,1,118
AP9001064,WO700930,5028,1002,CSP1,AM,2026-04-09T08:00:00,2026-04-09T12:00:00,2026-04-09T08:08:00,Y,Completed,1,102
AP9001065,WO700930,5028,1002,CSP1,All Day,2026-04-13T08:00:00,2026-04-13T16:00:00,2026-04-13T08:03:00,Y,Completed,2,84
AP9001066,WO700931,5073,1003,CSP1,All Day,2026-04-09T08:00:00,2026-04-09T16:00:00,2026-04-09T08:12:00,Y,Completed,1,79
AP9001067,WO700932,5099,1004,CSP1,All Day,2026-04-09T08:00:00,2026-04-09T16:00:00,2026-04-09T08:03:00,Y,Completed,1,54
AP9001068,WO700933,5043,1003,CSP1,PM,2026-04-09T12:00:00,2026-04-09T16:00:00,2026-04-09T12:02:00,Y,Completed,1,83
AP9001069,WO700933,5043,1003,CSP1,AM,2026-04-13T08:00:00,2026-04-13T12:00:00,2026-04-13T08:18:00,Y,Completed,2,69
AP9001070,WO700934,5091,1004,CSP1,PM,2026-04-09T12:00:00,2026-04-09T16:00:00,2026-04-09T11:57:00,N,Completed,1,89
AP9001071,WO700935,5080,1003,CSP1,PM,2026-04-09T12:00:00,2026-04-09T16:00:00,2026-04-09T12:16:00,Y,No Access,1,86
AP9001072,WO700935,5080,1003,CSP1,AM,2026-04-13T08:00:00,2026-04-13T12:00:00,2026-04-13T08:00:00,Y,Completed,2,72
AP9001073,WO700938,5086,1003,CSP1,PM,2026-04-09T12:00:00,2026-04-09T16:00:00,2026-04-09T12:13:00,Y,Completed,1,73
AP9001074,WO700939,5057,1003,CSP1,PM,2026-04-09T12:00:00,2026-04-09T16:00:00,2026-04-09T12:17:00,Y,Completed,1,39
AP9001075,WO700940,5017,1002,CSP1,PM,2026-04-09T12:00:00,2026-04-09T16:00:00,2026-04-09T12:07:00,Y,Completed,1,85
AP9001076,WO700941,5040,1002,CSP1,AM,2026-04-09T08:00:00,2026-04-09T12:00:00,2026-04-09T08:20:00,Y,Completed,1,72
AP9001077,WO700941,5040,1002,CSP1,AM,2026-04-13T08:00:00,2026-04-13T12:00:00,2026-04-13T08:13:00,Y,Completed,2,54
AP9001078,WO700942,5082,1002,CSP1,PM,2026-04-09T12:00:00,2026-04-09T16:00:00,2026-04-09T12:04:00,Y,Completed,1,32
AP9001079,WO700943,5061,1004,CSP1,PM,2026-04-09T12:00:00,2026-04-09T16:00:00,2026-04-09T12:12:00,Y,Completed,1,57
AP9001080,WO700943,5061,1004,CSP1,All Day,2026-04-13T08:00:00,2026-04-13T16:00:00,2026-04-13T08:15:00,Y,Completed,2,90
AP9001081,WO700944,5003,1002,CSP1,AM,2026-04-09T08:00:00,2026-04-09T12:00:00,2026-04-09T07:58:00,N,Completed,1,137
AP9001082,WO700945,5033,1004,CSP1,PM,2026-04-09T12:00:00,2026-04-09T16:00:00,2026-04-09T12:17:00,Y,Completed,1,68
AP9001083,WO700946,5092,1003,CSP1,All Day,2026-04-09T08:00:00,2026-04-09T16:00:00,2026-04-09T07:59:00,N,Completed,1,28
AP9001084,WO700947,5163,1006,CSP2,All Day,2026-04-09T08:00:00,2026-04-09T16:00:00,2026-04-09T07:56:00,N,Completed,1,82
AP9001085,WO700948,5110,1006,CSP2,PM,2026-04-09T12:00:00,2026-04-09T16:00:00,2026-04-09T12:19:00,Y,Completed,1,98
AP9001086,WO700949,5156,1009,CSP2,PM,2026-04-09T12:00:00,2026-04-09T16:00:00,2026-04-09T11:54:00,N,Completed,1,93
AP9001087,WO700950,5190,1008,CSP2,PM,2026-04-09T12:00:00,2026-04-09T16:00:00,2026-04-09T12:15:00,Y,Completed,1,77
AP9001088,WO700951,5181,1009,CSP2,All Day,2026-04-09T08:00:00,2026-04-09T16:00:00,2026-04-09T07:54:00,N,Completed,1,83
AP9001089,WO700952,5132,1007,CSP2,AM,2026-04-09T08:00:00,2026-04-09T12:00:00,2026-04-09T08:00:00,Y,Completed,1,43
AP9001090,WO700952,5132,1007,CSP2,All Day,2026-04-13T08:00:00,2026-04-13T16:00:00,2026-04-13T08:13:00,Y,Completed,2,38
AP9001091,WO700953,5111,1007,CSP2,PM,2026-04-09T12:00:00,2026-04-09T16:00:00,2026-04-09T11:58:00,N,Completed,1,61
AP9001092,WO700954,5169,1008,CSP2,PM,2026-04-09T12:00:00,2026-04-09T16:00:00,2026-04-09T12:10:00,Y,Completed,1,68
AP9001093,WO700954,5169,1008,CSP2,AM,2026-04-13T08:00:00,2026-04-13T12:00:00,2026-04-13T07:53:00,N,Completed,2,58
AP9001094,WO700955,5119,1006,CSP2,All Day,2026-04-09T08:00:00,2026-04-09T16:00:00,2026-04-09T07:54:00,N,Completed,1,44
AP9001095,WO700956,5163,1006,CSP2,All Day,2026-04-09T08:00:00,2026-04-09T16:00:00,2026-04-09T08:03:00,Y,Completed,1,76
AP9001096,WO700957,5122,1008,CSP2,All Day,2026-04-09T08:00:00,2026-04-09T16:00:00,2026-04-09T08:17:00,Y,Completed,1,92
AP9001097,WO700958,5173,1007,CSP2,All Day,2026-04-09T08:00:00,2026-04-09T16:00:00,2026-04-09T07:52:00,N,No Access,1,55
AP9001098,WO700958,5173,1007,CSP2,PM,2026-04-13T12:00:00,2026-04-13T16:00:00,2026-04-13T12:07:00,Y,Completed,2,71
AP9001099,WO700959,5153,1009,CSP2,PM,2026-04-09T12:00:00,2026-04-09T16:00:00,2026-04-09T11:58:00,N,Completed,1,78
AP9001100,WO700962,5178,1006,CSP2,AM,2026-04-09T08:00:00,2026-04-09T12:00:00,2026-04-09T07:55:00,N,No Access,1,71
AP9001101,WO700962,5178,1006,CSP2,AM,2026-04-13T08:00:00,2026-04-13T12:00:00,2026-04-13T07:55:00,N,Completed,2,84
AP9001102,WO700964,5146,1008,CSP2,AM,2026-04-09T08:00:00,2026-04-09T12:00:00,2026-04-09T08:15:00,Y,Completed,1,52
AP9001103,WO700965,5104,1007,CSP2,AM,2026-04-09T08:00:00,2026-04-09T12:00:00,2026-04-09T07:53:00,N,Completed,1,72
AP9001104,WO700966,5188,1009,CSP2,AM,2026-04-09T08:00:00,2026-04-09T12:00:00,2026-04-09T08:16:00,Y,Completed,1,67
AP9001105,WO700967,5103,1009,CSP2,AM,2026-04-09T08:00:00,2026-04-09T12:00:00,2026-04-09T07:53:00,N,Completed,1,68
AP9001106,WO700967,5103,1009,CSP2,PM,2026-04-13T12:00:00,2026-04-13T16:00:00,2026-04-13T11:51:00,N,Completed,2,24
AP9001107,WO700968,5195,1007,CSP2,AM,2026-04-09T08:00:00,2026-04-09T12:00:00,2026-04-09T07:51:00,N,Completed,1,85
AP9001108,WO700968,5195,1007,CSP2,All Day,2026-04-13T08:00:00,2026-04-13T16:00:00,2026-04-13T08:16:00,Y,Completed,2,107
AP9001109,WO700969,5294,1011,CSP4,AM,2026-04-09T08:00:00,2026-04-09T12:00:00,2026-04-09T07:52:00,N,Completed,1,77
AP9001110,WO700970,5292,1013,CSP4,PM,2026-04-09T12:00:00,2026-04-09T16:00:00,2026-04-09T12:16:00,Y,Completed,1,68
AP9001111,WO700971,5260,1011,CSP4,All Day,2026-04-09T08:00:00,2026-04-09T16:00:00,2026-04-09T08:05:00,Y,Completed,1,74
AP9001112,WO700972,5297,1014,CSP4,AM,2026-04-09T08:00:00,2026-04-09T12:00:00,2026-04-09T08:14:00,Y,Completed,1,41
AP9001113,WO700973,5299,1014,CSP4,AM,2026-04-09T08:00:00,2026-04-09T12:00:00,2026-04-09T08:14:00,Y,Completed,1,98
AP9001114,WO700974,5269,1011,CSP4,All Day,2026-04-09T08:00:00,2026-04-09T16:00:00,2026-04-09T08:06:00,Y,Completed,1,73
AP9001115,WO700975,5283,1013,CSP4,All Day,2026-04-09T08:00:00,2026-04-09T16:00:00,2026-04-09T08:04:00,Y,Completed,1,84
AP9001116,WO700976,5256,1011,CSP4,All Day,2026-04-09T08:00:00,2026-04-09T16:00:00,2026-04-09T07:53:00,N,Completed,1,54
AP9001117,WO700978,5208,1014,CSP4,PM,2026-04-09T12:00:00,2026-04-09T16:00:00,2026-04-09T11:57:00,N,Completed,1,67
AP9001118,WO700979,5217,1014,CSP4,AM,2026-04-09T08:00:00,2026-04-09T12:00:00,2026-04-09T08:07:00,Y,Completed,1,87
AP9001119,WO700980,5219,1014,CSP4,All Day,2026-04-09T08:00:00,2026-04-09T16:00:00,2026-04-09T08:13:00,Y,Completed,1,88
AP9001120,WO700981,5290,1011,CSP4,All Day,2026-04-09T08:00:00,2026-04-09T16:00:00,2026-04-09T07:57:00,N,Completed,1,75
AP9001121,WO700982,5262,1014,CSP4,AM,2026-04-09T08:00:00,2026-04-09T12:00:00,2026-04-09T08:03:00,Y,Completed,1,112
AP9001122,WO700983,5292,1014,CSP4,AM,2026-04-09T08:00:00,2026-04-09T12:00:00,2026-04-09T07:54:00,N,Completed,1,81
AP9001123,WO700985,5251,1014,CSP4,PM,2026-04-09T12:00:00,2026-04-09T16:00:00,2026-04-09T12:05:00,Y,Completed,1,79
AP9001124,WO700985,5251,1014,CSP4,PM,2026-04-13T12:00:00,2026-04-13T16:00:00,2026-04-13T12:00:00,Y,Completed,2,44
AP9001125,WO700986,5237,1011,CSP4,PM,2026-04-09T12:00:00,2026-04-09T16:00:00,2026-04-09T12:18:00,Y,No Access,1,31
AP9001126,WO700986,5237,1011,CSP4,AM,2026-04-13T08:00:00,2026-04-13T12:00:00,2026-04-13T07:55:00,N,Completed,2,99
AP9001127,WO700987,5275,1011,CSP4,All Day,2026-04-09T08:00:00,2026-04-09T16:00:00,2026-04-09T08:13:00,Y,No Access,1,69
AP9001128,WO700987,5275,1011,CSP4,PM,2026-04-13T12:00:00,2026-04-13T16:00:00,2026-04-13T12:04:00,Y,Completed,2,51
AP9001129,WO700988,5262,1011,CSP4,AM,2026-04-09T08:00:00,2026-04-09T12:00:00,2026-04-09T07:55:00,N,No Access,1,53
AP9001130,WO700988,5262,1011,CSP4,PM,2026-04-13T12:00:00,2026-04-13T16:00:00,2026-04-13T11:56:00,N,Completed,2,44
AP9001131,WO700989,5274,1012,CSP4,AM,2026-04-09T08:00:00,2026-04-09T12:00:00,2026-04-09T08:18:00,Y,No Access,1,62
AP9001132,WO700989,5274,1012,CSP4,AM,2026-04-13T08:00:00,2026-04-13T12:00:00,2026-04-13T08:02:00,Y,Completed,2,84
AP9001133,WO700990,5222,1014,CSP4,All Day,2026-04-09T08:00:00,2026-04-09T16:00:00,2026-04-09T08:11:00,Y,Completed,1,77
AP9001134,WO700991,5044,1003,CSP1,PM,2026-04-10T12:00:00,2026-04-10T16:00:00,2026-04-10T12:11:00,Y,No Access,1,43
AP9001135,WO700991,5044,1003,CSP1,PM,2026-04-13T12:00:00,2026-04-13T16:00:00,2026-04-13T11:50:00,N,Completed,2,54
AP9001136,WO700992,5039,1001,CSP1,PM,2026-04-10T12:00:00,2026-04-10T16:00:00,2026-04-10T12:09:00,Y,Completed,1,92
AP9001137,WO700993,5060,1002,CSP1,All Day,2026-04-10T08:00:00,2026-04-10T16:00:00,2026-04-10T08:17:00,Y,Completed,1,132
AP9001138,WO700994,5083,1002,CSP1,AM,2026-04-10T08:00:00,2026-04-10T12:00:00,2026-04-10T08:00:00,Y,Completed,1,68
AP9001139,WO700995,5076,1001,CSP1,PM,2026-04-10T12:00:00,2026-04-10T16:00:00,2026-04-10T12:18:00,Y,Completed,1,70
AP9001140,WO700996,5009,1004,CSP1,AM,2026-04-10T08:00:00,2026-04-10T12:00:00,2026-04-10T07:56:00,N,Completed,1,88
AP9001141,WO700997,5068,1001,CSP1,All Day,2026-04-10T08:00:00,2026-04-10T16:00:00,2026-04-10T08:06:00,Y,Completed,1,80
AP9001142,WO700999,5058,1002,CSP1,All Day,2026-04-10T08:00:00,2026-04-10T16:00:00,2026-04-10T08:13:00,Y,Completed,1,22
AP9001143,WO701000,5097,1002,CSP1,All Day,2026-04-10T08:00:00,2026-04-10T16:00:00,2026-04-10T07:54:00,N,Completed,1,63
AP9001144,WO701001,5085,1002,CSP1,AM,2026-04-10T08:00:00,2026-04-10T12:00:00,2026-04-10T07:50:00,N,Completed,1,122
AP9001145,WO701002,5018,1001,CSP1,All Day,2026-04-10T08:00:00,2026-04-10T16:00:00,2026-04-10T08:03:00,Y,Completed,1,38
AP9001146,WO701003,5085,1003,CSP1,AM,2026-04-10T08:00:00,2026-04-10T12:00:00,2026-04-10T07:51:00,N,No Access,1,48
AP9001147,WO701003,5085,1003,CSP1,AM,2026-04-13T08:00:00,2026-04-13T12:00:00,2026-04-13T07:53:00,N,Completed,2,68
AP9001148,WO701004,5071,1003,CSP1,All Day,2026-04-10T08:00:00,2026-04-10T16:00:00,2026-04-10T08:07:00,Y,Completed,1,82
AP9001149,WO701005,5084,1003,CSP1,PM,2026-04-10T12:00:00,2026-04-10T16:00:00,2026-04-10T12:12:00,Y,Completed,1,76
AP9001150,WO701005,5084,1003,CSP1,All Day,2026-04-13T08:00:00,2026-04-13T16:00:00,2026-04-13T08:17:00,Y,Completed,2,112
AP9001151,WO701006,5027,1003,CSP1,All Day,2026-04-10T08:00:00,2026-04-10T16:00:00,2026-04-10T07:52:00,N,Completed,1,93
AP9001152,WO701007,5085,1003,CSP1,PM,2026-04-10T12:00:00,2026-04-10T16:00:00,2026-04-10T12:03:00,Y,No Access,1,87
AP9001153,WO701007,5085,1003,CSP1,PM,2026-04-13T12:00:00,2026-04-13T16:00:00,2026-04-13T12:14:00,Y,Completed,2,104
AP9001154,WO701008,5078,1004,CSP1,AM,2026-04-10T08:00:00,2026-04-10T12:00:00,2026-04-10T08:00:00,Y,No Access,1,73
AP9001155,WO701008,5078,1004,CSP1,PM,2026-04-13T12:00:00,2026-04-13T16:00:00,2026-04-13T11:57:00,N,Completed,2,54
AP9001156,WO701010,5049,1001,CSP1,AM,2026-04-10T08:00:00,2026-04-10T12:00:00,2026-04-10T08:07:00,Y,Completed,1,67
AP9001157,WO701011,5063,1004,CSP1,PM,2026-04-10T12:00:00,2026-04-10T16:00:00,2026-04-10T12:00:00,Y,Completed,1,79
AP9001158,WO701012,5022,1004,CSP1,All Day,2026-04-10T08:00:00,2026-04-10T16:00:00,2026-04-10T07:53:00,N,Completed,1,62
AP9001159,WO701013,5171,1008,CSP2,AM,2026-04-10T08:00:00,2026-04-10T12:00:00,2026-04-10T08:02:00,Y,Completed,1,96
AP9001160,WO701014,5119,1009,CSP2,AM,2026-04-10T08:00:00,2026-04-10T12:00:00,2026-04-10T07:57:00,N,Completed,1,46
AP9001161,WO701015,5178,1006,CSP2,AM,2026-04-10T08:00:00,2026-04-10T12:00:00,2026-04-10T07:59:00,N,Completed,1,81
AP9001162,WO701016,5155,1008,CSP2,PM,2026-04-10T12:00:00,2026-04-10T16:00:00,2026-04-10T12:03:00,Y,Completed,1,48
AP9001163,WO701017,5153,1009,CSP2,AM,2026-04-10T08:00:00,2026-04-10T12:00:00,2026-04-10T07:51:00,N,Completed,1,58
AP9001164,WO701018,5108,1007,CSP2,AM,2026-04-10T08:00:00,2026-04-10T12:00:00,2026-04-10T08:16:00,Y,Completed,1,95
AP9001165,WO701019,5187,1006,CSP2,PM,2026-04-10T12:00:00,2026-04-10T16:00:00,2026-04-10T12:02:00,Y,Completed,1,89
AP9001166,WO701020,5190,1007,CSP2,PM,2026-04-10T12:00:00,2026-04-10T16:00:00,2026-04-10T12:11:00,Y,Completed,1,35
AP9001167,WO701021,5132,1007,CSP2,AM,2026-04-10T08:00:00,2026-04-10T12:00:00,2026-04-10T08:05:00,Y,Completed,1,46
AP9001168,WO701022,5168,1007,CSP2,PM,2026-04-10T12:00:00,2026-04-10T16:00:00,2026-04-10T11:59:00,N,Completed,1,138
AP9001169,WO701023,5149,1008,CSP2,All Day,2026-04-10T08:00:00,2026-04-10T16:00:00,2026-04-10T08:17:00,Y,No Access,1,62
AP9001170,WO701023,5149,1008,CSP2,AM,2026-04-13T08:00:00,2026-04-13T12:00:00,2026-04-13T08:02:00,Y,Completed,2,99
AP9001171,WO701024,5116,1007,CSP2,PM,2026-04-10T12:00:00,2026-04-10T16:00:00,2026-04-10T11:58:00,N,Completed,1,78
AP9001172,WO701026,5101,1007,CSP2,PM,2026-04-10T12:00:00,2026-04-10T16:00:00,2026-04-10T11:55:00,N,Completed,1,50
AP9001173,WO701027,5102,1008,CSP2,AM,2026-04-10T08:00:00,2026-04-10T12:00:00,2026-04-10T08:04:00,Y,Completed,1,58
AP9001174,WO701028,5163,1009,CSP2,All Day,2026-04-10T08:00:00,2026-04-10T16:00:00,2026-04-10T07:56:00,N,Completed,1,84
AP9001175,WO701029,5124,1006,CSP2,All Day,2026-04-10T08:00:00,2026-04-10T16:00:00,2026-04-10T07:56:00,N,Completed,1,91
AP9001176,WO701030,5196,1009,CSP2,PM,2026-04-10T12:00:00,2026-04-10T16:00:00,2026-04-10T12:03:00,Y,Completed,1,69
AP9001177,WO701031,5154,1008,CSP2,All Day,2026-04-10T08:00:00,2026-04-10T16:00:00,2026-04-10T07:54:00,N,Completed,1,81
AP9001178,WO701032,5116,1009,CSP2,All Day,2026-04-10T08:00:00,2026-04-10T16:00:00,2026-04-10T07:51:00,N,Completed,1,105
AP9001179,WO701033,5152,1006,CSP2,PM,2026-04-10T12:00:00,2026-04-10T16:00:00,2026-04-10T12:06:00,Y,Completed,1,101
AP9001180,WO701034,5117,1007,CSP2,AM,2026-04-10T08:00:00,2026-04-10T12:00:00,2026-04-10T07:51:00,N,Completed,1,60
AP9001181,WO701035,5277,1013,CSP4,AM,2026-04-10T08:00:00,2026-04-10T12:00:00,2026-04-10T07:58:00,N,Completed,1,119
AP9001182,WO701036,5294,1012,CSP4,PM,2026-04-10T12:00:00,2026-04-10T16:00:00,2026-04-10T11:56:00,N,Completed,1,76
AP9001183,WO701037,5255,1011,CSP4,PM,2026-04-10T12:00:00,2026-04-10T16:00:00,2026-04-10T12:09:00,Y,Completed,1,91
AP9001184,WO701038,5276,1011,CSP4,PM,2026-04-10T12:00:00,2026-04-10T16:00:00,2026-04-10T11:56:00,N,Completed,1,53
AP9001185,WO701039,5203,1013,CSP4,PM,2026-04-10T12:00:00,2026-04-10T16:00:00,2026-04-10T12:04:00,Y,Completed,1,101
AP9001186,WO701040,5229,1014,CSP4,PM,2026-04-10T12:00:00,2026-04-10T16:00:00,2026-04-10T12:12:00,Y,Completed,1,85
AP9001187,WO701041,5236,1013,CSP4,AM,2026-04-10T08:00:00,2026-04-10T12:00:00,2026-04-10T08:03:00,Y,Completed,1,94
AP9001188,WO701042,5242,1012,CSP4,All Day,2026-04-10T08:00:00,2026-04-10T16:00:00,2026-04-10T07:58:00,N,No Access,1,48
AP9001189,WO701042,5242,1012,CSP4,AM,2026-04-13T08:00:00,2026-04-13T12:00:00,2026-04-13T08:17:00,Y,Completed,2,82
AP9001190,WO701043,5247,1012,CSP4,PM,2026-04-10T12:00:00,2026-04-10T16:00:00,2026-04-10T12:13:00,Y,Completed,1,90
AP9001191,WO701044,5247,1011,CSP4,All Day,2026-04-10T08:00:00,2026-04-10T16:00:00,2026-04-10T07:55:00,N,Completed,1,91
AP9001192,WO701045,5250,1011,CSP4,AM,2026-04-10T08:00:00,2026-04-10T12:00:00,2026-04-10T08:16:00,Y,Completed,1,107
AP9001193,WO701046,5284,1013,CSP4,All Day,2026-04-10T08:00:00,2026-04-10T16:00:00,2026-04-10T08:18:00,Y,Completed,1,40
AP9001194,WO701047,5293,1011,CSP4,PM,2026-04-10T12:00:00,2026-04-10T16:00:00,2026-04-10T11:55:00,N,Completed,1,77
AP9001195,WO701047,5293,1011,CSP4,PM,2026-04-13T12:00:00,2026-04-13T16:00:00,2026-04-13T11:55:00,N,Completed,2,51
AP9001196,WO701048,5233,1013,CSP4,All Day,2026-04-10T08:00:00,2026-04-10T16:00:00,2026-04-10T08:02:00,Y,Completed,1,54
AP9001197,WO701049,5262,1012,CSP4,AM,2026-04-10T08:00:00,2026-04-10T12:00:00,2026-04-10T08:01:00,Y,Completed,1,80
AP9001198,WO701050,5238,1011,CSP4,AM,2026-04-10T08:00:00,2026-04-10T12:00:00,2026-04-10T08:08:00,Y,Completed,1,85
AP9001199,WO701051,5269,1012,CSP4,AM,2026-04-10T08:00:00,2026-04-10T12:00:00,2026-04-10T07:50:00,N,No Access,1,108
AP9001200,WO701051,5269,1012,CSP4,All Day,2026-04-13T08:00:00,2026-04-13T16:00:00,2026-04-13T08:15:00,Y,Completed,2,50
AP9001201,WO701052,5235,1011,CSP4,PM,2026-04-10T12:00:00,2026-04-10T16:00:00,2026-04-10T11:55:00,N,Completed,1,66
AP9001202,WO701053,5266,1011,CSP4,PM,2026-04-10T12:00:00,2026-04-10T16:00:00,2026-04-10T12:07:00,Y,No Access,1,57
AP9001203,WO701053,5266,1011,CSP4,AM,2026-04-13T08:00:00,2026-04-13T12:00:00,2026-04-13T08:17:00,Y,Completed,2,100
AP9001204,WO701054,5271,1011,CSP4,AM,2026-04-10T08:00:00,2026-04-10T12:00:00,2026-04-10T08:15:00,Y,Completed,1,87
AP9001205,WO701054,5271,1011,CSP4,PM,2026-04-13T12:00:00,2026-04-13T16:00:00,2026-04-13T12:19:00,Y,Completed,2,92
AP9001206,WO701055,5236,1013,CSP4,All Day,2026-04-10T08:00:00,2026-04-10T16:00:00,2026-04-10T07:50:00,N,Completed,1,124
AP9001207,WO701056,5215,1013,CSP4,All Day,2026-04-10T08:00:00,2026-04-10T16:00:00,2026-04-10T07:56:00,N,Completed,1,93
AP9001208,WO701056,5215,1013,CSP4,AM,2026-04-13T08:00:00,2026-04-13T12:00:00,2026-04-13T07:58:00,N,Completed,2,118
AP9001209,WO701058,5046,1004,CSP1,All Day,2026-04-13T08:00:00,2026-04-13T16:00:00,2026-04-13T07:57:00,N,Completed,1,92
AP9001210,WO701058,5046,1004,CSP1,All Day,2026-04-15T08:00:00,2026-04-15T16:00:00,2026-04-15T07:58:00,N,Completed,2,54
AP9001211,WO701059,5100,1004,CSP1,AM,2026-04-13T08:00:00,2026-04-13T12:00:00,2026-04-13T08:19:00,Y,No Access,1,45
AP9001212,WO701059,5100,1004,CSP1,All Day,2026-04-15T08:00:00,2026-04-15T16:00:00,2026-04-15T07:51:00,N,Completed,2,64
AP9001213,WO701060,5027,1003,CSP1,PM,2026-04-13T12:00:00,2026-04-13T16:00:00,2026-04-13T11:51:00,N,Completed,1,87
AP9001214,WO701061,5058,1003,CSP1,AM,2026-04-13T08:00:00,2026-04-13T12:00:00,2026-04-13T08:12:00,Y,Completed,1,94
AP9001215,WO701062,5024,1002,CSP1,AM,2026-04-13T08:00:00,2026-04-13T12:00:00,2026-04-13T08:04:00,Y,Completed,1,51
AP9001216,WO701063,5023,1001,CSP1,AM,2026-04-13T08:00:00,2026-04-13T12:00:00,2026-04-13T08:18:00,Y,Completed,1,20
AP9001217,WO701066,5002,1004,CSP1,AM,2026-04-13T08:00:00,2026-04-13T12:00:00,2026-04-13T08:01:00,Y,Completed,1,62
AP9001218,WO701067,5057,1004,CSP1,AM,2026-04-13T08:00:00,2026-04-13T12:00:00,2026-04-13T07:54:00,N,Completed,1,57
AP9001219,WO701068,5016,1004,CSP1,PM,2026-04-13T12:00:00,2026-04-13T16:00:00,2026-04-13T12:02:00,Y,No Access,1,46
AP9001220,WO701068,5016,1004,CSP1,PM,2026-04-15T12:00:00,2026-04-15T16:00:00,2026-04-15T12:17:00,Y,Completed,2,38
AP9001221,WO701069,5001,1003,CSP1,PM,2026-04-13T12:00:00,2026-04-13T16:00:00,2026-04-13T11:56:00,N,Completed,1,58
AP9001222,WO701070,5088,1003,CSP1,AM,2026-04-13T08:00:00,2026-04-13T12:00:00,2026-04-13T08:04:00,Y,Completed,1,64
AP9001223,WO701071,5037,1004,CSP1,PM,2026-04-13T12:00:00,2026-04-13T16:00:00,2026-04-13T12:16:00,Y,Completed,1,116
AP9001224,WO701072,5078,1004,CSP1,AM,2026-04-13T08:00:00,2026-04-13T12:00:00,2026-04-13T07:55:00,N,Completed,1,75
AP9001225,WO701072,5078,1004,CSP1,All Day,2026-04-15T08:00:00,2026-04-15T16:00:00,2026-04-15T07:50:00,N,Completed,2,46
AP9001226,WO701073,5088,1002,CSP1,All Day,2026-04-13T08:00:00,2026-04-13T16:00:00,2026-04-13T07:51:00,N,Completed,1,26
AP9001227,WO701074,5034,1001,CSP1,PM,2026-04-13T12:00:00,2026-04-13T16:00:00,2026-04-13T12:14:00,Y,Completed,1,84
AP9001228,WO701075,5058,1001,CSP1,PM,2026-04-13T12:00:00,2026-04-13T16:00:00,2026-04-13T11:58:00,N,No Access,1,56
AP9001229,WO701075,5058,1001,CSP1,All Day,2026-04-15T08:00:00,2026-04-15T16:00:00,2026-04-15T08:08:00,Y,Completed,2,103
AP9001230,WO701076,5017,1002,CSP1,PM,2026-04-13T12:00:00,2026-04-13T16:00:00,2026-04-13T12:20:00,Y,Completed,1,57
AP9001231,WO701077,5082,1002,CSP1,AM,2026-04-13T08:00:00,2026-04-13T12:00:00,2026-04-13T07:50:00,N,Completed,1,93
AP9001232,WO701078,5064,1002,CSP1,PM,2026-04-13T12:00:00,2026-04-13T16:00:00,2026-04-13T12:18:00,Y,Completed,1,70
AP9001233,WO701079,5189,1008,CSP2,PM,2026-04-13T12:00:00,2026-04-13T16:00:00,2026-04-13T12:17:00,Y,Completed,1,87
AP9001234,WO701080,5161,1007,CSP2,PM,2026-04-13T12:00:00,2026-04-13T16:00:00,2026-04-13T11:59:00,N,Completed,1,72
AP9001235,WO701080,5161,1007,CSP2,All Day,2026-04-15T08:00:00,2026-04-15T16:00:00,2026-04-15T08:11:00,Y,Completed,2,89
AP9001236,WO701081,5118,1008,CSP2,All Day,2026-04-13T08:00:00,2026-04-13T16:00:00,2026-04-13T08:15:00,Y,Completed,1,64
AP9001237,WO701083,5155,1007,CSP2,AM,2026-04-13T08:00:00,2026-04-13T12:00:00,2026-04-13T07:56:00,N,Completed,1,89
AP9001238,WO701084,5104,1007,CSP2,All Day,2026-04-13T08:00:00,2026-04-13T16:00:00,2026-04-13T08:03:00,Y,Completed,1,60
AP9001239,WO701085,5198,1006,CSP2,PM,2026-04-13T12:00:00,2026-04-13T16:00:00,2026-04-13T12:08:00,Y,Completed,1,74
AP9001240,WO701086,5144,1006,CSP2,AM,2026-04-13T08:00:00,2026-04-13T12:00:00,2026-04-13T08:16:00,Y,Completed,1,43
AP9001241,WO701087,5178,1008,CSP2,PM,2026-04-13T12:00:00,2026-04-13T16:00:00,2026-04-13T11:52:00,N,Completed,1,81
AP9001242,WO701087,5178,1008,CSP2,PM,2026-04-15T12:00:00,2026-04-15T16:00:00,2026-04-15T12:14:00,Y,Completed,2,69
AP9001243,WO701088,5134,1008,CSP2,All Day,2026-04-13T08:00:00,2026-04-13T16:00:00,2026-04-13T08:09:00,Y,Completed,1,28
AP9001244,WO701089,5117,1007,CSP2,PM,2026-04-13T12:00:00,2026-04-13T16:00:00,2026-04-13T12:02:00,Y,Completed,1,34
AP9001245,WO701090,5110,1009,CSP2,PM,2026-04-13T12:00:00,2026-04-13T16:00:00,2026-04-13T11:59:00,N,Completed,1,57
AP9001246,WO701091,5183,1006,CSP2,PM,2026-04-13T12:00:00,2026-04-13T16:00:00,2026-04-13T11:55:00,N,Completed,1,64
AP9001247,WO701092,5131,1008,CSP2,All Day,2026-04-13T08:00:00,2026-04-13T16:00:00,2026-04-13T07:52:00,N,Completed,1,25
AP9001248,WO701094,5162,1006,CSP2,All Day,2026-04-13T08:00:00,2026-04-13T16:00:00,2026-04-13T07:54:00,N,Completed,1,53
AP9001249,WO701095,5151,1009,CSP2,AM,2026-04-13T08:00:00,2026-04-13T12:00:00,2026-04-13T08:12:00,Y,Completed,1,78
AP9001250,WO701096,5153,1009,CSP2,AM,2026-04-13T08:00:00,2026-04-13T12:00:00,2026-04-13T08:20:00,Y,Completed,1,103
AP9001251,WO701097,5105,1008,CSP2,PM,2026-04-13T12:00:00,2026-04-13T16:00:00,2026-04-13T12:00:00,Y,Completed,1,103
AP9001252,WO701098,5128,1009,CSP2,PM,2026-04-13T12:00:00,2026-04-13T16:00:00,2026-04-13T12:02:00,Y,Completed,1,114
AP9001253,WO701099,5199,1007,CSP2,All Day,2026-04-13T08:00:00,2026-04-13T16:00:00,2026-04-13T07:50:00,N,Completed,1,95
AP9001254,WO701100,5192,1007,CSP2,AM,2026-04-13T08:00:00,2026-04-13T12:00:00,2026-04-13T07:50:00,N,Completed,1,58
AP9001255,WO701101,5264,1012,CSP4,All Day,2026-04-13T08:00:00,2026-04-13T16:00:00,2026-04-13T08:13:00,Y,Completed,1,114
AP9001256,WO701102,5212,1012,CSP4,PM,2026-04-13T12:00:00,2026-04-13T16:00:00,2026-04-13T11:51:00,N,Completed,1,37
AP9001257,WO701103,5212,1011,CSP4,AM,2026-04-13T08:00:00,2026-04-13T12:00:00,2026-04-13T08:01:00,Y,Completed,1,57
AP9001258,WO701104,5257,1013,CSP4,AM,2026-04-13T08:00:00,2026-04-13T12:00:00,2026-04-13T07:58:00,N,Completed,1,28
AP9001259,WO701105,5280,1012,CSP4,AM,2026-04-13T08:00:00,2026-04-13T12:00:00,2026-04-13T08:08:00,Y,Completed,1,61
AP9001260,WO701107,5232,1011,CSP4,All Day,2026-04-13T08:00:00,2026-04-13T16:00:00,2026-04-13T08:17:00,Y,Completed,1,58
AP9001261,WO701108,5229,1014,CSP4,All Day,2026-04-13T08:00:00,2026-04-13T16:00:00,2026-04-13T07:54:00,N,Completed,1,72
AP9001262,WO701109,5260,1013,CSP4,AM,2026-04-13T08:00:00,2026-04-13T12:00:00,2026-04-13T07:54:00,N,Completed,1,109
AP9001263,WO701110,5241,1012,CSP4,All Day,2026-04-13T08:00:00,2026-04-13T16:00:00,2026-04-13T08:16:00,Y,Completed,1,49
AP9001264,WO701110,5241,1012,CSP4,All Day,2026-04-15T08:00:00,2026-04-15T16:00:00,2026-04-15T08:19:00,Y,Completed,2,47
AP9001265,WO701111,5270,1011,CSP4,All Day,2026-04-13T08:00:00,2026-04-13T16:00:00,2026-04-13T07:55:00,N,Completed,1,69
AP9001266,WO701112,5249,1014,CSP4,PM,2026-04-13T12:00:00,2026-04-13T16:00:00,2026-04-13T11:51:00,N,Completed,1,20
AP9001267,WO701113,5203,1014,CSP4,All Day,2026-04-13T08:00:00,2026-04-13T16:00:00,2026-04-13T07:56:00,N,Completed,1,125
AP9001268,WO701115,5255,1014,CSP4,PM,2026-04-13T12:00:00,2026-04-13T16:00:00,2026-04-13T11:53:00,N,Completed,1,62
AP9001269,WO701116,5289,1011,CSP4,AM,2026-04-13T08:00:00,2026-04-13T12:00:00,2026-04-13T08:00:00,Y,Completed,1,44
AP9001270,WO701117,5277,1014,CSP4,PM,2026-04-13T12:00:00,2026-04-13T16:00:00,2026-04-13T11:51:00,N,Completed,1,81
AP9001271,WO701118,5294,1013,CSP4,All Day,2026-04-13T08:00:00,2026-04-13T16:00:00,2026-04-13T08:06:00,Y,Completed,1,83
AP9001272,WO701118,5294,1013,CSP4,All Day,2026-04-15T08:00:00,2026-04-15T16:00:00,2026-04-15T07:56:00,N,Completed,2,35
AP9001273,WO701119,5287,1012,CSP4,PM,2026-04-13T12:00:00,2026-04-13T16:00:00,2026-04-13T12:12:00,Y,No Access,1,33
AP9001274,WO701119,5287,1012,CSP4,AM,2026-04-15T08:00:00,2026-04-15T12:00:00,2026-04-15T08:02:00,Y,Completed,2,92
AP9001275,WO701120,5282,1011,CSP4,All Day,2026-04-13T08:00:00,2026-04-13T16:00:00,2026-04-13T08:06:00,Y,No Access,1,72
AP9001276,WO701120,5282,1011,CSP4,All Day,2026-04-15T08:00:00,2026-04-15T16:00:00,2026-04-15T08:08:00,Y,Completed,2,103
AP9001277,WO701121,5249,1013,CSP4,PM,2026-04-13T12:00:00,2026-04-13T16:00:00,2026-04-13T12:19:00,Y,Completed,1,84
AP9001278,WO701122,5203,1013,CSP4,AM,2026-04-13T08:00:00,2026-04-13T12:00:00,2026-04-13T08:15:00,Y,No Access,1,117
AP9001279,WO701122,5203,1013,CSP4,All Day,2026-04-15T08:00:00,2026-04-15T16:00:00,2026-04-15T08:02:00,Y,Completed,2,82
AP9001280,WO701123,5053,1003,CSP1,AM,2026-04-14T08:00:00,2026-04-14T12:00:00,2026-04-14T08:14:00,Y,Completed,1,87
AP9001281,WO701124,5059,1002,CSP1,PM,2026-04-14T12:00:00,2026-04-14T16:00:00,2026-04-14T12:13:00,Y,Completed,1,91
AP9001282,WO701125,5089,1003,CSP1,PM,2026-04-14T12:00:00,2026-04-14T16:00:00,2026-04-14T11:55:00,N,Completed,1,20
AP9001283,WO701126,5084,1002,CSP1,All Day,2026-04-14T08:00:00,2026-04-14T16:00:00,2026-04-14T08:14:00,Y,Completed,1,74
AP9001284,WO701127,5082,1002,CSP1,AM,2026-04-14T08:00:00,2026-04-14T12:00:00,2026-04-14T07:57:00,N,Completed,1,90
AP9001285,WO701128,5059,1001,CSP1,PM,2026-04-14T12:00:00,2026-04-14T16:00:00,2026-04-14T12:08:00,Y,Completed,1,76
AP9001286,WO701128,5059,1001,CSP1,AM,2026-04-16T08:00:00,2026-04-16T12:00:00,2026-04-16T08:09:00,Y,Completed,2,78
AP9001287,WO701129,5060,1004,CSP1,PM,2026-04-14T12:00:00,2026-04-14T16:00:00,2026-04-14T11:55:00,N,Completed,1,88
AP9001288,WO701130,5037,1004,CSP1,AM,2026-04-14T08:00:00,2026-04-14T12:00:00,2026-04-14T07:58:00,N,Completed,1,51
AP9001289,WO701131,5005,1003,CSP1,AM,2026-04-14T08:00:00,2026-04-14T12:00:00,2026-04-14T08:20:00,Y,Completed,1,64
AP9001290,WO701131,5005,1003,CSP1,AM,2026-04-16T08:00:00,2026-04-16T12:00:00,2026-04-16T08:05:00,Y,Completed,2,87
AP9001291,WO701133,5074,1001,CSP1,AM,2026-04-14T08:00:00,2026-04-14T12:00:00,2026-04-14T08:12:00,Y,No Access,1,76
AP9001292,WO701133,5074,1001,CSP1,All Day,2026-04-16T08:00:00,2026-04-16T16:00:00,2026-04-16T08:14:00,Y,Completed,2,84
AP9001293,WO701134,5030,1002,CSP1,AM,2026-04-14T08:00:00,2026-04-14T12:00:00,2026-04-14T08:01:00,Y,Completed,1,77
AP9001294,WO701135,5081,1002,CSP1,PM,2026-04-14T12:00:00,2026-04-14T16:00:00,2026-04-14T12:16:00,Y,Completed,1,44
AP9001295,WO701136,5081,1001,CSP1,All Day,2026-04-14T08:00:00,2026-04-14T16:00:00,2026-04-14T07:57:00,N,Completed,1,73
AP9001296,WO701137,5059,1001,CSP1,All Day,2026-04-14T08:00:00,2026-04-14T16:00:00,2026-04-14T07:54:00,N,Completed,1,76
AP9001297,WO701139,5075,1001,CSP1,PM,2026-04-14T12:00:00,2026-04-14T16:00:00,2026-04-14T12:02:00,Y,Completed,1,72
AP9001298,WO701141,5010,1004,CSP1,AM,2026-04-14T08:00:00,2026-04-14T12:00:00,2026-04-14T08:05:00,Y,Completed,1,86
AP9001299,WO701142,5058,1002,CSP1,PM,2026-04-14T12:00:00,2026-04-14T16:00:00,2026-04-14T11:59:00,N,Completed,1,64
AP9001300,WO701142,5058,1002,CSP1,PM,2026-04-16T12:00:00,2026-04-16T16:00:00,2026-04-16T11:50:00,N,Completed,2,36
AP9001301,WO701143,5016,1003,CSP1,AM,2026-04-14T08:00:00,2026-04-14T12:00:00,2026-04-14T08:04:00,Y,Completed,1,84
AP9001302,WO701144,5033,1004,CSP1,All Day,2026-04-14T08:00:00,2026-04-14T16:00:00,2026-04-14T07:54:00,N,Completed,1,92
AP9001303,WO701145,5147,1006,CSP2,AM,2026-04-14T08:00:00,2026-04-14T12:00:00,2026-04-14T08:17:00,Y,No Access,1,108
AP9001304,WO701145,5147,1006,CSP2,AM,2026-04-16T08:00:00,2026-04-16T12:00:00,2026-04-16T07:50:00,N,Completed,2,46
AP9001305,WO701146,5135,1008,CSP2,PM,2026-04-14T12:00:00,2026-04-14T16:00:00,2026-04-14T12:12:00,Y,Completed,1,97
AP9001306,WO701147,5164,1007,CSP2,All Day,2026-04-14T08:00:00,2026-04-14T16:00:00,2026-04-14T07:53:00,N,Completed,1,89
AP9001307,WO701148,5192,1008,CSP2,PM,2026-04-14T12:00:00,2026-04-14T16:00:00,2026-04-14T11:53:00,N,Completed,1,89
AP9001308,WO701149,5163,1009,CSP2,All Day,2026-04-14T08:00:00,2026-04-14T16:00:00,2026-04-14T08:18:00,Y,Completed,1,66
AP9001309,WO701150,5155,1008,CSP2,PM,2026-04-14T12:00:00,2026-04-14T16:00:00,2026-04-14T12:20:00,Y,Completed,1,25
AP9001310,WO701151,5166,1007,CSP2,PM,2026-04-14T12:00:00,2026-04-14T16:00:00,2026-04-14T12:09:00,Y,Completed,1,101
AP9001311,WO701152,5115,1006,CSP2,PM,2026-04-14T12:00:00,2026-04-14T16:00:00,2026-04-14T12:18:00,Y,Completed,1,66
AP9001312,WO701153,5148,1008,CSP2,AM,2026-04-14T08:00:00,2026-04-14T12:00:00,2026-04-14T08:06:00,Y,Completed,1,79
AP9001313,WO701154,5173,1006,CSP2,AM,2026-04-14T08:00:00,2026-04-14T12:00:00,2026-04-14T08:16:00,Y,Completed,1,94
AP9001314,WO701155,5172,1007,CSP2,PM,2026-04-14T12:00:00,2026-04-14T16:00:00,2026-04-14T12:12:00,Y,Completed,1,46
AP9001315,WO701157,5136,1007,CSP2,PM,2026-04-14T12:00:00,2026-04-14T16:00:00,2026-04-14T12:07:00,Y,Completed,1,79
AP9001316,WO701158,5137,1006,CSP2,PM,2026-04-14T12:00:00,2026-04-14T16:00:00,2026-04-14T11:55:00,N,Completed,1,96
AP9001317,WO701159,5152,1008,CSP2,PM,2026-04-14T12:00:00,2026-04-14T16:00:00,2026-04-14T12:14:00,Y,Completed,1,66
AP9001318,WO701160,5154,1008,CSP2,PM,2026-04-14T12:00:00,2026-04-14T16:00:00,2026-04-14T12:08:00,Y,No Access,1,89
AP9001319,WO701160,5154,1008,CSP2,AM,2026-04-16T08:00:00,2026-04-16T12:00:00,2026-04-16T07:55:00,N,Completed,2,61
AP9001320,WO701161,5107,1007,CSP2,PM,2026-04-14T12:00:00,2026-04-14T16:00:00,2026-04-14T12:16:00,Y,Completed,1,91
AP9001321,WO701162,5148,1009,CSP2,All Day,2026-04-14T08:00:00,2026-04-14T16:00:00,2026-04-14T08:08:00,Y,Completed,1,111
AP9001322,WO701164,5189,1009,CSP2,All Day,2026-04-14T08:00:00,2026-04-14T16:00:00,2026-04-14T08:12:00,Y,Completed,1,84
AP9001323,WO701165,5189,1006,CSP2,AM,2026-04-14T08:00:00,2026-04-14T12:00:00,2026-04-14T08:09:00,Y,Completed,1,59
AP9001324,WO701166,5119,1008,CSP2,PM,2026-04-14T12:00:00,2026-04-14T16:00:00,2026-04-14T12:13:00,Y,Completed,1,99
AP9001325,WO701167,5236,1012,CSP4,AM,2026-04-14T08:00:00,2026-04-14T12:00:00,2026-04-14T08:02:00,Y,Completed,1,71
AP9001326,WO701167,5236,1012,CSP4,All Day,2026-04-16T08:00:00,2026-04-16T16:00:00,2026-04-16T08:09:00,Y,Completed,2,96
AP9001327,WO701168,5272,1011,CSP4,All Day,2026-04-14T08:00:00,2026-04-14T16:00:00,2026-04-14T08:14:00,Y,Completed,1,80
AP9001328,WO701169,5228,1014,CSP4,AM,2026-04-14T08:00:00,2026-04-14T12:00:00,2026-04-14T07:59:00,N,Completed,1,105
AP9001329,WO701170,5276,1014,CSP4,All Day,2026-04-14T08:00:00,2026-04-14T16:00:00,2026-04-14T07:53:00,N,Completed,1,67
AP9001330,WO701171,5214,1013,CSP4,PM,2026-04-14T12:00:00,2026-04-14T16:00:00,2026-04-14T11:56:00,N,Completed,1,101
AP9001331,WO701171,5214,1013,CSP4,AM,2026-04-16T08:00:00,2026-04-16T12:00:00,2026-04-16T08:02:00,Y,Completed,2,73
AP9001332,WO701172,5225,1013,CSP4,PM,2026-04-14T12:00:00,2026-04-14T16:00:00,2026-04-14T11:58:00,N,Completed,1,64
AP9001333,WO701173,5260,1014,CSP4,AM,2026-04-14T08:00:00,2026-04-14T12:00:00,2026-04-14T08:11:00,Y,Completed,1,75
AP9001334,WO701173,5260,1014,CSP4,AM,2026-04-16T08:00:00,2026-04-16T12:00:00,2026-04-16T08:01:00,Y,Completed,2,49
AP9001335,WO701174,5258,1011,CSP4,All Day,2026-04-14T08:00:00,2026-04-14T16:00:00,2026-04-14T08:01:00,Y,Completed,1,91
AP9001336,WO701175,5256,1011,CSP4,AM,2026-04-14T08:00:00,2026-04-14T12:00:00,2026-04-14T08:04:00,Y,Completed,1,37
AP9001337,WO701176,5255,1012,CSP4,All Day,2026-04-14T08:00:00,2026-04-14T16:00:00,2026-04-14T08:16:00,Y,Completed,1,108
AP9001338,WO701177,5214,1011,CSP4,All Day,2026-04-14T08:00:00,2026-04-14T16:00:00,2026-04-14T08:04:00,Y,Completed,1,102
AP9001339,WO701178,5231,1014,CSP4,AM,2026-04-14T08:00:00,2026-04-14T12:00:00,2026-04-14T07:59:00,N,Completed,1,98
AP9001340,WO701179,5229,1014,CSP4,AM,2026-04-14T08:00:00,2026-04-14T12:00:00,2026-04-14T08:00:00,Y,Completed,1,71
AP9001341,WO701180,5294,1012,CSP4,All Day,2026-04-14T08:00:00,2026-04-14T16:00:00,2026-04-14T07:57:00,N,Completed,1,72
AP9001342,WO701180,5294,1012,CSP4,All Day,2026-04-16T08:00:00,2026-04-16T16:00:00,2026-04-16T07:57:00,N,Completed,2,101
AP9001343,WO701181,5289,1014,CSP4,PM,2026-04-14T12:00:00,2026-04-14T16:00:00,2026-04-14T12:10:00,Y,Completed,1,58
AP9001344,WO701182,5202,1014,CSP4,All Day,2026-04-14T08:00:00,2026-04-14T16:00:00,2026-04-14T08:15:00,Y,No Access,1,81
AP9001345,WO701182,5202,1014,CSP4,AM,2026-04-16T08:00:00,2026-04-16T12:00:00,2026-04-16T08:07:00,Y,Completed,2,89
AP9001346,WO701184,5203,1014,CSP4,PM,2026-04-14T12:00:00,2026-04-14T16:00:00,2026-04-14T12:19:00,Y,Completed,1,68
AP9001347,WO701185,5295,1013,CSP4,AM,2026-04-14T08:00:00,2026-04-14T12:00:00,2026-04-14T08:09:00,Y,Completed,1,104
AP9001348,WO701186,5202,1014,CSP4,PM,2026-04-14T12:00:00,2026-04-14T16:00:00,2026-04-14T11:56:00,N,Completed,1,78
AP9001349,WO701187,5277,1013,CSP4,All Day,2026-04-14T08:00:00,2026-04-14T16:00:00,2026-04-14T08:09:00,Y,Completed,1,77
AP9001350,WO701188,5285,1012,CSP4,All Day,2026-04-14T08:00:00,2026-04-14T16:00:00,2026-04-14T08:03:00,Y,Completed,1,67
AP9001351,WO701189,5096,1002,CSP1,All Day,2026-04-15T08:00:00,2026-04-15T16:00:00,2026-04-15T08:06:00,Y,Completed,1,57
AP9001352,WO701190,5070,1004,CSP1,PM,2026-04-15T12:00:00,2026-04-15T16:00:00,2026-04-15T11:50:00,N,Completed,1,27
AP9001353,WO701191,5051,1003,CSP1,All Day,2026-04-15T08:00:00,2026-04-15T16:00:00,2026-04-15T08:00:00,Y,Completed,1,102
AP9001354,WO701192,5079,1002,CSP1,AM,2026-04-15T08:00:00,2026-04-15T12:00:00,2026-04-15T08:16:00,Y,Completed,1,35
AP9001355,WO701193,5088,1004,CSP1,AM,2026-04-15T08:00:00,2026-04-15T12:00:00,2026-04-15T07:58:00,N,Completed,1,55
AP9001356,WO701194,5037,1001,CSP1,All Day,2026-04-15T08:00:00,2026-04-15T16:00:00,2026-04-15T08:17:00,Y,Completed,1,49
AP9001357,WO701195,5063,1004,CSP1,AM,2026-04-15T08:00:00,2026-04-15T12:00:00,2026-04-15T08:03:00,Y,Completed,1,62
AP9001358,WO701196,5065,1001,CSP1,PM,2026-04-15T12:00:00,2026-04-15T16:00:00,2026-04-15T12:14:00,Y,Completed,1,85
AP9001359,WO701197,5011,1001,CSP1,PM,2026-04-15T12:00:00,2026-04-15T16:00:00,2026-04-15T11:56:00,N,Completed,1,105
AP9001360,WO701198,5052,1001,CSP1,All Day,2026-04-15T08:00:00,2026-04-15T16:00:00,2026-04-15T08:08:00,Y,Completed,1,63
AP9001361,WO701199,5042,1002,CSP1,PM,2026-04-15T12:00:00,2026-04-15T16:00:00,2026-04-15T11:53:00,N,No Access,1,50
AP9001362,WO701199,5042,1002,CSP1,PM,2026-04-17T12:00:00,2026-04-17T16:00:00,2026-04-17T12:20:00,Y,Completed,2,65
AP9001363,WO701200,5039,1002,CSP1,AM,2026-04-15T08:00:00,2026-04-15T12:00:00,2026-04-15T08:04:00,Y,Completed,1,21
AP9001364,WO701200,5039,1002,CSP1,AM,2026-04-17T08:00:00,2026-04-17T12:00:00,2026-04-17T08:07:00,Y,Completed,2,89
AP9001365,WO701201,5065,1003,CSP1,All Day,2026-04-15T08:00:00,2026-04-15T16:00:00,2026-04-15T07:58:00,N,Completed,1,90
AP9001366,WO701202,5004,1002,CSP1,All Day,2026-04-15T08:00:00,2026-04-15T16:00:00,2026-04-15T08:12:00,Y,Completed,1,104
AP9001367,WO701203,5080,1002,CSP1,AM,2026-04-15T08:00:00,2026-04-15T12:00:00,2026-04-15T08:11:00,Y,Completed,1,83
AP9001368,WO701204,5001,1001,CSP1,AM,2026-04-15T08:00:00,2026-04-15T12:00:00,2026-04-15T07:59:00,N,Completed,1,20
AP9001369,WO701205,5084,1004,CSP1,PM,2026-04-15T12:00:00,2026-04-15T16:00:00,2026-04-15T11:50:00,N,Completed,1,108
AP9001370,WO701206,5016,1003,CSP1,All Day,2026-04-15T08:00:00,2026-04-15T16:00:00,2026-04-15T08:04:00,Y,Completed,1,73
AP9001371,WO701207,5018,1003,CSP1,PM,2026-04-15T12:00:00,2026-04-15T16:00:00,2026-04-15T12:09:00,Y,Completed,1,20
AP9001372,WO701208,5001,1003,CSP1,All Day,2026-04-15T08:00:00,2026-04-15T16:00:00,2026-04-15T08:15:00,Y,Completed,1,62
AP9001373,WO701209,5013,1001,CSP1,All Day,2026-04-15T08:00:00,2026-04-15T16:00:00,2026-04-15T07:54:00,N,Completed,1,82
AP9001374,WO701210,5052,1001,CSP1,PM,2026-04-15T12:00:00,2026-04-15T16:00:00,2026-04-15T12:13:00,Y,No Access,1,37
AP9001375,WO701210,5052,1001,CSP1,All Day,2026-04-17T08:00:00,2026-04-17T16:00:00,2026-04-17T07:53:00,N,Completed,2,49
AP9001376,WO701211,5185,1009,CSP2,All Day,2026-04-15T08:00:00,2026-04-15T16:00:00,2026-04-15T08:02:00,Y,Completed,1,90
AP9001377,WO701211,5185,1009,CSP2,PM,2026-04-17T12:00:00,2026-04-17T16:00:00,2026-04-17T12:11:00,Y,Completed,2,77
AP9001378,WO701212,5166,1006,CSP2,AM,2026-04-15T08:00:00,2026-04-15T12:00:00,2026-04-15T08:02:00,Y,Completed,1,87
AP9001379,WO701212,5166,1006,CSP2,PM,2026-04-17T12:00:00,2026-04-17T16:00:00,2026-04-17T12:18:00,Y,Completed,2,82
AP9001380,WO701213,5186,1006,CSP2,PM,2026-04-15T12:00:00,2026-04-15T16:00:00,2026-04-15T11:50:00,N,Completed,1,20
AP9001381,WO701214,5137,1009,CSP2,AM,2026-04-15T08:00:00,2026-04-15T12:00:00,2026-04-15T07:53:00,N,Completed,1,20
AP9001382,WO701215,5180,1009,CSP2,All Day,2026-04-15T08:00:00,2026-04-15T16:00:00,2026-04-15T07:59:00,N,Completed,1,83
AP9001383,WO701215,5180,1009,CSP2,PM,2026-04-17T12:00:00,2026-04-17T16:00:00,2026-04-17T12:18:00,Y,Completed,2,81
AP9001384,WO701216,5121,1006,CSP2,All Day,2026-04-15T08:00:00,2026-04-15T16:00:00,2026-04-15T08:10:00,Y,Completed,1,76
AP9001385,WO701217,5109,1006,CSP2,PM,2026-04-15T12:00:00,2026-04-15T16:00:00,2026-04-15T11:55:00,N,Completed,1,83
AP9001386,WO701217,5109,1006,CSP2,PM,2026-04-17T12:00:00,2026-04-17T16:00:00,2026-04-17T12:07:00,Y,Completed,2,87
AP9001387,WO701218,5136,1008,CSP2,PM,2026-04-15T12:00:00,2026-04-15T16:00:00,2026-04-15T12:16:00,Y,Completed,1,33
AP9001388,WO701219,5124,1006,CSP2,PM,2026-04-15T12:00:00,2026-04-15T16:00:00,2026-04-15T11:54:00,N,Completed,1,68
AP9001389,WO701220,5175,1008,CSP2,All Day,2026-04-15T08:00:00,2026-04-15T16:00:00,2026-04-15T07:55:00,N,Completed,1,57
AP9001390,WO701221,5187,1006,CSP2,PM,2026-04-15T12:00:00,2026-04-15T16:00:00,2026-04-15T12:07:00,Y,Completed,1,53
AP9001391,WO701222,5150,1006,CSP2,All Day,2026-04-15T08:00:00,2026-04-15T16:00:00,2026-04-15T08:09:00,Y,Completed,1,93
AP9001392,WO701223,5198,1009,CSP2,PM,2026-04-15T12:00:00,2026-04-15T16:00:00,2026-04-15T12:02:00,Y,Completed,1,58
AP9001393,WO701224,5182,1006,CSP2,All Day,2026-04-15T08:00:00,2026-04-15T16:00:00,2026-04-15T07:54:00,N,Completed,1,84
AP9001394,WO701225,5156,1006,CSP2,All Day,2026-04-15T08:00:00,2026-04-15T16:00:00,2026-04-15T08:14:00,Y,Completed,1,59
AP9001395,WO701226,5105,1009,CSP2,AM,2026-04-15T08:00:00,2026-04-15T12:00:00,2026-04-15T08:11:00,Y,No Access,1,90
AP9001396,WO701226,5105,1009,CSP2,PM,2026-04-17T12:00:00,2026-04-17T16:00:00,2026-04-17T11:56:00,N,Completed,2,63
AP9001397,WO701227,5188,1009,CSP2,All Day,2026-04-15T08:00:00,2026-04-15T16:00:00,2026-04-15T08:10:00,Y,Completed,1,82
AP9001398,WO701228,5172,1009,CSP2,AM,2026-04-15T08:00:00,2026-04-15T12:00:00,2026-04-15T07:52:00,N,Completed,1,92
AP9001399,WO701228,5172,1009,CSP2,AM,2026-04-17T08:00:00,2026-04-17T12:00:00,2026-04-17T08:13:00,Y,Completed,2,73
AP9001400,WO701229,5167,1007,CSP2,PM,2026-04-15T12:00:00,2026-04-15T16:00:00,2026-04-15T11:55:00,N,Completed,1,29
AP9001401,WO701229,5167,1007,CSP2,PM,2026-04-17T12:00:00,2026-04-17T16:00:00,2026-04-17T11:56:00,N,Completed,2,70
AP9001402,WO701230,5138,1007,CSP2,AM,2026-04-15T08:00:00,2026-04-15T12:00:00,2026-04-15T08:04:00,Y,Completed,1,77
AP9001403,WO701231,5167,1006,CSP2,AM,2026-04-15T08:00:00,2026-04-15T12:00:00,2026-04-15T08:07:00,Y,Completed,1,102
AP9001404,WO701232,5134,1006,CSP2,AM,2026-04-15T08:00:00,2026-04-15T12:00:00,2026-04-15T08:09:00,Y,Completed,1,57
AP9001405,WO701233,5271,1014,CSP4,AM,2026-04-15T08:00:00,2026-04-15T12:00:00,2026-04-15T07:54:00,N,Completed,1,93
AP9001406,WO701234,5279,1012,CSP4,All Day,2026-04-15T08:00:00,2026-04-15T16:00:00,2026-04-15T07:59:00,N,Completed,1,64
AP9001407,WO701235,5271,1013,CSP4,AM,2026-04-15T08:00:00,2026-04-15T12:00:00,2026-04-15T08:12:00,Y,Completed,1,76
AP9001408,WO701236,5245,1014,CSP4,PM,2026-04-15T12:00:00,2026-04-15T16:00:00,2026-04-15T12:14:00,Y,Completed,1,55
AP9001409,WO701238,5299,1011,CSP4,AM,2026-04-15T08:00:00,2026-04-15T12:00:00,2026-04-15T08:17:00,Y,Completed,1,84
AP9001410,WO701238,5299,1011,CSP4,All Day,2026-04-17T08:00:00,2026-04-17T16:00:00,2026-04-17T08:07:00,Y,Completed,2,57
AP9001411,WO701241,5208,1013,CSP4,All Day,2026-04-15T08:00:00,2026-04-15T16:00:00,2026-04-15T08:08:00,Y,Completed,1,46
AP9001412,WO701242,5238,1013,CSP4,All Day,2026-04-15T08:00:00,2026-04-15T16:00:00,2026-04-15T08:02:00,Y,Completed,1,83
AP9001413,WO701243,5227,1012,CSP4,AM,2026-04-15T08:00:00,2026-04-15T12:00:00,2026-04-15T07:57:00,N,Completed,1,52
AP9001414,WO701244,5271,1014,CSP4,PM,2026-04-15T12:00:00,2026-04-15T16:00:00,2026-04-15T12:08:00,Y,No Access,1,85
AP9001415,WO701244,5271,1014,CSP4,AM,2026-04-17T08:00:00,2026-04-17T12:00:00,2026-04-17T07:54:00,N,Completed,2,59
AP9001416,WO701245,5245,1012,CSP4,AM,2026-04-15T08:00:00,2026-04-15T12:00:00,2026-04-15T08:13:00,Y,No Access,1,90
AP9001417,WO701245,5245,1012,CSP4,AM,2026-04-17T08:00:00,2026-04-17T12:00:00,2026-04-17T08:20:00,Y,Completed,2,73
AP9001418,WO701246,5267,1012,CSP4,PM,2026-04-15T12:00:00,2026-04-15T16:00:00,2026-04-15T12:08:00,Y,Completed,1,109
AP9001419,WO701247,5231,1011,CSP4,PM,2026-04-15T12:00:00,2026-04-15T16:00:00,2026-04-15T12:03:00,Y,Completed,1,22
AP9001420,WO701248,5276,1014,CSP4,AM,2026-04-15T08:00:00,2026-04-15T12:00:00,2026-04-15T07:56:00,N,Completed,1,113
AP9001421,WO701248,5276,1014,CSP4,PM,2026-04-17T12:00:00,2026-04-17T16:00:00,2026-04-17T12:09:00,Y,Completed,2,129
AP9001422,WO701250,5240,1012,CSP4,All Day,2026-04-15T08:00:00,2026-04-15T16:00:00,2026-04-15T08:19:00,Y,Completed,1,69
AP9001423,WO701250,5240,1012,CSP4,All Day,2026-04-17T08:00:00,2026-04-17T16:00:00,2026-04-17T08:15:00,Y,Completed,2,105
AP9001424,WO701251,5234,1014,CSP4,PM,2026-04-15T12:00:00,2026-04-15T16:00:00,2026-04-15T12:07:00,Y,Completed,1,65
AP9001425,WO701252,5295,1014,CSP4,PM,2026-04-15T12:00:00,2026-04-15T16:00:00,2026-04-15T12:09:00,Y,Completed,1,96
AP9001426,WO701253,5255,1013,CSP4,AM,2026-04-15T08:00:00,2026-04-15T12:00:00,2026-04-15T07:57:00,N,Completed,1,126
AP9001427,WO701254,5202,1012,CSP4,AM,2026-04-15T08:00:00,2026-04-15T12:00:00,2026-04-15T08:06:00,Y,Completed,1,117
AP9001428,WO701255,5074,1002,CSP1,AM,2026-04-16T08:00:00,2026-04-16T12:00:00,2026-04-16T08:00:00,Y,Completed,1,60
AP9001429,WO701255,5074,1002,CSP1,All Day,2026-04-20T08:00:00,2026-04-20T16:00:00,2026-04-20T08:06:00,Y,Completed,2,73
AP9001430,WO701256,5078,1002,CSP1,AM,2026-04-16T08:00:00,2026-04-16T12:00:00,2026-04-16T08:02:00,Y,Completed,1,20
AP9001431,WO701257,5003,1001,CSP1,AM,2026-04-16T08:00:00,2026-04-16T12:00:00,2026-04-16T07:59:00,N,Completed,1,64
AP9001432,WO701258,5008,1004,CSP1,PM,2026-04-16T12:00:00,2026-04-16T16:00:00,2026-04-16T11:54:00,N,Completed,1,109
AP9001433,WO701259,5036,1001,CSP1,PM,2026-04-16T12:00:00,2026-04-16T16:00:00,2026-04-16T12:13:00,Y,No Access,1,64
AP9001434,WO701259,5036,1001,CSP1,AM,2026-04-20T08:00:00,2026-04-20T12:00:00,2026-04-20T08:17:00,Y,Completed,2,60
AP9001435,WO701261,5092,1001,CSP1,AM,2026-04-16T08:00:00,2026-04-16T12:00:00,2026-04-16T07:59:00,N,Completed,1,87
AP9001436,WO701262,5046,1004,CSP1,PM,2026-04-16T12:00:00,2026-04-16T16:00:00,2026-04-16T11:54:00,N,No Access,1,86
AP9001437,WO701262,5046,1004,CSP1,All Day,2026-04-20T08:00:00,2026-04-20T16:00:00,2026-04-20T08:16:00,Y,Completed,2,62
AP9001438,WO701263,5010,1004,CSP1,All Day,2026-04-16T08:00:00,2026-04-16T16:00:00,2026-04-16T08:00:00,Y,Completed,1,71
AP9001439,WO701264,5019,1004,CSP1,PM,2026-04-16T12:00:00,2026-04-16T16:00:00,2026-04-16T11:55:00,N,No Access,1,73
AP9001440,WO701264,5019,1004,CSP1,All Day,2026-04-20T08:00:00,2026-04-20T16:00:00,2026-04-20T07:54:00,N,Completed,2,37
AP9001441,WO701265,5038,1001,CSP1,PM,2026-04-16T12:00:00,2026-04-16T16:00:00,2026-04-16T12:09:00,Y,Completed,1,110
AP9001442,WO701266,5041,1002,CSP1,AM,2026-04-16T08:00:00,2026-04-16T12:00:00,2026-04-16T08:00:00,Y,Completed,1,68
AP9001443,WO701267,5075,1001,CSP1,All Day,2026-04-16T08:00:00,2026-04-16T16:00:00,2026-04-16T08:19:00,Y,No Access,1,48
AP9001444,WO701267,5075,1001,CSP1,All Day,2026-04-20T08:00:00,2026-04-20T16:00:00,2026-04-20T08:20:00,Y,Completed,2,77
AP9001445,WO701268,5029,1003,CSP1,All Day,2026-04-16T08:00:00,2026-04-16T16:00:00,2026-04-16T08:18:00,Y,No Access,1,65
AP9001446,WO701268,5029,1003,CSP1,All Day,2026-04-20T08:00:00,2026-04-20T16:00:00,2026-04-20T08:20:00,Y,Completed,2,66
AP9001447,WO701269,5007,1001,CSP1,All Day,2026-04-16T08:00:00,2026-04-16T16:00:00,2026-04-16T08:17:00,Y,Completed,1,64
AP9001448,WO701269,5007,1001,CSP1,AM,2026-04-20T08:00:00,2026-04-20T12:00:00,2026-04-20T07:52:00,N,Completed,2,82
AP9001449,WO701270,5032,1003,CSP1,AM,2026-04-16T08:00:00,2026-04-16T12:00:00,2026-04-16T08:10:00,Y,Completed,1,100
AP9001450,WO701271,5089,1001,CSP1,All Day,2026-04-16T08:00:00,2026-04-16T16:00:00,2026-04-16T08:03:00,Y,Completed,1,64
AP9001451,WO701272,5047,1004,CSP1,AM,2026-04-16T08:00:00,2026-04-16T12:00:00,2026-04-16T08:14:00,Y,Completed,1,80
AP9001452,WO701273,5069,1003,CSP1,AM,2026-04-16T08:00:00,2026-04-16T12:00:00,2026-04-16T07:59:00,N,Completed,1,20
AP9001453,WO701274,5044,1003,CSP1,PM,2026-04-16T12:00:00,2026-04-16T16:00:00,2026-04-16T11:58:00,N,Completed,1,85
AP9001454,WO701275,5099,1001,CSP1,All Day,2026-04-16T08:00:00,2026-04-16T16:00:00,2026-04-16T07:56:00,N,Completed,1,85
AP9001455,WO701276,5092,1003,CSP1,PM,2026-04-16T12:00:00,2026-04-16T16:00:00,2026-04-16T11:53:00,N,Completed,1,104
AP9001456,WO701277,5110,1007,CSP2,AM,2026-04-16T08:00:00,2026-04-16T12:00:00,2026-04-16T08:05:00,Y,Completed,1,77
AP9001457,WO701278,5172,1008,CSP2,AM,2026-04-16T08:00:00,2026-04-16T12:00:00,2026-04-16T07:57:00,N,Completed,1,103
AP9001458,WO701278,5172,1008,CSP2,All Day,2026-04-20T08:00:00,2026-04-20T16:00:00,2026-04-20T07:55:00,N,Completed,2,91
AP9001459,WO701279,5106,1007,CSP2,All Day,2026-04-16T08:00:00,2026-04-16T16:00:00,2026-04-16T08:00:00,Y,Completed,1,73
AP9001460,WO701279,5106,1007,CSP2,All Day,2026-04-20T08:00:00,2026-04-20T16:00:00,2026-04-20T07:52:00,N,Completed,2,41
AP9001461,WO701280,5156,1009,CSP2,AM,2026-04-16T08:00:00,2026-04-16T12:00:00,2026-04-16T07:56:00,N,Completed,1,59
AP9001462,WO701281,5166,1008,CSP2,PM,2026-04-16T12:00:00,2026-04-16T16:00:00,2026-04-16T11:58:00,N,Completed,1,79
AP9001463,WO701283,5167,1008,CSP2,All Day,2026-04-16T08:00:00,2026-04-16T16:00:00,2026-04-16T08:09:00,Y,No Access,1,94
AP9001464,WO701283,5167,1008,CSP2,PM,2026-04-20T12:00:00,2026-04-20T16:00:00,2026-04-20T11:50:00,N,Completed,2,75
AP9001465,WO701284,5119,1009,CSP2,AM,2026-04-16T08:00:00,2026-04-16T12:00:00,2026-04-16T08:14:00,Y,Completed,1,86
AP9001466,WO701285,5141,1006,CSP2,All Day,2026-04-16T08:00:00,2026-04-16T16:00:00,2026-04-16T08:16:00,Y,Completed,1,147
AP9001467,WO701285,5141,1006,CSP2,PM,2026-04-20T12:00:00,2026-04-20T16:00:00,2026-04-20T12:00:00,Y,Completed,2,112
AP9001468,WO701286,5137,1009,CSP2,All Day,2026-04-16T08:00:00,2026-04-16T16:00:00,2026-04-16T07:51:00,N,Completed,1,94
AP9001469,WO701287,5166,1008,CSP2,AM,2026-04-16T08:00:00,2026-04-16T12:00:00,2026-04-16T08:05:00,Y,Completed,1,77
AP9001470,WO701287,5166,1008,CSP2,All Day,2026-04-20T08:00:00,2026-04-20T16:00:00,2026-04-20T08:08:00,Y,Completed,2,111
AP9001471,WO701288,5104,1008,CSP2,PM,2026-04-16T12:00:00,2026-04-16T16:00:00,2026-04-16T12:02:00,Y,Completed,1,81
AP9001472,WO701289,5159,1006,CSP2,All Day,2026-04-16T08:00:00,2026-04-16T16:00:00,2026-04-16T08:15:00,Y,Completed,1,92
AP9001473,WO701290,5118,1006,CSP2,PM,2026-04-16T12:00:00,2026-04-16T16:00:00,2026-04-16T12:01:00,Y,Completed,1,65
AP9001474,WO701291,5110,1006,CSP2,PM,2026-04-16T12:00:00,2026-04-16T16:00:00,2026-04-16T12:18:00,Y,Completed,1,72
AP9001475,WO701292,5191,1008,CSP2,PM,2026-04-16T12:00:00,2026-04-16T16:00:00,2026-04-16T12:12:00,Y,No Access,1,82
AP9001476,WO701292,5191,1008,CSP2,PM,2026-04-20T12:00:00,2026-04-20T16:00:00,2026-04-20T11:57:00,N,Completed,2,51
AP9001477,WO701293,5172,1006,CSP2,PM,2026-04-16T12:00:00,2026-04-16T16:00:00,2026-04-16T11:51:00,N,Completed,1,46
AP9001478,WO701294,5187,1008,CSP2,AM,2026-04-16T08:00:00,2026-04-16T12:00:00,2026-04-16T08:08:00,Y,Completed,1,38
AP9001479,WO701295,5112,1006,CSP2,All Day,2026-04-16T08:00:00,2026-04-16T16:00:00,2026-04-16T07:59:00,N,Completed,1,65
AP9001480,WO701296,5191,1006,CSP2,AM,2026-04-16T08:00:00,2026-04-16T12:00:00,2026-04-16T08:09:00,Y,Completed,1,94
AP9001481,WO701297,5162,1007,CSP2,AM,2026-04-16T08:00:00,2026-04-16T12:00:00,2026-04-16T07:52:00,N,Completed,1,38
AP9001482,WO701297,5162,1007,CSP2,All Day,2026-04-20T08:00:00,2026-04-20T16:00:00,2026-04-20T08:02:00,Y,Completed,2,65
AP9001483,WO701298,5163,1007,CSP2,All Day,2026-04-16T08:00:00,2026-04-16T16:00:00,2026-04-16T08:13:00,Y,Completed,1,104
AP9001484,WO701299,5297,1014,CSP4,All Day,2026-04-16T08:00:00,2026-04-16T16:00:00,2026-04-16T08:20:00,Y,Completed,1,82
AP9001485,WO701299,5297,1014,CSP4,All Day,2026-04-20T08:00:00,2026-04-20T16:00:00,2026-04-20T08:12:00,Y,Completed,2,73
AP9001486,WO701300,5241,1011,CSP4,AM,2026-04-16T08:00:00,2026-04-16T12:00:00,2026-04-16T08:02:00,Y,Completed,1,38
AP9001487,WO701301,5263,1013,CSP4,AM,2026-04-16T08:00:00,2026-04-16T12:00:00,2026-04-16T08:18:00,Y,Completed,1,46
AP9001488,WO701302,5208,1012,CSP4,AM,2026-04-16T08:00:00,2026-04-16T12:00:00,2026-04-16T08:13:00,Y,Completed,1,100
AP9001489,WO701303,5234,1014,CSP4,AM,2026-04-16T08:00:00,2026-04-16T12:00:00,2026-04-16T07:56:00,N,Completed,1,90
AP9001490,WO701304,5229,1013,CSP4,PM,2026-04-16T12:00:00,2026-04-16T16:00:00,2026-04-16T12:17:00,Y,Completed,1,80
AP9001491,WO701304,5229,1013,CSP4,All Day,2026-04-20T08:00:00,2026-04-20T16:00:00,2026-04-20T08:19:00,Y,Completed,2,66
AP9001492,WO701305,5278,1014,CSP4,PM,2026-04-16T12:00:00,2026-04-16T16:00:00,2026-04-16T11:51:00,N,Completed,1,74
AP9001493,WO701306,5299,1014,CSP4,AM,2026-04-16T08:00:00,2026-04-16T12:00:00,2026-04-16T08:09:00,Y,Completed,1,109
AP9001494,WO701307,5269,1011,CSP4,All Day,2026-04-16T08:00:00,2026-04-16T16:00:00,2026-04-16T08:16:00,Y,Completed,1,135
AP9001495,WO701308,5294,1013,CSP4,AM,2026-04-16T08:00:00,2026-04-16T12:00:00,2026-04-16T07:52:00,N,Completed,1,106
AP9001496,WO701310,5296,1014,CSP4,PM,2026-04-16T12:00:00,2026-04-16T16:00:00,2026-04-16T11:53:00,N,Completed,1,95
AP9001497,WO701310,5296,1014,CSP4,PM,2026-04-20T12:00:00,2026-04-20T16:00:00,2026-04-20T12:07:00,Y,Completed,2,71
AP9001498,WO701311,5211,1012,CSP4,PM,2026-04-16T12:00:00,2026-04-16T16:00:00,2026-04-16T11:57:00,N,Completed,1,97
AP9001499,WO701312,5220,1011,CSP4,AM,2026-04-16T08:00:00,2026-04-16T12:00:00,2026-04-16T08:09:00,Y,Completed,1,71
AP9001500,WO701313,5255,1012,CSP4,AM,2026-04-16T08:00:00,2026-04-16T12:00:00,2026-04-16T07:50:00,N,Completed,1,69
AP9001501,WO701313,5255,1012,CSP4,AM,2026-04-20T08:00:00,2026-04-20T12:00:00,2026-04-20T08:09:00,Y,Completed,2,106
AP9001502,WO701314,5261,1013,CSP4,PM,2026-04-16T12:00:00,2026-04-16T16:00:00,2026-04-16T12:12:00,Y,Completed,1,53
AP9001503,WO701315,5269,1014,CSP4,All Day,2026-04-16T08:00:00,2026-04-16T16:00:00,2026-04-16T08:12:00,Y,Completed,1,83
AP9001504,WO701316,5292,1012,CSP4,All Day,2026-04-16T08:00:00,2026-04-16T16:00:00,2026-04-16T08:18:00,Y,Completed,1,72
AP9001505,WO701317,5273,1014,CSP4,AM,2026-04-16T08:00:00,2026-04-16T12:00:00,2026-04-16T07:59:00,N,Completed,1,67
AP9001506,WO701318,5263,1013,CSP4,All Day,2026-04-16T08:00:00,2026-04-16T16:00:00,2026-04-16T07:57:00,N,Completed,1,81
AP9001507,WO701319,5208,1014,CSP4,PM,2026-04-16T12:00:00,2026-04-16T16:00:00,2026-04-16T12:15:00,Y,Completed,1,55
AP9001508,WO701320,5277,1012,CSP4,AM,2026-04-16T08:00:00,2026-04-16T12:00:00,2026-04-16T08:00:00,Y,No Access,1,91
AP9001509,WO701320,5277,1012,CSP4,All Day,2026-04-20T08:00:00,2026-04-20T16:00:00,2026-04-20T08:14:00,Y,Completed,2,24
AP9001510,WO701321,5041,1001,CSP1,AM,2026-04-17T08:00:00,2026-04-17T12:00:00,2026-04-17T08:13:00,Y,Completed,1,48
AP9001511,WO701322,5014,1003,CSP1,AM,2026-04-17T08:00:00,2026-04-17T12:00:00,2026-04-17T07:54:00,N,Completed,1,42
AP9001512,WO701323,5057,1001,CSP1,AM,2026-04-17T08:00:00,2026-04-17T12:00:00,2026-04-17T08:19:00,Y,Completed,1,107
AP9001513,WO701323,5057,1001,CSP1,All Day,2026-04-20T08:00:00,2026-04-20T16:00:00,2026-04-20T08:02:00,Y,Completed,2,129
AP9001514,WO701324,5071,1002,CSP1,AM,2026-04-17T08:00:00,2026-04-17T12:00:00,2026-04-17T08:02:00,Y,Completed,1,92
AP9001515,WO701325,5035,1004,CSP1,AM,2026-04-17T08:00:00,2026-04-17T12:00:00,2026-04-17T08:01:00,Y,Completed,1,113
AP9001516,WO701326,5027,1001,CSP1,All Day,2026-04-17T08:00:00,2026-04-17T16:00:00,2026-04-17T08:10:00,Y,Completed,1,86
AP9001517,WO701326,5027,1001,CSP1,PM,2026-04-20T12:00:00,2026-04-20T16:00:00,2026-04-20T12:16:00,Y,Completed,2,106
AP9001518,WO701327,5018,1002,CSP1,All Day,2026-04-17T08:00:00,2026-04-17T16:00:00,2026-04-17T07:51:00,N,Completed,1,76
AP9001519,WO701329,5060,1002,CSP1,AM,2026-04-17T08:00:00,2026-04-17T12:00:00,2026-04-17T08:15:00,Y,Completed,1,72
AP9001520,WO701330,5037,1002,CSP1,AM,2026-04-17T08:00:00,2026-04-17T12:00:00,2026-04-17T08:09:00,Y,Completed,1,39
AP9001521,WO701331,5083,1002,CSP1,All Day,2026-04-17T08:00:00,2026-04-17T16:00:00,2026-04-17T07:56:00,N,Completed,1,78
AP9001522,WO701332,5067,1004,CSP1,All Day,2026-04-17T08:00:00,2026-04-17T16:00:00,2026-04-17T08:09:00,Y,Completed,1,47
AP9001523,WO701333,5079,1001,CSP1,All Day,2026-04-17T08:00:00,2026-04-17T16:00:00,2026-04-17T08:10:00,Y,Completed,1,104
AP9001524,WO701334,5019,1004,CSP1,AM,2026-04-17T08:00:00,2026-04-17T12:00:00,2026-04-17T07:54:00,N,Completed,1,20
AP9001525,WO701335,5057,1004,CSP1,PM,2026-04-17T12:00:00,2026-04-17T16:00:00,2026-04-17T12:19:00,Y,No Access,1,86
AP9001526,WO701335,5057,1004,CSP1,PM,2026-04-20T12:00:00,2026-04-20T16:00:00,2026-04-20T12:11:00,Y,Completed,2,48
AP9001527,WO701336,5100,1003,CSP1,All Day,2026-04-17T08:00:00,2026-04-17T16:00:00,2026-04-17T08:08:00,Y,Completed,1,82
AP9001528,WO701337,5028,1003,CSP1,All Day,2026-04-17T08:00:00,2026-04-17T16:00:00,2026-04-17T07:59:00,N,Completed,1,72
AP9001529,WO701338,5033,1002,CSP1,All Day,2026-04-17T08:00:00,2026-04-17T16:00:00,2026-04-17T07:52:00,N,Completed,1,41
AP9001530,WO701338,5033,1002,CSP1,AM,2026-04-20T08:00:00,2026-04-20T12:00:00,2026-04-20T08:12:00,Y,Completed,2,62
AP9001531,WO701339,5099,1004,CSP1,PM,2026-04-17T12:00:00,2026-04-17T16:00:00,2026-04-17T12:10:00,Y,Completed,1,64
AP9001532,WO701341,5040,1003,CSP1,PM,2026-04-17T12:00:00,2026-04-17T16:00:00,2026-04-17T12:02:00,Y,Completed,1,88
AP9001533,WO701341,5040,1003,CSP1,AM,2026-04-20T08:00:00,2026-04-20T12:00:00,2026-04-20T08:17:00,Y,Completed,2,96
AP9001534,WO701343,5174,1006,CSP2,PM,2026-04-17T12:00:00,2026-04-17T16:00:00,2026-04-17T12:09:00,Y,Completed,1,113
AP9001535,WO701344,5183,1008,CSP2,All Day,2026-04-17T08:00:00,2026-04-17T16:00:00,2026-04-17T08:03:00,Y,Completed,1,61
AP9001536,WO701346,5113,1006,CSP2,PM,2026-04-17T12:00:00,2026-04-17T16:00:00,2026-04-17T12:16:00,Y,No Access,1,87
AP9001537,WO701346,5113,1006,CSP2,AM,2026-04-20T08:00:00,2026-04-20T12:00:00,2026-04-20T07:59:00,N,Completed,2,68
AP9001538,WO701347,5141,1009,CSP2,All Day,2026-04-17T08:00:00,2026-04-17T16:00:00,2026-04-17T07:54:00,N,Completed,1,73
AP9001539,WO701348,5186,1009,CSP2,AM,2026-04-17T08:00:00,2026-04-17T12:00:00,2026-04-17T07:54:00,N,Completed,1,89
AP9001540,WO701349,5106,1008,CSP2,AM,2026-04-17T08:00:00,2026-04-17T12:00:00,2026-04-17T07:52:00,N,Completed,1,117
AP9001541,WO701350,5101,1007,CSP2,All Day,2026-04-17T08:00:00,2026-04-17T16:00:00,2026-04-17T07:50:00,N,Completed,1,91
AP9001542,WO701351,5160,1006,CSP2,PM,2026-04-17T12:00:00,2026-04-17T16:00:00,2026-04-17T12:05:00,Y,Completed,1,82
AP9001543,WO701352,5199,1008,CSP2,PM,2026-04-17T12:00:00,2026-04-17T16:00:00,2026-04-17T11:51:00,N,No Access,1,59
AP9001544,WO701352,5199,1008,CSP2,AM,2026-04-20T08:00:00,2026-04-20T12:00:00,2026-04-20T08:01:00,Y,Completed,2,97
AP9001545,WO701353,5140,1008,CSP2,PM,2026-04-17T12:00:00,2026-04-17T16:00:00,2026-04-17T11:52:00,N,Completed,1,83
AP9001546,WO701354,5118,1008,CSP2,AM,2026-04-17T08:00:00,2026-04-17T12:00:00,2026-04-17T08:12:00,Y,Completed,1,107
AP9001547,WO701355,5190,1008,CSP2,All Day,2026-04-17T08:00:00,2026-04-17T16:00:00,2026-04-17T08:13:00,Y,Completed,1,67
AP9001548,WO701356,5181,1009,CSP2,All Day,2026-04-17T08:00:00,2026-04-17T16:00:00,2026-04-17T07:51:00,N,No Access,1,83
AP9001549,WO701356,5181,1009,CSP2,PM,2026-04-20T12:00:00,2026-04-20T16:00:00,2026-04-20T12:13:00,Y,Completed,2,43
AP9001550,WO701357,5156,1009,CSP2,PM,2026-04-17T12:00:00,2026-04-17T16:00:00,2026-04-17T12:20:00,Y,Completed,1,83
AP9001551,WO701358,5196,1008,CSP2,All Day,2026-04-17T08:00:00,2026-04-17T16:00:00,2026-04-17T08:02:00,Y,Completed,1,51
AP9001552,WO701359,5167,1006,CSP2,All Day,2026-04-17T08:00:00,2026-04-17T16:00:00,2026-04-17T07:57:00,N,Completed,1,62
AP9001553,WO701360,5105,1008,CSP2,All Day,2026-04-17T08:00:00,2026-04-17T16:00:00,2026-04-17T08:09:00,Y,Completed,1,39
AP9001554,WO701361,5113,1009,CSP2,All Day,2026-04-17T08:00:00,2026-04-17T16:00:00,2026-04-17T08:20:00,Y,Completed,1,76
AP9001555,WO701362,5179,1009,CSP2,AM,2026-04-17T08:00:00,2026-04-17T12:00:00,2026-04-17T08:14:00,Y,Completed,1,82
AP9001556,WO701363,5177,1009,CSP2,PM,2026-04-17T12:00:00,2026-04-17T16:00:00,2026-04-17T12:15:00,Y,Completed,1,92
AP9001557,WO701364,5165,1008,CSP2,AM,2026-04-17T08:00:00,2026-04-17T12:00:00,2026-04-17T08:17:00,Y,Completed,1,110
AP9001558,WO701365,5239,1012,CSP4,AM,2026-04-17T08:00:00,2026-04-17T12:00:00,2026-04-17T08:09:00,Y,Completed,1,76
AP9001559,WO701367,5219,1014,CSP4,AM,2026-04-17T08:00:00,2026-04-17T12:00:00,2026-04-17T07:56:00,N,Completed,1,92
AP9001560,WO701368,5293,1014,CSP4,AM,2026-04-17T08:00:00,2026-04-17T12:00:00,2026-04-17T08:15:00,Y,Completed,1,117
AP9001561,WO701369,5271,1012,CSP4,All Day,2026-04-17T08:00:00,2026-04-17T16:00:00,2026-04-17T08:17:00,Y,Completed,1,58
AP9001562,WO701370,5213,1012,CSP4,PM,2026-04-17T12:00:00,2026-04-17T16:00:00,2026-04-17T11:57:00,N,Completed,1,85
AP9001563,WO701371,5287,1014,CSP4,PM,2026-04-17T12:00:00,2026-04-17T16:00:00,2026-04-17T12:02:00,Y,Completed,1,50
AP9001564,WO701372,5229,1012,CSP4,PM,2026-04-17T12:00:00,2026-04-17T16:00:00,2026-04-17T12:05:00,Y,Completed,1,52
AP9001565,WO701373,5251,1012,CSP4,AM,2026-04-17T08:00:00,2026-04-17T12:00:00,2026-04-17T08:13:00,Y,Completed,1,99
AP9001566,WO701373,5251,1012,CSP4,AM,2026-04-20T08:00:00,2026-04-20T12:00:00,2026-04-20T07:54:00,N,Completed,2,48
AP9001567,WO701374,5250,1012,CSP4,AM,2026-04-17T08:00:00,2026-04-17T12:00:00,2026-04-17T08:08:00,Y,Completed,1,106
AP9001568,WO701375,5254,1014,CSP4,All Day,2026-04-17T08:00:00,2026-04-17T16:00:00,2026-04-17T07:56:00,N,Completed,1,96
AP9001569,WO701376,5213,1012,CSP4,All Day,2026-04-17T08:00:00,2026-04-17T16:00:00,2026-04-17T07:58:00,N,Completed,1,70
AP9001570,WO701377,5202,1011,CSP4,All Day,2026-04-17T08:00:00,2026-04-17T16:00:00,2026-04-17T08:08:00,Y,Completed,1,91
AP9001571,WO701378,5282,1011,CSP4,All Day,2026-04-17T08:00:00,2026-04-17T16:00:00,2026-04-17T08:05:00,Y,Completed,1,64
AP9001572,WO701379,5269,1013,CSP4,All Day,2026-04-17T08:00:00,2026-04-17T16:00:00,2026-04-17T08:00:00,Y,Completed,1,94
AP9001573,WO701380,5220,1014,CSP4,AM,2026-04-17T08:00:00,2026-04-17T12:00:00,2026-04-17T08:19:00,Y,Completed,1,94
AP9001574,WO701382,5277,1011,CSP4,AM,2026-04-17T08:00:00,2026-04-17T12:00:00,2026-04-17T08:07:00,Y,Completed,1,65
AP9001575,WO701383,5238,1011,CSP4,AM,2026-04-17T08:00:00,2026-04-17T12:00:00,2026-04-17T07:50:00,N,Completed,1,96
AP9001576,WO701383,5238,1011,CSP4,AM,2026-04-20T08:00:00,2026-04-20T12:00:00,2026-04-20T07:56:00,N,Completed,2,36
AP9001577,WO701384,5205,1012,CSP4,PM,2026-04-17T12:00:00,2026-04-17T16:00:00,2026-04-17T12:10:00,Y,Completed,1,72
AP9001578,WO701385,5264,1014,CSP4,PM,2026-04-17T12:00:00,2026-04-17T16:00:00,2026-04-17T12:04:00,Y,Completed,1,60
AP9001579,WO701386,5294,1011,CSP4,PM,2026-04-17T12:00:00,2026-04-17T16:00:00,2026-04-17T12:18:00,Y,Completed,1,69
AP9001580,WO701387,5082,1004,CSP1,PM,2026-04-20T12:00:00,2026-04-20T16:00:00,2026-04-20T12:19:00,Y,Completed,1,36
AP9001581,WO701388,5052,1004,CSP1,AM,2026-04-20T08:00:00,2026-04-20T12:00:00,2026-04-20T08:19:00,Y,Completed,1,75
AP9001582,WO701389,5015,1001,CSP1,AM,2026-04-20T08:00:00,2026-04-20T12:00:00,2026-04-20T08:02:00,Y,Completed,1,73
AP9001583,WO701390,5007,1003,CSP1,All Day,2026-04-20T08:00:00,2026-04-20T16:00:00,2026-04-20T08:00:00,Y,No Access,1,89
AP9001584,WO701390,5007,1003,CSP1,PM,2026-04-22T12:00:00,2026-04-22T16:00:00,2026-04-22T11:54:00,N,Completed,2,100
AP9001585,WO701391,5065,1001,CSP1,All Day,2026-04-20T08:00:00,2026-04-20T16:00:00,2026-04-20T08:16:00,Y,Completed,1,102
AP9001586,WO701393,5042,1001,CSP1,AM,2026-04-20T08:00:00,2026-04-20T12:00:00,2026-04-20T08:18:00,Y,Completed,1,81
AP9001587,WO701394,5043,1001,CSP1,All Day,2026-04-20T08:00:00,2026-04-20T16:00:00,2026-04-20T08:10:00,Y,Completed,1,94
AP9001588,WO701395,5020,1002,CSP1,PM,2026-04-20T12:00:00,2026-04-20T16:00:00,2026-04-20T12:04:00,Y,Completed,1,54
AP9001589,WO701396,5005,1003,CSP1,All Day,2026-04-20T08:00:00,2026-04-20T16:00:00,2026-04-20T08:19:00,Y,Completed,1,132
AP9001590,WO701397,5039,1001,CSP1,AM,2026-04-20T08:00:00,2026-04-20T12:00:00,2026-04-20T07:57:00,N,No Access,1,75
AP9001591,WO701397,5039,1001,CSP1,All Day,2026-04-22T08:00:00,2026-04-22T16:00:00,2026-04-22T08:02:00,Y,Completed,2,85
AP9001592,WO701398,5046,1004,CSP1,PM,2026-04-20T12:00:00,2026-04-20T16:00:00,2026-04-20T12:20:00,Y,Completed,1,102
AP9001593,WO701398,5046,1004,CSP1,All Day,2026-04-22T08:00:00,2026-04-22T16:00:00,2026-04-22T07:52:00,N,Completed,2,69
AP9001594,WO701399,5069,1004,CSP1,All Day,2026-04-20T08:00:00,2026-04-20T16:00:00,2026-04-20T08:08:00,Y,Completed,1,101
AP9001595,WO701400,5074,1002,CSP1,All Day,2026-04-20T08:00:00,2026-04-20T16:00:00,2026-04-20T08:12:00,Y,Completed,1,79
AP9001596,WO701401,5077,1003,CSP1,All Day,2026-04-20T08:00:00,2026-04-20T16:00:00,2026-04-20T08:15:00,Y,Completed,1,37
AP9001597,WO701402,5082,1004,CSP1,AM,2026-04-20T08:00:00,2026-04-20T12:00:00,2026-04-20T08:08:00,Y,Completed,1,71
AP9001598,WO701403,5058,1001,CSP1,PM,2026-04-20T12:00:00,2026-04-20T16:00:00,2026-04-20T12:09:00,Y,No Access,1,22
AP9001599,WO701403,5058,1001,CSP1,All Day,2026-04-22T08:00:00,2026-04-22T16:00:00,2026-04-22T08:15:00,Y,Completed,2,67
AP9001600,WO701404,5084,1004,CSP1,PM,2026-04-20T12:00:00,2026-04-20T16:00:00,2026-04-20T11:56:00,N,Completed,1,63
AP9001601,WO701405,5082,1002,CSP1,All Day,2026-04-20T08:00:00,2026-04-20T16:00:00,2026-04-20T07:58:00,N,Completed,1,84
AP9001602,WO701406,5053,1001,CSP1,All Day,2026-04-20T08:00:00,2026-04-20T16:00:00,2026-04-20T08:17:00,Y,Completed,1,67
AP9001603,WO701407,5003,1003,CSP1,All Day,2026-04-20T08:00:00,2026-04-20T16:00:00,2026-04-20T07:59:00,N,Completed,1,91
AP9001604,WO701407,5003,1003,CSP1,AM,2026-04-22T08:00:00,2026-04-22T12:00:00,2026-04-22T07:50:00,N,Completed,2,67
AP9001605,WO701408,5061,1002,CSP1,All Day,2026-04-20T08:00:00,2026-04-20T16:00:00,2026-04-20T08:04:00,Y,Completed,1,39
AP9001606,WO701409,5178,1007,CSP2,AM,2026-04-20T08:00:00,2026-04-20T12:00:00,2026-04-20T08:19:00,Y,Completed,1,89
AP9001607,WO701409,5178,1007,CSP2,All Day,2026-04-22T08:00:00,2026-04-22T16:00:00,2026-04-22T08:06:00,Y,Completed,2,68
AP9001608,WO701410,5143,1007,CSP2,All Day,2026-04-20T08:00:00,2026-04-20T16:00:00,2026-04-20T07:55:00,N,Completed,1,54
AP9001609,WO701411,5167,1009,CSP2,All Day,2026-04-20T08:00:00,2026-04-20T16:00:00,2026-04-20T08:06:00,Y,Completed,1,71
AP9001610,WO701412,5192,1007,CSP2,AM,2026-04-20T08:00:00,2026-04-20T12:00:00,2026-04-20T07:56:00,N,Completed,1,66
AP9001611,WO701413,5199,1009,CSP2,AM,2026-04-20T08:00:00,2026-04-20T12:00:00,2026-04-20T08:00:00,Y,Completed,1,38
AP9001612,WO701414,5114,1009,CSP2,All Day,2026-04-20T08:00:00,2026-04-20T16:00:00,2026-04-20T07:51:00,N,Completed,1,20
AP9001613,WO701415,5153,1006,CSP2,All Day,2026-04-20T08:00:00,2026-04-20T16:00:00,2026-04-20T07:56:00,N,Completed,1,68
AP9001614,WO701416,5110,1009,CSP2,PM,2026-04-20T12:00:00,2026-04-20T16:00:00,2026-04-20T12:04:00,Y,Completed,1,56
AP9001615,WO701417,5143,1008,CSP2,PM,2026-04-20T12:00:00,2026-04-20T16:00:00,2026-04-20T11:50:00,N,Completed,1,75
AP9001616,WO701418,5104,1009,CSP2,All Day,2026-04-20T08:00:00,2026-04-20T16:00:00,2026-04-20T07:58:00,N,Completed,1,52
AP9001617,WO701419,5140,1009,CSP2,AM,2026-04-20T08:00:00,2026-04-20T12:00:00,2026-04-20T08:18:00,Y,Completed,1,66
AP9001618,WO701421,5147,1009,CSP2,AM,2026-04-20T08:00:00,2026-04-20T12:00:00,2026-04-20T07:56:00,N,Completed,1,58
AP9001619,WO701422,5183,1006,CSP2,AM,2026-04-20T08:00:00,2026-04-20T12:00:00,2026-04-20T08:16:00,Y,Completed,1,43
AP9001620,WO701423,5122,1006,CSP2,PM,2026-04-20T12:00:00,2026-04-20T16:00:00,2026-04-20T12:02:00,Y,Completed,1,66
AP9001621,WO701424,5140,1006,CSP2,PM,2026-04-20T12:00:00,2026-04-20T16:00:00,2026-04-20T12:00:00,Y,Completed,1,61
AP9001622,WO701425,5182,1009,CSP2,PM,2026-04-20T12:00:00,2026-04-20T16:00:00,2026-04-20T12:00:00,Y,Completed,1,92
AP9001623,WO701426,5105,1009,CSP2,PM,2026-04-20T12:00:00,2026-04-20T16:00:00,2026-04-20T12:00:00,Y,Completed,1,75
AP9001624,WO701427,5195,1006,CSP2,AM,2026-04-20T08:00:00,2026-04-20T12:00:00,2026-04-20T07:58:00,N,Completed,1,51
AP9001625,WO701428,5195,1008,CSP2,AM,2026-04-20T08:00:00,2026-04-20T12:00:00,2026-04-20T07:50:00,N,Completed,1,103
AP9001626,WO701429,5178,1009,CSP2,All Day,2026-04-20T08:00:00,2026-04-20T16:00:00,2026-04-20T08:17:00,Y,Completed,1,84
AP9001627,WO701430,5117,1006,CSP2,PM,2026-04-20T12:00:00,2026-04-20T16:00:00,2026-04-20T11:52:00,N,Completed,1,54
AP9001628,WO701431,5269,1012,CSP4,AM,2026-04-20T08:00:00,2026-04-20T12:00:00,2026-04-20T08:18:00,Y,Completed,1,86
AP9001629,WO701432,5213,1013,CSP4,PM,2026-04-20T12:00:00,2026-04-20T16:00:00,2026-04-20T11:52:00,N,Completed,1,79
AP9001630,WO701434,5297,1013,CSP4,AM,2026-04-20T08:00:00,2026-04-20T12:00:00,2026-04-20T07:54:00,N,Completed,1,41
AP9001631,WO701435,5283,1012,CSP4,AM,2026-04-20T08:00:00,2026-04-20T12:00:00,2026-04-20T08:06:00,Y,No Access,1,49
AP9001632,WO701435,5283,1012,CSP4,PM,2026-04-22T12:00:00,2026-04-22T16:00:00,2026-04-22T11:50:00,N,Completed,2,92
AP9001633,WO701436,5257,1012,CSP4,PM,2026-04-20T12:00:00,2026-04-20T16:00:00,2026-04-20T12:16:00,Y,Completed,1,67
AP9001634,WO701437,5264,1011,CSP4,AM,2026-04-20T08:00:00,2026-04-20T12:00:00,2026-04-20T08:03:00,Y,Completed,1,76
AP9001635,WO701438,5282,1013,CSP4,PM,2026-04-20T12:00:00,2026-04-20T16:00:00,2026-04-20T11:54:00,N,Completed,1,100
AP9001636,WO701439,5241,1012,CSP4,AM,2026-04-20T08:00:00,2026-04-20T12:00:00,2026-04-20T08:15:00,Y,Completed,1,59
AP9001637,WO701440,5225,1011,CSP4,All Day,2026-04-20T08:00:00,2026-04-20T16:00:00,2026-04-20T08:09:00,Y,Completed,1,73
AP9001638,WO701441,5261,1013,CSP4,All Day,2026-04-20T08:00:00,2026-04-20T16:00:00,2026-04-20T07:52:00,N,Completed,1,57
AP9001639,WO701441,5261,1013,CSP4,PM,2026-04-22T12:00:00,2026-04-22T16:00:00,2026-04-22T12:11:00,Y,Completed,2,45
AP9001640,WO701442,5219,1011,CSP4,All Day,2026-04-20T08:00:00,2026-04-20T16:00:00,2026-04-20T08:05:00,Y,Completed,1,59
AP9001641,WO701443,5254,1014,CSP4,AM,2026-04-20T08:00:00,2026-04-20T12:00:00,2026-04-20T08:16:00,Y,Completed,1,64
AP9001642,WO701444,5299,1011,CSP4,AM,2026-04-20T08:00:00,2026-04-20T12:00:00,2026-04-20T08:01:00,Y,Completed,1,150
AP9001643,WO701445,5204,1013,CSP4,All Day,2026-04-20T08:00:00,2026-04-20T16:00:00,2026-04-20T07:50:00,N,Completed,1,58
AP9001644,WO701446,5265,1013,CSP4,PM,2026-04-20T12:00:00,2026-04-20T16:00:00,2026-04-20T12:14:00,Y,Completed,1,127
AP9001645,WO701447,5276,1013,CSP4,All Day,2026-04-20T08:00:00,2026-04-20T16:00:00,2026-04-20T07:50:00,N,Completed,1,48
AP9001646,WO701448,5232,1012,CSP4,All Day,2026-04-20T08:00:00,2026-04-20T16:00:00,2026-04-20T07:58:00,N,Completed,1,61
AP9001647,WO701449,5248,1013,CSP4,All Day,2026-04-20T08:00:00,2026-04-20T16:00:00,2026-04-20T08:16:00,Y,Completed,1,53
AP9001648,WO701450,5294,1014,CSP4,AM,2026-04-20T08:00:00,2026-04-20T12:00:00,2026-04-20T07:55:00,N,Completed,1,52
AP9001649,WO701451,5232,1013,CSP4,PM,2026-04-20T12:00:00,2026-04-20T16:00:00,2026-04-20T11:54:00,N,Completed,1,48
AP9001650,WO701452,5218,1012,CSP4,AM,2026-04-20T08:00:00,2026-04-20T12:00:00,2026-04-20T08:01:00,Y,Completed,1,38
AP9001651,WO701453,5096,1002,CSP1,PM,2026-04-21T12:00:00,2026-04-21T16:00:00,2026-04-21T12:06:00,Y,Completed,1,36
AP9001652,WO701453,5096,1002,CSP1,PM,2026-04-23T12:00:00,2026-04-23T16:00:00,2026-04-23T11:56:00,N,Completed,2,42
AP9001653,WO701454,5034,1002,CSP1,AM,2026-04-21T08:00:00,2026-04-21T12:00:00,2026-04-21T07:57:00,N,No Access,1,108
AP9001654,WO701454,5034,1002,CSP1,All Day,2026-04-23T08:00:00,2026-04-23T16:00:00,2026-04-23T08:04:00,Y,Completed,2,98
AP9001655,WO701455,5063,1004,CSP1,PM,2026-04-21T12:00:00,2026-04-21T16:00:00,2026-04-21T12:01:00,Y,Completed,1,26
AP9001656,WO701456,5065,1003,CSP1,AM,2026-04-21T08:00:00,2026-04-21T12:00:00,2026-04-21T08:06:00,Y,Completed,1,35
AP9001657,WO701457,5012,1003,CSP1,All Day,2026-04-21T08:00:00,2026-04-21T16:00:00,2026-04-21T08:06:00,Y,Completed,1,76
AP9001658,WO701457,5012,1003,CSP1,All Day,2026-04-23T08:00:00,2026-04-23T16:00:00,2026-04-23T08:14:00,Y,Completed,2,76
AP9001659,WO701458,5079,1003,CSP1,All Day,2026-04-21T08:00:00,2026-04-21T16:00:00,2026-04-21T08:06:00,Y,Completed,1,102
AP9001660,WO701459,5095,1003,CSP1,AM,2026-04-21T08:00:00,2026-04-21T12:00:00,2026-04-21T08:08:00,Y,No Access,1,47
AP9001661,WO701459,5095,1003,CSP1,PM,2026-04-23T12:00:00,2026-04-23T16:00:00,2026-04-23T11:55:00,N,Completed,2,76
AP9001662,WO701461,5029,1004,CSP1,AM,2026-04-21T08:00:00,2026-04-21T12:00:00,2026-04-21T08:13:00,Y,Completed,1,117
AP9001663,WO701462,5084,1004,CSP1,All Day,2026-04-21T08:00:00,2026-04-21T16:00:00,2026-04-21T08:09:00,Y,Completed,1,75
AP9001664,WO701464,5017,1004,CSP1,PM,2026-04-21T12:00:00,2026-04-21T16:00:00,2026-04-21T12:19:00,Y,Completed,1,59
AP9001665,WO701465,5021,1001,CSP1,PM,2026-04-21T12:00:00,2026-04-21T16:00:00,2026-04-21T11:56:00,N,Completed,1,67
AP9001666,WO701466,5057,1002,CSP1,All Day,2026-04-21T08:00:00,2026-04-21T16:00:00,2026-04-21T08:20:00,Y,Completed,1,51
AP9001667,WO701467,5007,1001,CSP1,PM,2026-04-21T12:00:00,2026-04-21T16:00:00,2026-04-21T11:52:00,N,Completed,1,105
AP9001668,WO701468,5065,1001,CSP1,PM,2026-04-21T12:00:00,2026-04-21T16:00:00,2026-04-21T12:07:00,Y,Completed,1,71
AP9001669,WO701468,5065,1001,CSP1,AM,2026-04-23T08:00:00,2026-04-23T12:00:00,2026-04-23T07:59:00,N,Completed,2,84
AP9001670,WO701469,5041,1003,CSP1,All Day,2026-04-21T08:00:00,2026-04-21T16:00:00,2026-04-21T07:59:00,N,No Access,1,23
AP9001671,WO701469,5041,1003,CSP1,PM,2026-04-23T12:00:00,2026-04-23T16:00:00,2026-04-23T12:09:00,Y,Completed,2,29
AP9001672,WO701470,5059,1002,CSP1,AM,2026-04-21T08:00:00,2026-04-21T12:00:00,2026-04-21T07:54:00,N,Completed,1,60
AP9001673,WO701470,5059,1002,CSP1,All Day,2026-04-23T08:00:00,2026-04-23T16:00:00,2026-04-23T07:54:00,N,Completed,2,80
AP9001674,WO701471,5040,1001,CSP1,AM,2026-04-21T08:00:00,2026-04-21T12:00:00,2026-04-21T08:18:00,Y,Completed,1,102
AP9001675,WO701472,5050,1004,CSP1,All Day,2026-04-21T08:00:00,2026-04-21T16:00:00,2026-04-21T08:16:00,Y,Completed,1,68
AP9001676,WO701473,5023,1004,CSP1,PM,2026-04-21T12:00:00,2026-04-21T16:00:00,2026-04-21T12:16:00,Y,No Access,1,71
AP9001677,WO701473,5023,1004,CSP1,PM,2026-04-23T12:00:00,2026-04-23T16:00:00,2026-04-23T12:17:00,Y,Completed,2,84
AP9001678,WO701474,5027,1001,CSP1,All Day,2026-04-21T08:00:00,2026-04-21T16:00:00,2026-04-21T08:18:00,Y,Completed,1,45
AP9001679,WO701475,5120,1009,CSP2,PM,2026-04-21T12:00:00,2026-04-21T16:00:00,2026-04-21T12:08:00,Y,Completed,1,66
AP9001680,WO701477,5119,1009,CSP2,PM,2026-04-21T12:00:00,2026-04-21T16:00:00,2026-04-21T12:05:00,Y,Completed,1,92
AP9001681,WO701478,5145,1007,CSP2,All Day,2026-04-21T08:00:00,2026-04-21T16:00:00,2026-04-21T08:06:00,Y,Completed,1,115
AP9001682,WO701479,5169,1006,CSP2,PM,2026-04-21T12:00:00,2026-04-21T16:00:00,2026-04-21T12:13:00,Y,No Access,1,96
AP9001683,WO701479,5169,1006,CSP2,AM,2026-04-23T08:00:00,2026-04-23T12:00:00,2026-04-23T08:04:00,Y,Completed,2,51
AP9001684,WO701480,5133,1009,CSP2,All Day,2026-04-21T08:00:00,2026-04-21T16:00:00,2026-04-21T07:51:00,N,Completed,1,72
AP9001685,WO701481,5174,1008,CSP2,PM,2026-04-21T12:00:00,2026-04-21T16:00:00,2026-04-21T12:06:00,Y,Completed,1,117
AP9001686,WO701482,5152,1007,CSP2,PM,2026-04-21T12:00:00,2026-04-21T16:00:00,2026-04-21T12:16:00,Y,Completed,1,71
AP9001687,WO701483,5191,1008,CSP2,All Day,2026-04-21T08:00:00,2026-04-21T16:00:00,2026-04-21T08:06:00,Y,Completed,1,59
AP9001688,WO701484,5142,1007,CSP2,AM,2026-04-21T08:00:00,2026-04-21T12:00:00,2026-04-21T08:11:00,Y,Completed,1,80
AP9001689,WO701485,5126,1006,CSP2,AM,2026-04-21T08:00:00,2026-04-21T12:00:00,2026-04-21T07:57:00,N,Completed,1,43
AP9001690,WO701486,5162,1006,CSP2,All Day,2026-04-21T08:00:00,2026-04-21T16:00:00,2026-04-21T08:17:00,Y,Completed,1,54
AP9001691,WO701487,5134,1006,CSP2,All Day,2026-04-21T08:00:00,2026-04-21T16:00:00,2026-04-21T08:18:00,Y,Completed,1,79
AP9001692,WO701488,5124,1009,CSP2,All Day,2026-04-21T08:00:00,2026-04-21T16:00:00,2026-04-21T08:15:00,Y,Completed,1,64
AP9001693,WO701488,5124,1009,CSP2,AM,2026-04-23T08:00:00,2026-04-23T12:00:00,2026-04-23T08:06:00,Y,Completed,2,79
AP9001694,WO701489,5198,1009,CSP2,AM,2026-04-21T08:00:00,2026-04-21T12:00:00,2026-04-21T08:19:00,Y,Completed,1,29
AP9001695,WO701490,5130,1006,CSP2,AM,2026-04-21T08:00:00,2026-04-21T12:00:00,2026-04-21T07:51:00,N,Completed,1,62
AP9001696,WO701491,5171,1007,CSP2,All Day,2026-04-21T08:00:00,2026-04-21T16:00:00,2026-04-21T08:07:00,Y,Completed,1,78
AP9001697,WO701492,5125,1007,CSP2,AM,2026-04-21T08:00:00,2026-04-21T12:00:00,2026-04-21T07:58:00,N,Completed,1,99
AP9001698,WO701493,5200,1009,CSP2,All Day,2026-04-21T08:00:00,2026-04-21T16:00:00,2026-04-21T07:59:00,N,Completed,1,58
AP9001699,WO701493,5200,1009,CSP2,PM,2026-04-23T12:00:00,2026-04-23T16:00:00,2026-04-23T12:19:00,Y,Completed,2,112
AP9001700,WO701494,5168,1009,CSP2,PM,2026-04-21T12:00:00,2026-04-21T16:00:00,2026-04-21T12:04:00,Y,Completed,1,86
AP9001701,WO701495,5197,1009,CSP2,All Day,2026-04-21T08:00:00,2026-04-21T16:00:00,2026-04-21T08:15:00,Y,Completed,1,72
AP9001702,WO701496,5152,1008,CSP2,PM,2026-04-21T12:00:00,2026-04-21T16:00:00,2026-04-21T12:12:00,Y,Completed,1,57
AP9001703,WO701496,5152,1008,CSP2,AM,2026-04-23T08:00:00,2026-04-23T12:00:00,2026-04-23T08:15:00,Y,Completed,2,56
AP9001704,WO701497,5239,1012,CSP4,All Day,2026-04-21T08:00:00,2026-04-21T16:00:00,2026-04-21T08:18:00,Y,Completed,1,76
AP9001705,WO701498,5209,1011,CSP4,PM,2026-04-21T12:00:00,2026-04-21T16:00:00,2026-04-21T12:00:00,Y,No Access,1,71
AP9001706,WO701498,5209,1011,CSP4,PM,2026-04-23T12:00:00,2026-04-23T16:00:00,2026-04-23T12:04:00,Y,Completed,2,81
AP9001707,WO701499,5232,1011,CSP4,PM,2026-04-21T12:00:00,2026-04-21T16:00:00,2026-04-21T11:54:00,N,Completed,1,56
AP9001708,WO701500,5229,1012,CSP4,All Day,2026-04-21T08:00:00,2026-04-21T16:00:00,2026-04-21T07:58:00,N,Completed,1,51
AP9001709,WO701501,5287,1013,CSP4,PM,2026-04-21T12:00:00,2026-04-21T16:00:00,2026-04-21T11:51:00,N,Completed,1,48
AP9001710,WO701502,5277,1011,CSP4,AM,2026-04-21T08:00:00,2026-04-21T12:00:00,2026-04-21T07:59:00,N,Completed,1,140
AP9001711,WO701503,5297,1014,CSP4,AM,2026-04-21T08:00:00,2026-04-21T12:00:00,2026-04-21T08:10:00,Y,Completed,1,85
AP9001712,WO701504,5260,1012,CSP4,All Day,2026-04-21T08:00:00,2026-04-21T16:00:00,2026-04-21T08:15:00,Y,Completed,1,69
AP9001713,WO701505,5267,1011,CSP4,AM,2026-04-21T08:00:00,2026-04-21T12:00:00,2026-04-21T08:02:00,Y,Completed,1,48
AP9001714,WO701506,5264,1014,CSP4,All Day,2026-04-21T08:00:00,2026-04-21T16:00:00,2026-04-21T08:09:00,Y,Completed,1,68
AP9001715,WO701507,5282,1011,CSP4,All Day,2026-04-21T08:00:00,2026-04-21T16:00:00,2026-04-21T08:10:00,Y,Completed,1,28
AP9001716,WO701508,5263,1011,CSP4,AM,2026-04-21T08:00:00,2026-04-21T12:00:00,2026-04-21T07:57:00,N,Completed,1,94
AP9001717,WO701509,5291,1013,CSP4,All Day,2026-04-21T08:00:00,2026-04-21T16:00:00,2026-04-21T07:58:00,N,Completed,1,56
AP9001718,WO701510,5206,1014,CSP4,All Day,2026-04-21T08:00:00,2026-04-21T16:00:00,2026-04-21T08:15:00,Y,Completed,1,98
AP9001719,WO701511,5247,1012,CSP4,PM,2026-04-21T12:00:00,2026-04-21T16:00:00,2026-04-21T12:13:00,Y,Completed,1,113
AP9001720,WO701512,5274,1011,CSP4,PM,2026-04-21T12:00:00,2026-04-21T16:00:00,2026-04-21T11:56:00,N,No Access,1,26
AP9001721,WO701512,5274,1011,CSP4,AM,2026-04-23T08:00:00,2026-04-23T12:00:00,2026-04-23T08:09:00,Y,Completed,2,67
AP9001722,WO701514,5259,1012,CSP4,AM,2026-04-21T08:00:00,2026-04-21T12:00:00,2026-04-21T08:01:00,Y,Completed,1,90
AP9001723,WO701515,5207,1014,CSP4,PM,2026-04-21T12:00:00,2026-04-21T16:00:00,2026-04-21T12:04:00,Y,Completed,1,71
AP9001724,WO701516,5271,1012,CSP4,All Day,2026-04-21T08:00:00,2026-04-21T16:00:00,2026-04-21T08:04:00,Y,Completed,1,60
AP9001725,WO701516,5271,1012,CSP4,AM,2026-04-23T08:00:00,2026-04-23T12:00:00,2026-04-23T08:06:00,Y,Completed,2,49
AP9001726,WO701517,5279,1011,CSP4,AM,2026-04-21T08:00:00,2026-04-21T12:00:00,2026-04-21T08:08:00,Y,Completed,1,94
AP9001727,WO701518,5212,1013,CSP4,All Day,2026-04-21T08:00:00,2026-04-21T16:00:00,2026-04-21T08:01:00,Y,No Access,1,107
AP9001728,WO701518,5212,1013,CSP4,All Day,2026-04-23T08:00:00,2026-04-23T16:00:00,2026-04-23T07:55:00,N,Completed,2,57
AP9001729,WO701519,5063,1002,CSP1,AM,2026-04-22T08:00:00,2026-04-22T12:00:00,2026-04-22T07:55:00,N,Completed,1,116
AP9001730,WO701519,5063,1002,CSP1,All Day,2026-04-24T08:00:00,2026-04-24T16:00:00,2026-04-24T08:01:00,Y,Completed,2,101
AP9001731,WO701520,5015,1003,CSP1,All Day,2026-04-22T08:00:00,2026-04-22T16:00:00,2026-04-22T08:13:00,Y,Completed,1,74
AP9001732,WO701521,5023,1004,CSP1,AM,2026-04-22T08:00:00,2026-04-22T12:00:00,2026-04-22T08:20:00,Y,Completed,1,93
AP9001733,WO701522,5052,1002,CSP1,PM,2026-04-22T12:00:00,2026-04-22T16:00:00,2026-04-22T11:59:00,N,Completed,1,88
AP9001734,WO701524,5071,1004,CSP1,AM,2026-04-22T08:00:00,2026-04-22T12:00:00,2026-04-22T08:13:00,Y,Completed,1,28
AP9001735,WO701525,5029,1003,CSP1,All Day,2026-04-22T08:00:00,2026-04-22T16:00:00,2026-04-22T07:59:00,N,Completed,1,41
AP9001736,WO701526,5062,1001,CSP1,PM,2026-04-22T12:00:00,2026-04-22T16:00:00,2026-04-22T11:52:00,N,Completed,1,29
AP9001737,WO701527,5052,1003,CSP1,AM,2026-04-22T08:00:00,2026-04-22T12:00:00,2026-04-22T08:20:00,Y,Completed,1,82
AP9001738,WO701528,5031,1001,CSP1,PM,2026-04-22T12:00:00,2026-04-22T16:00:00,2026-04-22T12:08:00,Y,Completed,1,87
AP9001739,WO701529,5032,1003,CSP1,AM,2026-04-22T08:00:00,2026-04-22T12:00:00,2026-04-22T07:57:00,N,Completed,1,79
AP9001740,WO701530,5078,1004,CSP1,PM,2026-04-22T12:00:00,2026-04-22T16:00:00,2026-04-22T12:12:00,Y,Completed,1,54
AP9001741,WO701531,5035,1003,CSP1,All Day,2026-04-22T08:00:00,2026-04-22T16:00:00,2026-04-22T07:56:00,N,Completed,1,47
AP9001742,WO701531,5035,1003,CSP1,AM,2026-04-24T08:00:00,2026-04-24T12:00:00,2026-04-24T08:13:00,Y,Completed,2,77
AP9001743,WO701533,5046,1002,CSP1,All Day,2026-04-22T08:00:00,2026-04-22T16:00:00,2026-04-22T08:02:00,Y,Completed,1,31
AP9001744,WO701533,5046,1002,CSP1,AM,2026-04-24T08:00:00,2026-04-24T12:00:00,2026-04-24T08:14:00,Y,Completed,2,20
AP9001745,WO701534,5063,1002,CSP1,PM,2026-04-22T12:00:00,2026-04-22T16:00:00,2026-04-22T12:20:00,Y,Completed,1,41
AP9001746,WO701534,5063,1002,CSP1,AM,2026-04-24T08:00:00,2026-04-24T12:00:00,2026-04-24T08:08:00,Y,Completed,2,122
AP9001747,WO701535,5087,1004,CSP1,All Day,2026-04-22T08:00:00,2026-04-22T16:00:00,2026-04-22T08:16:00,Y,Completed,1,87
AP9001748,WO701536,5088,1004,CSP1,PM,2026-04-22T12:00:00,2026-04-22T16:00:00,2026-04-22T12:04:00,Y,Completed,1,104
AP9001749,WO701537,5010,1004,CSP1,PM,2026-04-22T12:00:00,2026-04-22T16:00:00,2026-04-22T12:03:00,Y,Completed,1,65
AP9001750,WO701538,5023,1003,CSP1,All Day,2026-04-22T08:00:00,2026-04-22T16:00:00,2026-04-22T08:02:00,Y,Completed,1,78
AP9001751,WO701539,5090,1003,CSP1,AM,2026-04-22T08:00:00,2026-04-22T12:00:00,2026-04-22T08:15:00,Y,Completed,1,107
AP9001752,WO701539,5090,1003,CSP1,AM,2026-04-24T08:00:00,2026-04-24T12:00:00,2026-04-24T07:54:00,N,Completed,2,111
AP9001753,WO701540,5046,1002,CSP1,PM,2026-04-22T12:00:00,2026-04-22T16:00:00,2026-04-22T12:09:00,Y,Completed,1,68
AP9001754,WO701543,5150,1007,CSP2,All Day,2026-04-22T08:00:00,2026-04-22T16:00:00,2026-04-22T08:04:00,Y,Completed,1,71
AP9001755,WO701543,5150,1007,CSP2,All Day,2026-04-24T08:00:00,2026-04-24T16:00:00,2026-04-24T07:57:00,N,Completed,2,97
AP9001756,WO701544,5182,1006,CSP2,AM,2026-04-22T08:00:00,2026-04-22T12:00:00,2026-04-22T08:05:00,Y,Completed,1,56
AP9001757,WO701545,5148,1006,CSP2,PM,2026-04-22T12:00:00,2026-04-22T16:00:00,2026-04-22T11:54:00,N,No Access,1,61
AP9001758,WO701545,5148,1006,CSP2,PM,2026-04-24T12:00:00,2026-04-24T16:00:00,2026-04-24T11:53:00,N,Completed,2,59
AP9001759,WO701546,5180,1006,CSP2,All Day,2026-04-22T08:00:00,2026-04-22T16:00:00,2026-04-22T07:55:00,N,Completed,1,85
AP9001760,WO701547,5145,1009,CSP2,PM,2026-04-22T12:00:00,2026-04-22T16:00:00,2026-04-22T12:17:00,Y,Completed,1,117
AP9001761,WO701548,5144,1008,CSP2,PM,2026-04-22T12:00:00,2026-04-22T16:00:00,2026-04-22T12:18:00,Y,Completed,1,57
AP9001762,WO701549,5109,1006,CSP2,AM,2026-04-22T08:00:00,2026-04-22T12:00:00,2026-04-22T08:07:00,Y,Completed,1,122
AP9001763,WO701550,5162,1009,CSP2,AM,2026-04-22T08:00:00,2026-04-22T12:00:00,2026-04-22T08:02:00,Y,Completed,1,81
AP9001764,WO701551,5169,1008,CSP2,All Day,2026-04-22T08:00:00,2026-04-22T16:00:00,2026-04-22T08:18:00,Y,No Access,1,106
AP9001765,WO701551,5169,1008,CSP2,All Day,2026-04-24T08:00:00,2026-04-24T16:00:00,2026-04-24T08:02:00,Y,Completed,2,102
AP9001766,WO701552,5138,1007,CSP2,All Day,2026-04-22T08:00:00,2026-04-22T16:00:00,2026-04-22T07:55:00,N,Completed,1,53
AP9001767,WO701553,5179,1009,CSP2,PM,2026-04-22T12:00:00,2026-04-22T16:00:00,2026-04-22T12:17:00,Y,Completed,1,108
AP9001768,WO701554,5106,1006,CSP2,AM,2026-04-22T08:00:00,2026-04-22T12:00:00,2026-04-22T07:56:00,N,Completed,1,43
AP9001769,WO701555,5141,1008,CSP2,AM,2026-04-22T08:00:00,2026-04-22T12:00:00,2026-04-22T07:55:00,N,Completed,1,82
AP9001770,WO701555,5141,1008,CSP2,All Day,2026-04-24T08:00:00,2026-04-24T16:00:00,2026-04-24T08:13:00,Y,Completed,2,53
AP9001771,WO701557,5128,1008,CSP2,PM,2026-04-22T12:00:00,2026-04-22T16:00:00,2026-04-22T12:19:00,Y,Completed,1,73
AP9001772,WO701557,5128,1008,CSP2,PM,2026-04-24T12:00:00,2026-04-24T16:00:00,2026-04-24T11:54:00,N,Completed,2,106
AP9001773,WO701558,5127,1007,CSP2,All Day,2026-04-22T08:00:00,2026-04-22T16:00:00,2026-04-22T07:50:00,N,Completed,1,61
AP9001774,WO701560,5119,1006,CSP2,PM,2026-04-22T12:00:00,2026-04-22T16:00:00,2026-04-22T12:19:00,Y,Completed,1,114
AP9001775,WO701560,5119,1006,CSP2,PM,2026-04-24T12:00:00,2026-04-24T16:00:00,2026-04-24T12:02:00,Y,Completed,2,70
AP9001776,WO701561,5140,1009,CSP2,PM,2026-04-22T12:00:00,2026-04-22T16:00:00,2026-04-22T12:08:00,Y,Completed,1,36
AP9001777,WO701562,5149,1007,CSP2,PM,2026-04-22T12:00:00,2026-04-22T16:00:00,2026-04-22T11:52:00,N,No Access,1,104
AP9001778,WO701562,5149,1007,CSP2,All Day,2026-04-24T08:00:00,2026-04-24T16:00:00,2026-04-24T08:04:00,Y,Completed,2,100
AP9001779,WO701563,5206,1014,CSP4,All Day,2026-04-22T08:00:00,2026-04-22T16:00:00,2026-04-22T08:16:00,Y,Completed,1,71
AP9001780,WO701564,5263,1011,CSP4,PM,2026-04-22T12:00:00,2026-04-22T16:00:00,2026-04-22T11:50:00,N,No Access,1,83
AP9001781,WO701564,5263,1011,CSP4,All Day,2026-04-24T08:00:00,2026-04-24T16:00:00,2026-04-24T08:00:00,Y,Completed,2,69
AP9001782,WO701565,5237,1014,CSP4,AM,2026-04-22T08:00:00,2026-04-22T12:00:00,2026-04-22T08:06:00,Y,Completed,1,101
AP9001783,WO701566,5226,1013,CSP4,All Day,2026-04-22T08:00:00,2026-04-22T16:00:00,2026-04-22T07:51:00,N,Completed,1,112
AP9001784,WO701567,5215,1012,CSP4,AM,2026-04-22T08:00:00,2026-04-22T12:00:00,2026-04-22T07:59:00,N,Completed,1,89
AP9001785,WO701568,5279,1011,CSP4,PM,2026-04-22T12:00:00,2026-04-22T16:00:00,2026-04-22T11:52:00,N,Completed,1,92
AP9001786,WO701569,5225,1014,CSP4,AM,2026-04-22T08:00:00,2026-04-22T12:00:00,2026-04-22T08:10:00,Y,Completed,1,67
AP9001787,WO701570,5223,1011,CSP4,PM,2026-04-22T12:00:00,2026-04-22T16:00:00,2026-04-22T12:15:00,Y,Completed,1,44
AP9001788,WO701571,5209,1014,CSP4,All Day,2026-04-22T08:00:00,2026-04-22T16:00:00,2026-04-22T08:06:00,Y,Completed,1,65
AP9001789,WO701572,5232,1013,CSP4,AM,2026-04-22T08:00:00,2026-04-22T12:00:00,2026-04-22T08:00:00,Y,Completed,1,78
AP9001790,WO701574,5214,1011,CSP4,AM,2026-04-22T08:00:00,2026-04-22T12:00:00,2026-04-22T08:17:00,Y,Completed,1,27
AP9001791,WO701575,5229,1012,CSP4,AM,2026-04-22T08:00:00,2026-04-22T12:00:00,2026-04-22T08:19:00,Y,Completed,1,78
AP9001792,WO701576,5250,1012,CSP4,All Day,2026-04-22T08:00:00,2026-04-22T16:00:00,2026-04-22T08:13:00,Y,Completed,1,65
AP9001793,WO701576,5250,1012,CSP4,AM,2026-04-24T08:00:00,2026-04-24T12:00:00,2026-04-24T08:02:00,Y,Completed,2,90
AP9001794,WO701577,5282,1014,CSP4,PM,2026-04-22T12:00:00,2026-04-22T16:00:00,2026-04-22T12:10:00,Y,Completed,1,78
AP9001795,WO701579,5239,1013,CSP4,All Day,2026-04-22T08:00:00,2026-04-22T16:00:00,2026-04-22T07:50:00,N,Completed,1,49
AP9001796,WO701580,5281,1013,CSP4,All Day,2026-04-22T08:00:00,2026-04-22T16:00:00,2026-04-22T07:53:00,N,Completed,1,25
AP9001797,WO701581,5260,1012,CSP4,AM,2026-04-22T08:00:00,2026-04-22T12:00:00,2026-04-22T08:02:00,Y,Completed,1,69
AP9001798,WO701582,5225,1013,CSP4,PM,2026-04-22T12:00:00,2026-04-22T16:00:00,2026-04-22T12:13:00,Y,Completed,1,78
AP9001799,WO701583,5253,1012,CSP4,AM,2026-04-22T08:00:00,2026-04-22T12:00:00,2026-04-22T07:53:00,N,Completed,1,100
AP9001800,WO701584,5300,1012,CSP4,All Day,2026-04-22T08:00:00,2026-04-22T16:00:00,2026-04-22T08:06:00,Y,Completed,1,72
AP9001801,WO701584,5300,1012,CSP4,AM,2026-04-24T08:00:00,2026-04-24T12:00:00,2026-04-24T07:54:00,N,Completed,2,87
AP9001802,WO701585,5056,1003,CSP1,AM,2026-04-23T08:00:00,2026-04-23T12:00:00,2026-04-23T08:17:00,Y,Completed,1,58
AP9001803,WO701586,5096,1002,CSP1,AM,2026-04-23T08:00:00,2026-04-23T12:00:00,2026-04-23T08:11:00,Y,Completed,1,98
AP9001804,WO701586,5096,1002,CSP1,All Day,2026-04-27T08:00:00,2026-04-27T16:00:00,2026-04-27T07:50:00,N,Completed,2,82
AP9001805,WO701587,5095,1001,CSP1,AM,2026-04-23T08:00:00,2026-04-23T12:00:00,2026-04-23T07:53:00,N,Completed,1,75
AP9001806,WO701588,5005,1002,CSP1,All Day,2026-04-23T08:00:00,2026-04-23T16:00:00,2026-04-23T07:53:00,N,Completed,1,55
AP9001807,WO701590,5080,1002,CSP1,PM,2026-04-23T12:00:00,2026-04-23T16:00:00,2026-04-23T11:55:00,N,Completed,1,20
AP9001808,WO701591,5072,1002,CSP1,AM,2026-04-23T08:00:00,2026-04-23T12:00:00,2026-04-23T07:57:00,N,Completed,1,68
AP9001809,WO701592,5072,1003,CSP1,PM,2026-04-23T12:00:00,2026-04-23T16:00:00,2026-04-23T12:16:00,Y,Completed,1,99
AP9001810,WO701593,5085,1002,CSP1,PM,2026-04-23T12:00:00,2026-04-23T16:00:00,2026-04-23T11:55:00,N,Completed,1,45
AP9001811,WO701594,5022,1003,CSP1,PM,2026-04-23T12:00:00,2026-04-23T16:00:00,2026-04-23T12:09:00,Y,Completed,1,33
AP9001812,WO701596,5018,1004,CSP1,PM,2026-04-23T12:00:00,2026-04-23T16:00:00,2026-04-23T11:56:00,N,Completed,1,90
AP9001813,WO701597,5082,1001,CSP1,All Day,2026-04-23T08:00:00,2026-04-23T16:00:00,2026-04-23T08:15:00,Y,Completed,1,54
AP9001814,WO701598,5080,1004,CSP1,All Day,2026-04-23T08:00:00,2026-04-23T16:00:00,2026-04-23T08:11:00,Y,Completed,1,63
AP9001815,WO701599,5004,1002,CSP1,PM,2026-04-23T12:00:00,2026-04-23T16:00:00,2026-04-23T12:11:00,Y,Completed,1,43
AP9001816,WO701600,5056,1004,CSP1,AM,2026-04-23T08:00:00,2026-04-23T12:00:00,2026-04-23T08:01:00,Y,Completed,1,59
AP9001817,WO701601,5017,1001,CSP1,PM,2026-04-23T12:00:00,2026-04-23T16:00:00,2026-04-23T12:12:00,Y,Completed,1,85
AP9001818,WO701602,5089,1003,CSP1,PM,2026-04-23T12:00:00,2026-04-23T16:00:00,2026-04-23T12:08:00,Y,Completed,1,97
AP9001819,WO701602,5089,1003,CSP1,PM,2026-04-27T12:00:00,2026-04-27T16:00:00,2026-04-27T12:05:00,Y,Completed,2,77
AP9001820,WO701603,5044,1002,CSP1,All Day,2026-04-23T08:00:00,2026-04-23T16:00:00,2026-04-23T08:06:00,Y,Completed,1,50
AP9001821,WO701604,5058,1004,CSP1,PM,2026-04-23T12:00:00,2026-04-23T16:00:00,2026-04-23T11:59:00,N,Completed,1,97
AP9001822,WO701605,5098,1002,CSP1,AM,2026-04-23T08:00:00,2026-04-23T12:00:00,2026-04-23T08:02:00,Y,Completed,1,92
AP9001823,WO701605,5098,1002,CSP1,All Day,2026-04-27T08:00:00,2026-04-27T16:00:00,2026-04-27T08:01:00,Y,Completed,2,102
AP9001824,WO701606,5010,1003,CSP1,PM,2026-04-23T12:00:00,2026-04-23T16:00:00,2026-04-23T12:03:00,Y,Completed,1,118
AP9001825,WO701607,5181,1007,CSP2,PM,2026-04-23T12:00:00,2026-04-23T16:00:00,2026-04-23T11:56:00,N,Completed,1,39
AP9001826,WO701608,5126,1009,CSP2,AM,2026-04-23T08:00:00,2026-04-23T12:00:00,2026-04-23T08:14:00,Y,Completed,1,60
AP9001827,WO701609,5107,1008,CSP2,All Day,2026-04-23T08:00:00,2026-04-23T16:00:00,2026-04-23T07:57:00,N,Completed,1,84
AP9001828,WO701610,5178,1009,CSP2,PM,2026-04-23T12:00:00,2026-04-23T16:00:00,2026-04-23T12:19:00,Y,Completed,1,88
AP9001829,WO701610,5178,1009,CSP2,AM,2026-04-27T08:00:00,2026-04-27T12:00:00,2026-04-27T07:59:00,N,Completed,2,97
AP9001830,WO701611,5101,1009,CSP2,All Day,2026-04-23T08:00:00,2026-04-23T16:00:00,2026-04-23T08:12:00,Y,Completed,1,92
AP9001831,WO701612,5116,1007,CSP2,All Day,2026-04-23T08:00:00,2026-04-23T16:00:00,2026-04-23T08:10:00,Y,Completed,1,95
AP9001832,WO701612,5116,1007,CSP2,AM,2026-04-27T08:00:00,2026-04-27T12:00:00,2026-04-27T08:20:00,Y,Completed,2,65
AP9001833,WO701613,5177,1009,CSP2,All Day,2026-04-23T08:00:00,2026-04-23T16:00:00,2026-04-23T08:00:00,Y,Completed,1,48
AP9001834,WO701614,5101,1006,CSP2,PM,2026-04-23T12:00:00,2026-04-23T16:00:00,2026-04-23T12:15:00,Y,Completed,1,74
AP9001835,WO701615,5180,1007,CSP2,PM,2026-04-23T12:00:00,2026-04-23T16:00:00,2026-04-23T12:08:00,Y,Completed,1,39
AP9001836,WO701616,5176,1006,CSP2,PM,2026-04-23T12:00:00,2026-04-23T16:00:00,2026-04-23T11:53:00,N,Completed,1,81
AP9001837,WO701617,5146,1007,CSP2,All Day,2026-04-23T08:00:00,2026-04-23T16:00:00,2026-04-23T08:20:00,Y,Completed,1,63
AP9001838,WO701618,5176,1007,CSP2,All Day,2026-04-23T08:00:00,2026-04-23T16:00:00,2026-04-23T08:04:00,Y,Completed,1,74
AP9001839,WO701618,5176,1007,CSP2,AM,2026-04-27T08:00:00,2026-04-27T12:00:00,2026-04-27T07:57:00,N,Completed,2,119
AP9001840,WO701619,5152,1009,CSP2,AM,2026-04-23T08:00:00,2026-04-23T12:00:00,2026-04-23T08:05:00,Y,Completed,1,81
AP9001841,WO701620,5104,1006,CSP2,AM,2026-04-23T08:00:00,2026-04-23T12:00:00,2026-04-23T07:58:00,N,Completed,1,49
AP9001842,WO701621,5185,1006,CSP2,All Day,2026-04-23T08:00:00,2026-04-23T16:00:00,2026-04-23T08:18:00,Y,Completed,1,69
AP9001843,WO701622,5144,1008,CSP2,All Day,2026-04-23T08:00:00,2026-04-23T16:00:00,2026-04-23T07:56:00,N,Completed,1,126
AP9001844,WO701623,5125,1009,CSP2,AM,2026-04-23T08:00:00,2026-04-23T12:00:00,2026-04-23T08:08:00,Y,Completed,1,121
AP9001845,WO701623,5125,1009,CSP2,PM,2026-04-27T12:00:00,2026-04-27T16:00:00,2026-04-27T12:15:00,Y,Completed,2,78
AP9001846,WO701624,5108,1008,CSP2,AM,2026-04-23T08:00:00,2026-04-23T12:00:00,2026-04-23T08:13:00,Y,Completed,1,50
AP9001847,WO701625,5167,1007,CSP2,PM,2026-04-23T12:00:00,2026-04-23T16:00:00,2026-04-23T12:16:00,Y,Completed,1,68
AP9001848,WO701626,5140,1007,CSP2,All Day,2026-04-23T08:00:00,2026-04-23T16:00:00,2026-04-23T07:53:00,N,Completed,1,53
AP9001849,WO701627,5117,1008,CSP2,AM,2026-04-23T08:00:00,2026-04-23T12:00:00,2026-04-23T07:56:00,N,Completed,1,49
AP9001850,WO701628,5142,1006,CSP2,All Day,2026-04-23T08:00:00,2026-04-23T16:00:00,2026-04-23T07:53:00,N,Completed,1,94
AP9001851,WO701629,5272,1014,CSP4,All Day,2026-04-23T08:00:00,2026-04-23T16:00:00,2026-04-23T08:19:00,Y,Completed,1,59
AP9001852,WO701631,5266,1014,CSP4,PM,2026-04-23T12:00:00,2026-04-23T16:00:00,2026-04-23T12:11:00,Y,Completed,1,88
AP9001853,WO701632,5294,1012,CSP4,AM,2026-04-23T08:00:00,2026-04-23T12:00:00,2026-04-23T08:00:00,Y,Completed,1,77
AP9001854,WO701633,5300,1014,CSP4,AM,2026-04-23T08:00:00,2026-04-23T12:00:00,2026-04-23T07:55:00,N,Completed,1,86
AP9001855,WO701634,5219,1011,CSP4,AM,2026-04-23T08:00:00,2026-04-23T12:00:00,2026-04-23T08:02:00,Y,Completed,1,78
AP9001856,WO701635,5283,1011,CSP4,AM,2026-04-23T08:00:00,2026-04-23T12:00:00,2026-04-23T07:56:00,N,Completed,1,56
AP9001857,WO701636,5268,1013,CSP4,PM,2026-04-23T12:00:00,2026-04-23T16:00:00,2026-04-23T11:56:00,N,Completed,1,38
AP9001858,WO701637,5227,1012,CSP4,All Day,2026-04-23T08:00:00,2026-04-23T16:00:00,2026-04-23T07:58:00,N,No Access,1,80
AP9001859,WO701637,5227,1012,CSP4,All Day,2026-04-27T08:00:00,2026-04-27T16:00:00,2026-04-27T08:15:00,Y,Completed,2,81
AP9001860,WO701638,5219,1013,CSP4,AM,2026-04-23T08:00:00,2026-04-23T12:00:00,2026-04-23T08:13:00,Y,Completed,1,79
AP9001861,WO701639,5259,1011,CSP4,PM,2026-04-23T12:00:00,2026-04-23T16:00:00,2026-04-23T12:05:00,Y,Completed,1,69
AP9001862,WO701640,5216,1011,CSP4,AM,2026-04-23T08:00:00,2026-04-23T12:00:00,2026-04-23T08:02:00,Y,Completed,1,70
AP9001863,WO701640,5216,1011,CSP4,PM,2026-04-27T12:00:00,2026-04-27T16:00:00,2026-04-27T12:08:00,Y,Completed,2,56
AP9001864,WO701641,5204,1011,CSP4,AM,2026-04-23T08:00:00,2026-04-23T12:00:00,2026-04-23T08:17:00,Y,Completed,1,47
AP9001865,WO701642,5242,1012,CSP4,AM,2026-04-23T08:00:00,2026-04-23T12:00:00,2026-04-23T07:54:00,N,Completed,1,28
AP9001866,WO701643,5214,1014,CSP4,AM,2026-04-23T08:00:00,2026-04-23T12:00:00,2026-04-23T08:02:00,Y,Completed,1,66
AP9001867,WO701644,5253,1011,CSP4,All Day,2026-04-23T08:00:00,2026-04-23T16:00:00,2026-04-23T08:20:00,Y,Completed,1,99
AP9001868,WO701644,5253,1011,CSP4,AM,2026-04-27T08:00:00,2026-04-27T12:00:00,2026-04-27T07:59:00,N,Completed,2,51
AP9001869,WO701645,5289,1012,CSP4,PM,2026-04-23T12:00:00,2026-04-23T16:00:00,2026-04-23T12:06:00,Y,Completed,1,121
AP9001870,WO701646,5234,1013,CSP4,AM,2026-04-23T08:00:00,2026-04-23T12:00:00,2026-04-23T07:51:00,N,Completed,1,39
AP9001871,WO701647,5262,1012,CSP4,AM,2026-04-23T08:00:00,2026-04-23T12:00:00,2026-04-23T08:03:00,Y,Completed,1,101
AP9001872,WO701648,5250,1011,CSP4,PM,2026-04-23T12:00:00,2026-04-23T16:00:00,2026-04-23T12:16:00,Y,Completed,1,85
AP9001873,WO701648,5250,1011,CSP4,AM,2026-04-27T08:00:00,2026-04-27T12:00:00,2026-04-27T07:56:00,N,Completed,2,96
AP9001874,WO701649,5209,1014,CSP4,AM,2026-04-23T08:00:00,2026-04-23T12:00:00,2026-04-23T08:17:00,Y,Completed,1,63
AP9001875,WO701650,5275,1011,CSP4,PM,2026-04-23T12:00:00,2026-04-23T16:00:00,2026-04-23T11:53:00,N,Completed,1,78
AP9001876,WO701651,5096,1003,CSP1,AM,2026-04-24T08:00:00,2026-04-24T12:00:00,2026-04-24T07:54:00,N,Completed,1,87
AP9001877,WO701652,5043,1004,CSP1,All Day,2026-04-24T08:00:00,2026-04-24T16:00:00,2026-04-24T08:17:00,Y,Completed,1,141
AP9001878,WO701653,5084,1001,CSP1,PM,2026-04-24T12:00:00,2026-04-24T16:00:00,2026-04-24T11:52:00,N,Completed,1,76
AP9001879,WO701654,5027,1004,CSP1,All Day,2026-04-24T08:00:00,2026-04-24T16:00:00,2026-04-24T07:59:00,N,Completed,1,52
AP9001880,WO701655,5039,1001,CSP1,All Day,2026-04-24T08:00:00,2026-04-24T16:00:00,2026-04-24T07:56:00,N,Completed,1,124
AP9001881,WO701655,5039,1001,CSP1,PM,2026-04-27T12:00:00,2026-04-27T16:00:00,2026-04-27T12:17:00,Y,Completed,2,46
AP9001882,WO701656,5066,1004,CSP1,AM,2026-04-24T08:00:00,2026-04-24T12:00:00,2026-04-24T08:09:00,Y,Completed,1,73
AP9001883,WO701657,5050,1001,CSP1,AM,2026-04-24T08:00:00,2026-04-24T12:00:00,2026-04-24T08:19:00,Y,Completed,1,61
AP9001884,WO701658,5086,1004,CSP1,AM,2026-04-24T08:00:00,2026-04-24T12:00:00,2026-04-24T08:15:00,Y,Completed,1,58
AP9001885,WO701658,5086,1004,CSP1,PM,2026-04-27T12:00:00,2026-04-27T16:00:00,2026-04-27T11:55:00,N,Completed,2,75
AP9001886,WO701659,5036,1001,CSP1,AM,2026-04-24T08:00:00,2026-04-24T12:00:00,2026-04-24T08:12:00,Y,Completed,1,89
AP9001887,WO701661,5099,1003,CSP1,AM,2026-04-24T08:00:00,2026-04-24T12:00:00,2026-04-24T08:00:00,Y,Completed,1,106
AP9001888,WO701662,5027,1002,CSP1,PM,2026-04-24T12:00:00,2026-04-24T16:00:00,2026-04-24T11:52:00,N,Completed,1,85
AP9001889,WO701663,5023,1003,CSP1,PM,2026-04-24T12:00:00,2026-04-24T16:00:00,2026-04-24T12:00:00,Y,Completed,1,85
AP9001890,WO701664,5035,1004,CSP1,All Day,2026-04-24T08:00:00,2026-04-24T16:00:00,2026-04-24T07:59:00,N,Completed,1,94
AP9001891,WO701665,5004,1001,CSP1,AM,2026-04-24T08:00:00,2026-04-24T12:00:00,2026-04-24T08:10:00,Y,Completed,1,66
AP9001892,WO701665,5004,1001,CSP1,AM,2026-04-27T08:00:00,2026-04-27T12:00:00,2026-04-27T08:19:00,Y,Completed,2,114
AP9001893,WO701666,5085,1003,CSP1,All Day,2026-04-24T08:00:00,2026-04-24T16:00:00,2026-04-24T08:06:00,Y,Completed,1,95
AP9001894,WO701667,5086,1003,CSP1,All Day,2026-04-24T08:00:00,2026-04-24T16:00:00,2026-04-24T08:08:00,Y,Completed,1,62
AP9001895,WO701668,5073,1002,CSP1,AM,2026-04-24T08:00:00,2026-04-24T12:00:00,2026-04-24T07:50:00,N,Completed,1,134
AP9001896,WO701668,5073,1002,CSP1,All Day,2026-04-27T08:00:00,2026-04-27T16:00:00,2026-04-27T08:13:00,Y,Completed,2,122
AP9001897,WO701669,5012,1004,CSP1,PM,2026-04-24T12:00:00,2026-04-24T16:00:00,2026-04-24T12:20:00,Y,Completed,1,61
AP9001898,WO701670,5070,1003,CSP1,AM,2026-04-24T08:00:00,2026-04-24T12:00:00,2026-04-24T08:17:00,Y,Completed,1,53
AP9001899,WO701671,5045,1004,CSP1,All Day,2026-04-24T08:00:00,2026-04-24T16:00:00,2026-04-24T08:13:00,Y,Completed,1,51
AP9001900,WO701671,5045,1004,CSP1,AM,2026-04-27T08:00:00,2026-04-27T12:00:00,2026-04-27T08:14:00,Y,Completed,2,81
AP9001901,WO701672,5012,1004,CSP1,PM,2026-04-24T12:00:00,2026-04-24T16:00:00,2026-04-24T11:50:00,N,Completed,1,72
AP9001902,WO701673,5188,1006,CSP2,AM,2026-04-24T08:00:00,2026-04-24T12:00:00,2026-04-24T07:59:00,N,Completed,1,125
AP9001903,WO701674,5196,1008,CSP2,AM,2026-04-24T08:00:00,2026-04-24T12:00:00,2026-04-24T08:16:00,Y,No Access,1,87
AP9001904,WO701674,5196,1008,CSP2,PM,2026-04-27T12:00:00,2026-04-27T16:00:00,2026-04-27T12:06:00,Y,Completed,2,147
AP9001905,WO701675,5115,1009,CSP2,AM,2026-04-24T08:00:00,2026-04-24T12:00:00,2026-04-24T07:58:00,N,Completed,1,112
AP9001906,WO701676,5122,1006,CSP2,AM,2026-04-24T08:00:00,2026-04-24T12:00:00,2026-04-24T07:50:00,N,Completed,1,84
AP9001907,WO701677,5171,1009,CSP2,PM,2026-04-24T12:00:00,2026-04-24T16:00:00,2026-04-24T12:07:00,Y,Completed,1,93
AP9001908,WO701677,5171,1009,CSP2,AM,2026-04-27T08:00:00,2026-04-27T12:00:00,2026-04-27T08:05:00,Y,Completed,2,82
AP9001909,WO701679,5165,1007,CSP2,AM,2026-04-24T08:00:00,2026-04-24T12:00:00,2026-04-24T08:05:00,Y,Completed,1,61
AP9001910,WO701680,5127,1006,CSP2,PM,2026-04-24T12:00:00,2026-04-24T16:00:00,2026-04-24T12:17:00,Y,Completed,1,83
AP9001911,WO701681,5124,1007,CSP2,AM,2026-04-24T08:00:00,2026-04-24T12:00:00,2026-04-24T07:57:00,N,No Access,1,83
AP9001912,WO701681,5124,1007,CSP2,AM,2026-04-27T08:00:00,2026-04-27T12:00:00,2026-04-27T08:07:00,Y,Completed,2,86
AP9001913,WO701682,5190,1006,CSP2,All Day,2026-04-24T08:00:00,2026-04-24T16:00:00,2026-04-24T07:58:00,N,Completed,1,25
AP9001914,WO701683,5179,1008,CSP2,All Day,2026-04-24T08:00:00,2026-04-24T16:00:00,2026-04-24T08:08:00,Y,Completed,1,84
AP9001915,WO701684,5150,1006,CSP2,AM,2026-04-24T08:00:00,2026-04-24T12:00:00,2026-04-24T07:58:00,N,Completed,1,108
AP9001916,WO701685,5163,1009,CSP2,All Day,2026-04-24T08:00:00,2026-04-24T16:00:00,2026-04-24T08:15:00,Y,Completed,1,97
AP9001917,WO701686,5193,1008,CSP2,AM,2026-04-24T08:00:00,2026-04-24T12:00:00,2026-04-24T08:12:00,Y,Completed,1,89
AP9001918,WO701687,5171,1008,CSP2,AM,2026-04-24T08:00:00,2026-04-24T12:00:00,2026-04-24T08:00:00,Y,Completed,1,87
AP9001919,WO701688,5104,1009,CSP2,AM,2026-04-24T08:00:00,2026-04-24T12:00:00,2026-04-24T07:55:00,N,Completed,1,54
AP9001920,WO701688,5104,1009,CSP2,AM,2026-04-27T08:00:00,2026-04-27T12:00:00,2026-04-27T08:15:00,Y,Completed,2,48
AP9001921,WO701689,5169,1008,CSP2,AM,2026-04-24T08:00:00,2026-04-24T12:00:00,2026-04-24T08:10:00,Y,Completed,1,96
AP9001922,WO701689,5169,1008,CSP2,PM,2026-04-27T12:00:00,2026-04-27T16:00:00,2026-04-27T12:07:00,Y,Completed,2,65
AP9001923,WO701690,5121,1009,CSP2,All Day,2026-04-24T08:00:00,2026-04-24T16:00:00,2026-04-24T07:57:00,N,Completed,1,96
AP9001924,WO701690,5121,1009,CSP2,AM,2026-04-27T08:00:00,2026-04-27T12:00:00,2026-04-27T07:50:00,N,Completed,2,97
AP9001925,WO701692,5124,1006,CSP2,All Day,2026-04-24T08:00:00,2026-04-24T16:00:00,2026-04-24T07:59:00,N,Completed,1,92
AP9001926,WO701692,5124,1006,CSP2,AM,2026-04-27T08:00:00,2026-04-27T12:00:00,2026-04-27T08:09:00,Y,Completed,2,68
AP9001927,WO701693,5115,1007,CSP2,All Day,2026-04-24T08:00:00,2026-04-24T16:00:00,2026-04-24T08:14:00,Y,Completed,1,122
AP9001928,WO701694,5190,1009,CSP2,All Day,2026-04-24T08:00:00,2026-04-24T16:00:00,2026-04-24T08:03:00,Y,Completed,1,43
AP9001929,WO701695,5205,1013,CSP4,All Day,2026-04-24T08:00:00,2026-04-24T16:00:00,2026-04-24T08:18:00,Y,No Access,1,53
AP9001930,WO701695,5205,1013,CSP4,AM,2026-04-27T08:00:00,2026-04-27T12:00:00,2026-04-27T07:52:00,N,Completed,2,52
AP9001931,WO701696,5246,1012,CSP4,AM,2026-04-24T08:00:00,2026-04-24T12:00:00,2026-04-24T08:02:00,Y,Completed,1,79
AP9001932,WO701697,5286,1011,CSP4,All Day,2026-04-24T08:00:00,2026-04-24T16:00:00,2026-04-24T07:57:00,N,Completed,1,97
AP9001933,WO701697,5286,1011,CSP4,All Day,2026-04-27T08:00:00,2026-04-27T16:00:00,2026-04-27T08:08:00,Y,Completed,2,80
AP9001934,WO701698,5285,1014,CSP4,PM,2026-04-24T12:00:00,2026-04-24T16:00:00,2026-04-24T12:19:00,Y,Completed,1,38
AP9001935,WO701699,5290,1012,CSP4,All Day,2026-04-24T08:00:00,2026-04-24T16:00:00,2026-04-24T08:02:00,Y,Completed,1,55
AP9001936,WO701699,5290,1012,CSP4,PM,2026-04-27T12:00:00,2026-04-27T16:00:00,2026-04-27T12:07:00,Y,Completed,2,64
AP9001937,WO701700,5202,1013,CSP4,PM,2026-04-24T12:00:00,2026-04-24T16:00:00,2026-04-24T12:15:00,Y,Completed,1,52
AP9001938,WO701701,5261,1011,CSP4,All Day,2026-04-24T08:00:00,2026-04-24T16:00:00,2026-04-24T08:14:00,Y,Completed,1,98
AP9001939,WO701702,5210,1011,CSP4,PM,2026-04-24T12:00:00,2026-04-24T16:00:00,2026-04-24T12:09:00,Y,Completed,1,106
AP9001940,WO701703,5210,1013,CSP4,PM,2026-04-24T12:00:00,2026-04-24T16:00:00,2026-04-24T12:18:00,Y,Completed,1,67
AP9001941,WO701704,5208,1014,CSP4,AM,2026-04-24T08:00:00,2026-04-24T12:00:00,2026-04-24T08:02:00,Y,Completed,1,82
AP9001942,WO701705,5251,1014,CSP4,AM,2026-04-24T08:00:00,2026-04-24T12:00:00,2026-04-24T07:57:00,N,Completed,1,78
AP9001943,WO701707,5209,1013,CSP4,PM,2026-04-24T12:00:00,2026-04-24T16:00:00,2026-04-24T12:04:00,Y,Completed,1,83
AP9001944,WO701708,5236,1014,CSP4,PM,2026-04-24T12:00:00,2026-04-24T16:00:00,2026-04-24T11:52:00,N,Completed,1,68
AP9001945,WO701709,5240,1014,CSP4,All Day,2026-04-24T08:00:00,2026-04-24T16:00:00,2026-04-24T08:07:00,Y,Completed,1,58
AP9001946,WO701709,5240,1014,CSP4,AM,2026-04-27T08:00:00,2026-04-27T12:00:00,2026-04-27T07:54:00,N,Completed,2,126
AP9001947,WO701710,5277,1011,CSP4,All Day,2026-04-24T08:00:00,2026-04-24T16:00:00,2026-04-24T07:58:00,N,Completed,1,88
AP9001948,WO701711,5209,1012,CSP4,All Day,2026-04-24T08:00:00,2026-04-24T16:00:00,2026-04-24T08:09:00,Y,Completed,1,112
AP9001949,WO701712,5242,1013,CSP4,PM,2026-04-24T12:00:00,2026-04-24T16:00:00,2026-04-24T11:59:00,N,No Access,1,28
AP9001950,WO701712,5242,1013,CSP4,AM,2026-04-27T08:00:00,2026-04-27T12:00:00,2026-04-27T08:00:00,Y,Completed,2,86
AP9001951,WO701713,5236,1011,CSP4,All Day,2026-04-24T08:00:00,2026-04-24T16:00:00,2026-04-24T07:59:00,N,No Access,1,66
AP9001952,WO701713,5236,1011,CSP4,AM,2026-04-27T08:00:00,2026-04-27T12:00:00,2026-04-27T08:18:00,Y,Completed,2,58
AP9001953,WO701714,5299,1012,CSP4,PM,2026-04-24T12:00:00,2026-04-24T16:00:00,2026-04-24T12:06:00,Y,Completed,1,81
AP9001954,WO701715,5267,1012,CSP4,PM,2026-04-24T12:00:00,2026-04-24T16:00:00,2026-04-24T11:53:00,N,Completed,1,75
AP9001955,WO701716,5244,1013,CSP4,AM,2026-04-24T08:00:00,2026-04-24T12:00:00,2026-04-24T08:20:00,Y,Completed,1,98
AP9001956,WO701717,5073,1003,CSP1,PM,2026-04-27T12:00:00,2026-04-27T16:00:00,2026-04-27T12:04:00,Y,Completed,1,50
AP9001957,WO701718,5071,1001,CSP1,PM,2026-04-27T12:00:00,2026-04-27T16:00:00,2026-04-27T11:55:00,N,Completed,1,91
AP9001958,WO701719,5075,1002,CSP1,PM,2026-04-27T12:00:00,2026-04-27T16:00:00,2026-04-27T11:55:00,N,Completed,1,47
AP9001959,WO701720,5077,1001,CSP1,AM,2026-04-27T08:00:00,2026-04-27T12:00:00,2026-04-27T08:14:00,Y,Completed,1,83
AP9001960,WO701721,5007,1003,CSP1,All Day,2026-04-27T08:00:00,2026-04-27T16:00:00,2026-04-27T08:09:00,Y,Completed,1,110
AP9001961,WO701722,5096,1002,CSP1,AM,2026-04-27T08:00:00,2026-04-27T12:00:00,2026-04-27T08:17:00,Y,Completed,1,106
AP9001962,WO701723,5093,1002,CSP1,All Day,2026-04-27T08:00:00,2026-04-27T16:00:00,2026-04-27T08:02:00,Y,Completed,1,92
AP9001963,WO701723,5093,1002,CSP1,AM,2026-04-29T08:00:00,2026-04-29T12:00:00,2026-04-29T07:58:00,N,Completed,2,121
AP9001964,WO701724,5071,1004,CSP1,AM,2026-04-27T08:00:00,2026-04-27T12:00:00,2026-04-27T08:18:00,Y,Completed,1,80
AP9001965,WO701725,5050,1001,CSP1,PM,2026-04-27T12:00:00,2026-04-27T16:00:00,2026-04-27T11:55:00,N,Completed,1,20
AP9001966,WO701725,5050,1001,CSP1,All Day,2026-04-29T08:00:00,2026-04-29T16:00:00,2026-04-29T07:54:00,N,Completed,2,80
AP9001967,WO701726,5035,1001,CSP1,PM,2026-04-27T12:00:00,2026-04-27T16:00:00,2026-04-27T11:52:00,N,No Access,1,48
AP9001968,WO701726,5035,1001,CSP1,AM,2026-04-29T08:00:00,2026-04-29T12:00:00,2026-04-29T08:18:00,Y,Completed,2,92
AP9001969,WO701727,5023,1002,CSP1,All Day,2026-04-27T08:00:00,2026-04-27T16:00:00,2026-04-27T07:55:00,N,Completed,1,94
AP9001970,WO701728,5050,1001,CSP1,PM,2026-04-27T12:00:00,2026-04-27T16:00:00,2026-04-27T11:57:00,N,Completed,1,60
AP9001971,WO701729,5050,1003,CSP1,AM,2026-04-27T08:00:00,2026-04-27T12:00:00,2026-04-27T07:56:00,N,Completed,1,92
AP9001972,WO701729,5050,1003,CSP1,All Day,2026-04-29T08:00:00,2026-04-29T16:00:00,2026-04-29T07:51:00,N,Completed,2,46
AP9001973,WO701730,5068,1003,CSP1,AM,2026-04-27T08:00:00,2026-04-27T12:00:00,2026-04-27T07:55:00,N,Completed,1,90
AP9001974,WO701731,5019,1001,CSP1,AM,2026-04-27T08:00:00,2026-04-27T12:00:00,2026-04-27T08:08:00,Y,Completed,1,96
AP9001975,WO701732,5046,1002,CSP1,AM,2026-04-27T08:00:00,2026-04-27T12:00:00,2026-04-27T08:01:00,Y,Completed,1,53
AP9001976,WO701733,5088,1001,CSP1,AM,2026-04-27T08:00:00,2026-04-27T12:00:00,2026-04-27T07:51:00,N,Completed,1,55
AP9001977,WO701734,5063,1002,CSP1,All Day,2026-04-27T08:00:00,2026-04-27T16:00:00,2026-04-27T08:08:00,Y,Completed,1,59
AP9001978,WO701735,5034,1002,CSP1,PM,2026-04-27T12:00:00,2026-04-27T16:00:00,2026-04-27T12:02:00,Y,Completed,1,53
AP9001979,WO701736,5005,1003,CSP1,All Day,2026-04-27T08:00:00,2026-04-27T16:00:00,2026-04-27T08:05:00,Y,Completed,1,112
AP9001980,WO701737,5071,1003,CSP1,AM,2026-04-27T08:00:00,2026-04-27T12:00:00,2026-04-27T08:13:00,Y,Completed,1,91
AP9001981,WO701738,5036,1002,CSP1,AM,2026-04-27T08:00:00,2026-04-27T12:00:00,2026-04-27T07:50:00,N,Completed,1,65
AP9001982,WO701739,5174,1007,CSP2,AM,2026-04-27T08:00:00,2026-04-27T12:00:00,2026-04-27T08:13:00,Y,Completed,1,117
AP9001983,WO701740,5126,1009,CSP2,All Day,2026-04-27T08:00:00,2026-04-27T16:00:00,2026-04-27T08:10:00,Y,Completed,1,20
AP9001984,WO701741,5148,1006,CSP2,PM,2026-04-27T12:00:00,2026-04-27T16:00:00,2026-04-27T12:00:00,Y,Completed,1,85
AP9001985,WO701742,5135,1009,CSP2,All Day,2026-04-27T08:00:00,2026-04-27T16:00:00,2026-04-27T07:59:00,N,Completed,1,89
AP9001986,WO701743,5117,1006,CSP2,All Day,2026-04-27T08:00:00,2026-04-27T16:00:00,2026-04-27T07:59:00,N,No Access,1,51
AP9001987,WO701743,5117,1006,CSP2,PM,2026-04-29T12:00:00,2026-04-29T16:00:00,2026-04-29T11:56:00,N,Completed,2,57
AP9001988,WO701744,5191,1006,CSP2,All Day,2026-04-27T08:00:00,2026-04-27T16:00:00,2026-04-27T08:04:00,Y,Completed,1,40
AP9001989,WO701745,5101,1009,CSP2,PM,2026-04-27T12:00:00,2026-04-27T16:00:00,2026-04-27T12:12:00,Y,Completed,1,62
AP9001990,WO701745,5101,1009,CSP2,All Day,2026-04-29T08:00:00,2026-04-29T16:00:00,2026-04-29T08:05:00,Y,Completed,2,94
AP9001991,WO701746,5168,1009,CSP2,AM,2026-04-27T08:00:00,2026-04-27T12:00:00,2026-04-27T07:54:00,N,Completed,1,107
AP9001992,WO701749,5163,1008,CSP2,PM,2026-04-27T12:00:00,2026-04-27T16:00:00,2026-04-27T12:07:00,Y,Completed,1,80
AP9001993,WO701750,5198,1006,CSP2,All Day,2026-04-27T08:00:00,2026-04-27T16:00:00,2026-04-27T08:09:00,Y,Completed,1,87
AP9001994,WO701751,5133,1006,CSP2,PM,2026-04-27T12:00:00,2026-04-27T16:00:00,2026-04-27T12:05:00,Y,Completed,1,79
AP9001995,WO701752,5107,1009,CSP2,AM,2026-04-27T08:00:00,2026-04-27T12:00:00,2026-04-27T08:02:00,Y,Completed,1,55
AP9001996,WO701753,5150,1008,CSP2,AM,2026-04-27T08:00:00,2026-04-27T12:00:00,2026-04-27T07:54:00,N,Completed,1,54
AP9001997,WO701754,5162,1009,CSP2,AM,2026-04-27T08:00:00,2026-04-27T12:00:00,2026-04-27T08:07:00,Y,Completed,1,66
AP9001998,WO701755,5192,1009,CSP2,All Day,2026-04-27T08:00:00,2026-04-27T16:00:00,2026-04-27T08:06:00,Y,No Access,1,86
AP9001999,WO701755,5192,1009,CSP2,All Day,2026-04-29T08:00:00,2026-04-29T16:00:00,2026-04-29T07:59:00,N,Completed,2,60
AP9002000,WO701756,5143,1009,CSP2,AM,2026-04-27T08:00:00,2026-04-27T12:00:00,2026-04-27T07:52:00,N,Completed,1,55
AP9002001,WO701757,5157,1007,CSP2,All Day,2026-04-27T08:00:00,2026-04-27T16:00:00,2026-04-27T07:59:00,N,Completed,1,77
AP9002002,WO701758,5109,1007,CSP2,PM,2026-04-27T12:00:00,2026-04-27T16:00:00,2026-04-27T12:16:00,Y,Completed,1,81
AP9002003,WO701758,5109,1007,CSP2,AM,2026-04-29T08:00:00,2026-04-29T12:00:00,2026-04-29T08:08:00,Y,Completed,2,75
AP9002004,WO701760,5139,1007,CSP2,All Day,2026-04-27T08:00:00,2026-04-27T16:00:00,2026-04-27T08:12:00,Y,Completed,1,42
AP9002005,WO701761,5255,1012,CSP4,PM,2026-04-27T12:00:00,2026-04-27T16:00:00,2026-04-27T12:03:00,Y,Completed,1,54
AP9002006,WO701762,5234,1014,CSP4,PM,2026-04-27T12:00:00,2026-04-27T16:00:00,2026-04-27T12:09:00,Y,Completed,1,105
AP9002007,WO701763,5259,1014,CSP4,All Day,2026-04-27T08:00:00,2026-04-27T16:00:00,2026-04-27T08:12:00,Y,Completed,1,73
AP9002008,WO701764,5295,1014,CSP4,PM,2026-04-27T12:00:00,2026-04-27T16:00:00,2026-04-27T12:00:00,Y,Completed,1,104
AP9002009,WO701765,5288,1013,CSP4,AM,2026-04-27T08:00:00,2026-04-27T12:00:00,2026-04-27T08:19:00,Y,Completed,1,67
AP9002010,WO701766,5243,1013,CSP4,All Day,2026-04-27T08:00:00,2026-04-27T16:00:00,2026-04-27T08:17:00,Y,Completed,1,73
AP9002011,WO701767,5233,1014,CSP4,PM,2026-04-27T12:00:00,2026-04-27T16:00:00,2026-04-27T11:55:00,N,Completed,1,67
AP9002012,WO701768,5213,1014,CSP4,AM,2026-04-27T08:00:00,2026-04-27T12:00:00,2026-04-27T08:17:00,Y,Completed,1,51
AP9002013,WO701769,5221,1011,CSP4,AM,2026-04-27T08:00:00,2026-04-27T12:00:00,2026-04-27T08:05:00,Y,Completed,1,96
AP9002014,WO701769,5221,1011,CSP4,PM,2026-04-29T12:00:00,2026-04-29T16:00:00,2026-04-29T11:57:00,N,Completed,2,74
AP9002015,WO701770,5256,1012,CSP4,PM,2026-04-27T12:00:00,2026-04-27T16:00:00,2026-04-27T12:20:00,Y,Completed,1,64
AP9002016,WO701770,5256,1012,CSP4,PM,2026-04-29T12:00:00,2026-04-29T16:00:00,2026-04-29T12:09:00,Y,Completed,2,55
AP9002017,WO701771,5263,1014,CSP4,PM,2026-04-27T12:00:00,2026-04-27T16:00:00,2026-04-27T12:06:00,Y,Completed,1,55
AP9002018,WO701774,5223,1012,CSP4,PM,2026-04-27T12:00:00,2026-04-27T16:00:00,2026-04-27T12:16:00,Y,Completed,1,82
AP9002019,WO701775,5286,1013,CSP4,All Day,2026-04-27T08:00:00,2026-04-27T16:00:00,2026-04-27T08:01:00,Y,No Access,1,77
AP9002020,WO701775,5286,1013,CSP4,PM,2026-04-29T12:00:00,2026-04-29T16:00:00,2026-04-29T12:10:00,Y,Completed,2,70
AP9002021,WO701776,5206,1011,CSP4,PM,2026-04-27T12:00:00,2026-04-27T16:00:00,2026-04-27T12:08:00,Y,Completed,1,97
AP9002022,WO701777,5235,1013,CSP4,AM,2026-04-27T08:00:00,2026-04-27T12:00:00,2026-04-27T07:54:00,N,Completed,1,98
AP9002023,WO701778,5234,1011,CSP4,PM,2026-04-27T12:00:00,2026-04-27T16:00:00,2026-04-27T12:14:00,Y,No Access,1,94
AP9002024,WO701778,5234,1011,CSP4,PM,2026-04-29T12:00:00,2026-04-29T16:00:00,2026-04-29T12:12:00,Y,Completed,2,94
AP9002025,WO701779,5251,1012,CSP4,All Day,2026-04-27T08:00:00,2026-04-27T16:00:00,2026-04-27T08:00:00,Y,Completed,1,64
AP9002026,WO701780,5291,1012,CSP4,PM,2026-04-27T12:00:00,2026-04-27T16:00:00,2026-04-27T12:11:00,Y,Completed,1,42
AP9002027,WO701781,5291,1012,CSP4,AM,2026-04-27T08:00:00,2026-04-27T12:00:00,2026-04-27T07:54:00,N,No Access,1,56
AP9002028,WO701781,5291,1012,CSP4,All Day,2026-04-29T08:00:00,2026-04-29T16:00:00,2026-04-29T08:01:00,Y,Completed,2,65
AP9002029,WO701782,5293,1012,CSP4,AM,2026-04-27T08:00:00,2026-04-27T12:00:00,2026-04-27T08:15:00,Y,Completed,1,67
AP9002030,WO701782,5293,1012,CSP4,All Day,2026-04-29T08:00:00,2026-04-29T16:00:00,2026-04-29T08:17:00,Y,Completed,2,103
AP9002031,WO701783,5016,1001,CSP1,PM,2026-04-28T12:00:00,2026-04-28T16:00:00,2026-04-28T12:19:00,Y,Completed,1,58
AP9002032,WO701784,5051,1002,CSP1,PM,2026-04-28T12:00:00,2026-04-28T16:00:00,2026-04-28T11:53:00,N,Completed,1,99
AP9002033,WO701785,5051,1003,CSP1,All Day,2026-04-28T08:00:00,2026-04-28T16:00:00,2026-04-28T08:10:00,Y,No Access,1,80
AP9002034,WO701785,5051,1003,CSP1,AM,2026-04-30T08:00:00,2026-04-30T12:00:00,2026-04-30T08:10:00,Y,Completed,2,76
AP9002035,WO701786,5090,1002,CSP1,AM,2026-04-28T08:00:00,2026-04-28T12:00:00,2026-04-28T07:59:00,N,Completed,1,38
AP9002036,WO701787,5019,1002,CSP1,AM,2026-04-28T08:00:00,2026-04-28T12:00:00,2026-04-28T07:56:00,N,Completed,1,86
AP9002037,WO701787,5019,1002,CSP1,All Day,2026-04-30T08:00:00,2026-04-30T16:00:00,2026-04-30T08:13:00,Y,Completed,2,103
AP9002038,WO701788,5024,1003,CSP1,PM,2026-04-28T12:00:00,2026-04-28T16:00:00,2026-04-28T11:52:00,N,Completed,1,48
AP9002039,WO701788,5024,1003,CSP1,PM,2026-04-30T12:00:00,2026-04-30T16:00:00,2026-04-30T12:05:00,Y,Completed,2,42
AP9002040,WO701789,5001,1002,CSP1,PM,2026-04-28T12:00:00,2026-04-28T16:00:00,2026-04-28T12:10:00,Y,Completed,1,98
AP9002041,WO701790,5095,1002,CSP1,All Day,2026-04-28T08:00:00,2026-04-28T16:00:00,2026-04-28T08:03:00,Y,Completed,1,78
AP9002042,WO701791,5056,1002,CSP1,AM,2026-04-28T08:00:00,2026-04-28T12:00:00,2026-04-28T08:16:00,Y,Completed,1,86
AP9002043,WO701791,5056,1002,CSP1,All Day,2026-04-30T08:00:00,2026-04-30T16:00:00,2026-04-30T08:11:00,Y,Completed,2,45
AP9002044,WO701792,5037,1004,CSP1,PM,2026-04-28T12:00:00,2026-04-28T16:00:00,2026-04-28T12:14:00,Y,Completed,1,71
AP9002045,WO701793,5078,1002,CSP1,AM,2026-04-28T08:00:00,2026-04-28T12:00:00,2026-04-28T08:14:00,Y,Completed,1,50
AP9002046,WO701793,5078,1002,CSP1,All Day,2026-04-30T08:00:00,2026-04-30T16:00:00,2026-04-30T08:02:00,Y,Completed,2,87
AP9002047,WO701795,5058,1002,CSP1,All Day,2026-04-28T08:00:00,2026-04-28T16:00:00,2026-04-28T08:07:00,Y,Completed,1,51
AP9002048,WO701796,5070,1001,CSP1,All Day,2026-04-28T08:00:00,2026-04-28T16:00:00,2026-04-28T07:56:00,N,Completed,1,56
AP9002049,WO701797,5064,1003,CSP1,All Day,2026-04-28T08:00:00,2026-04-28T16:00:00,2026-04-28T08:11:00,Y,Completed,1,73
AP9002050,WO701798,5093,1002,CSP1,AM,2026-04-28T08:00:00,2026-04-28T12:00:00,2026-04-28T08:07:00,Y,Completed,1,130
AP9002051,WO701798,5093,1002,CSP1,PM,2026-04-30T12:00:00,2026-04-30T16:00:00,2026-04-30T11:58:00,N,Completed,2,31
AP9002052,WO701799,5062,1002,CSP1,AM,2026-04-28T08:00:00,2026-04-28T12:00:00,2026-04-28T07:58:00,N,Completed,1,55
AP9002053,WO701800,5021,1001,CSP1,All Day,2026-04-28T08:00:00,2026-04-28T16:00:00,2026-04-28T08:19:00,Y,Completed,1,76
AP9002054,WO701802,5031,1001,CSP1,AM,2026-04-28T08:00:00,2026-04-28T12:00:00,2026-04-28T07:53:00,N,Completed,1,82
AP9002055,WO701803,5016,1003,CSP1,PM,2026-04-28T12:00:00,2026-04-28T16:00:00,2026-04-28T11:53:00,N,Completed,1,44
AP9002056,WO701803,5016,1003,CSP1,All Day,2026-04-30T08:00:00,2026-04-30T16:00:00,2026-04-30T08:12:00,Y,Completed,2,119
AP9002057,WO701804,5011,1001,CSP1,All Day,2026-04-28T08:00:00,2026-04-28T16:00:00,2026-04-28T08:18:00,Y,Completed,1,81
AP9002058,WO701804,5011,1001,CSP1,All Day,2026-04-30T08:00:00,2026-04-30T16:00:00,2026-04-30T08:08:00,Y,Completed,2,104
AP9002059,WO701805,5103,1006,CSP2,PM,2026-04-28T12:00:00,2026-04-28T16:00:00,2026-04-28T11:58:00,N,Completed,1,69
AP9002060,WO701806,5162,1007,CSP2,AM,2026-04-28T08:00:00,2026-04-28T12:00:00,2026-04-28T08:01:00,Y,Completed,1,68
AP9002061,WO701807,5128,1008,CSP2,AM,2026-04-28T08:00:00,2026-04-28T12:00:00,2026-04-28T08:11:00,Y,Completed,1,80
AP9002062,WO701809,5158,1006,CSP2,PM,2026-04-28T12:00:00,2026-04-28T16:00:00,2026-04-28T12:06:00,Y,Completed,1,96
AP9002063,WO701810,5101,1009,CSP2,PM,2026-04-28T12:00:00,2026-04-28T16:00:00,2026-04-28T12:04:00,Y,Completed,1,62
AP9002064,WO701811,5118,1006,CSP2,AM,2026-04-28T08:00:00,2026-04-28T12:00:00,2026-04-28T08:19:00,Y,Completed,1,101
AP9002065,WO701813,5139,1008,CSP2,PM,2026-04-28T12:00:00,2026-04-28T16:00:00,2026-04-28T11:59:00,N,Completed,1,47
AP9002066,WO701814,5168,1008,CSP2,AM,2026-04-28T08:00:00,2026-04-28T12:00:00,2026-04-28T07:52:00,N,No Access,1,84
AP9002067,WO701814,5168,1008,CSP2,All Day,2026-04-30T08:00:00,2026-04-30T16:00:00,2026-04-30T07:51:00,N,Completed,2,90
AP9002068,WO701815,5124,1006,CSP2,PM,2026-04-28T12:00:00,2026-04-28T16:00:00,2026-04-28T12:18:00,Y,Completed,1,98
AP9002069,WO701815,5124,1006,CSP2,All Day,2026-04-30T08:00:00,2026-04-30T16:00:00,2026-04-30T08:12:00,Y,Completed,2,38
AP9002070,WO701816,5134,1006,CSP2,PM,2026-04-28T12:00:00,2026-04-28T16:00:00,2026-04-28T11:52:00,N,Completed,1,60
AP9002071,WO701817,5136,1009,CSP2,PM,2026-04-28T12:00:00,2026-04-28T16:00:00,2026-04-28T12:15:00,Y,Completed,1,48
AP9002072,WO701818,5174,1009,CSP2,PM,2026-04-28T12:00:00,2026-04-28T16:00:00,2026-04-28T12:04:00,Y,Completed,1,72
AP9002073,WO701819,5140,1007,CSP2,All Day,2026-04-28T08:00:00,2026-04-28T16:00:00,2026-04-28T07:56:00,N,Completed,1,79
AP9002074,WO701820,5101,1008,CSP2,AM,2026-04-28T08:00:00,2026-04-28T12:00:00,2026-04-28T08:00:00,Y,No Access,1,82
AP9002075,WO701820,5101,1008,CSP2,All Day,2026-04-30T08:00:00,2026-04-30T16:00:00,2026-04-30T07:56:00,N,Completed,2,61
AP9002076,WO701821,5172,1006,CSP2,All Day,2026-04-28T08:00:00,2026-04-28T16:00:00,2026-04-28T08:01:00,Y,Completed,1,88
AP9002077,WO701822,5103,1009,CSP2,All Day,2026-04-28T08:00:00,2026-04-28T16:00:00,2026-04-28T07:54:00,N,Completed,1,56
AP9002078,WO701823,5131,1007,CSP2,All Day,2026-04-28T08:00:00,2026-04-28T16:00:00,2026-04-28T08:10:00,Y,Completed,1,69
AP9002079,WO701823,5131,1007,CSP2,All Day,2026-04-30T08:00:00,2026-04-30T16:00:00,2026-04-30T07:55:00,N,Completed,2,70
AP9002080,WO701824,5164,1006,CSP2,PM,2026-04-28T12:00:00,2026-04-28T16:00:00,2026-04-28T12:18:00,Y,Completed,1,99
AP9002081,WO701825,5145,1009,CSP2,PM,2026-04-28T12:00:00,2026-04-28T16:00:00,2026-04-28T12:07:00,Y,Completed,1,111
AP9002082,WO701826,5116,1008,CSP2,PM,2026-04-28T12:00:00,2026-04-28T16:00:00,2026-04-28T12:03:00,Y,Completed,1,85
AP9002083,WO701827,5233,1012,CSP4,AM,2026-04-28T08:00:00,2026-04-28T12:00:00,2026-04-28T08:16:00,Y,Completed,1,86
AP9002084,WO701828,5206,1013,CSP4,AM,2026-04-28T08:00:00,2026-04-28T12:00:00,2026-04-28T07:55:00,N,Completed,1,63
AP9002085,WO701829,5215,1014,CSP4,AM,2026-04-28T08:00:00,2026-04-28T12:00:00,2026-04-28T08:05:00,Y,Completed,1,49
AP9002086,WO701829,5215,1014,CSP4,All Day,2026-04-30T08:00:00,2026-04-30T16:00:00,2026-04-30T07:57:00,N,Completed,2,97
AP9002087,WO701830,5219,1011,CSP4,All Day,2026-04-28T08:00:00,2026-04-28T16:00:00,2026-04-28T08:01:00,Y,Completed,1,89
AP9002088,WO701831,5288,1012,CSP4,All Day,2026-04-28T08:00:00,2026-04-28T16:00:00,2026-04-28T08:01:00,Y,Completed,1,38
AP9002089,WO701832,5286,1014,CSP4,AM,2026-04-28T08:00:00,2026-04-28T12:00:00,2026-04-28T08:20:00,Y,Completed,1,106
AP9002090,WO701832,5286,1014,CSP4,AM,2026-04-30T08:00:00,2026-04-30T12:00:00,2026-04-30T08:20:00,Y,Completed,2,75
AP9002091,WO701833,5208,1014,CSP4,AM,2026-04-28T08:00:00,2026-04-28T12:00:00,2026-04-28T08:18:00,Y,Completed,1,94
AP9002092,WO701833,5208,1014,CSP4,AM,2026-04-30T08:00:00,2026-04-30T12:00:00,2026-04-30T08:07:00,Y,Completed,2,45
AP9002093,WO701834,5236,1012,CSP4,PM,2026-04-28T12:00:00,2026-04-28T16:00:00,2026-04-28T12:15:00,Y,No Access,1,47
AP9002094,WO701834,5236,1012,CSP4,All Day,2026-04-30T08:00:00,2026-04-30T16:00:00,2026-04-30T08:20:00,Y,Completed,2,79
AP9002095,WO701835,5229,1011,CSP4,All Day,2026-04-28T08:00:00,2026-04-28T16:00:00,2026-04-28T07:59:00,N,Completed,1,83
AP9002096,WO701836,5257,1014,CSP4,AM,2026-04-28T08:00:00,2026-04-28T12:00:00,2026-04-28T07:50:00,N,Completed,1,85
AP9002097,WO701837,5283,1011,CSP4,AM,2026-04-28T08:00:00,2026-04-28T12:00:00,2026-04-28T08:04:00,Y,No Access,1,86
AP9002098,WO701837,5283,1011,CSP4,AM,2026-04-30T08:00:00,2026-04-30T12:00:00,2026-04-30T08:16:00,Y,Completed,2,67
AP9002099,WO701838,5267,1013,CSP4,AM,2026-04-28T08:00:00,2026-04-28T12:00:00,2026-04-28T07:56:00,N,Completed,1,69
AP9002100,WO701839,5233,1011,CSP4,PM,2026-04-28T12:00:00,2026-04-28T16:00:00,2026-04-28T12:13:00,Y,Completed,1,94
AP9002101,WO701840,5224,1014,CSP4,PM,2026-04-28T12:00:00,2026-04-28T16:00:00,2026-04-28T11:53:00,N,Completed,1,77
AP9002102,WO701841,5273,1014,CSP4,AM,2026-04-28T08:00:00,2026-04-28T12:00:00,2026-04-28T08:11:00,Y,No Access,1,27
AP9002103,WO701841,5273,1014,CSP4,All Day,2026-04-30T08:00:00,2026-04-30T16:00:00,2026-04-30T08:08:00,Y,Completed,2,66
AP9002104,WO701842,5290,1014,CSP4,PM,2026-04-28T12:00:00,2026-04-28T16:00:00,2026-04-28T12:14:00,Y,Completed,1,66
AP9002105,WO701843,5213,1014,CSP4,PM,2026-04-28T12:00:00,2026-04-28T16:00:00,2026-04-28T11:59:00,N,Completed,1,108
AP9002106,WO701844,5298,1012,CSP4,AM,2026-04-28T08:00:00,2026-04-28T12:00:00,2026-04-28T07:59:00,N,Completed,1,83
AP9002107,WO701845,5273,1011,CSP4,AM,2026-04-28T08:00:00,2026-04-28T12:00:00,2026-04-28T08:09:00,Y,Completed,1,71
AP9002108,WO701846,5214,1013,CSP4,AM,2026-04-28T08:00:00,2026-04-28T12:00:00,2026-04-28T08:11:00,Y,Completed,1,61
AP9002109,WO701846,5214,1013,CSP4,All Day,2026-04-30T08:00:00,2026-04-30T16:00:00,2026-04-30T08:12:00,Y,Completed,2,46
AP9002110,WO701847,5276,1012,CSP4,AM,2026-04-28T08:00:00,2026-04-28T12:00:00,2026-04-28T08:16:00,Y,Completed,1,107
AP9002111,WO701848,5231,1011,CSP4,PM,2026-04-28T12:00:00,2026-04-28T16:00:00,2026-04-28T11:57:00,N,Completed,1,113
AP9002112,WO701849,5006,1003,CSP1,All Day,2026-04-29T08:00:00,2026-04-29T16:00:00,2026-04-29T07:59:00,N,Completed,1,71
AP9002113,WO701850,5063,1002,CSP1,PM,2026-04-29T12:00:00,2026-04-29T16:00:00,2026-04-29T11:51:00,N,Completed,1,76
AP9002114,WO701851,5036,1001,CSP1,AM,2026-04-29T08:00:00,2026-04-29T12:00:00,2026-04-29T08:19:00,Y,No Access,1,52
AP9002115,WO701851,5036,1001,CSP1,PM,2026-05-01T12:00:00,2026-05-01T16:00:00,2026-05-01T11:51:00,N,Completed,2,74
AP9002116,WO701852,5095,1002,CSP1,PM,2026-04-29T12:00:00,2026-04-29T16:00:00,2026-04-29T11:50:00,N,Completed,1,63
AP9002117,WO701854,5058,1001,CSP1,AM,2026-04-29T08:00:00,2026-04-29T12:00:00,2026-04-29T08:02:00,Y,Completed,1,56
AP9002118,WO701855,5088,1003,CSP1,PM,2026-04-29T12:00:00,2026-04-29T16:00:00,2026-04-29T12:19:00,Y,Completed,1,101
AP9002119,WO701856,5069,1004,CSP1,All Day,2026-04-29T08:00:00,2026-04-29T16:00:00,2026-04-29T08:19:00,Y,Completed,1,85
AP9002120,WO701857,5054,1002,CSP1,PM,2026-04-29T12:00:00,2026-04-29T16:00:00,2026-04-29T12:05:00,Y,Completed,1,60
AP9002121,WO701858,5087,1002,CSP1,AM,2026-04-29T08:00:00,2026-04-29T12:00:00,2026-04-29T07:59:00,N,Completed,1,48
AP9002122,WO701858,5087,1002,CSP1,PM,2026-05-01T12:00:00,2026-05-01T16:00:00,2026-05-01T12:02:00,Y,Completed,2,93
AP9002123,WO701859,5077,1004,CSP1,All Day,2026-04-29T08:00:00,2026-04-29T16:00:00,2026-04-29T08:02:00,Y,Completed,1,97
AP9002124,WO701860,5036,1002,CSP1,AM,2026-04-29T08:00:00,2026-04-29T12:00:00,2026-04-29T08:18:00,Y,Completed,1,44
AP9002125,WO701861,5060,1004,CSP1,All Day,2026-04-29T08:00:00,2026-04-29T16:00:00,2026-04-29T07:54:00,N,Completed,1,85
AP9002126,WO701862,5069,1002,CSP1,PM,2026-04-29T12:00:00,2026-04-29T16:00:00,2026-04-29T12:02:00,Y,Completed,1,51
AP9002127,WO701863,5067,1003,CSP1,All Day,2026-04-29T08:00:00,2026-04-29T16:00:00,2026-04-29T08:18:00,Y,Completed,1,95
AP9002128,WO701864,5070,1003,CSP1,AM,2026-04-29T08:00:00,2026-04-29T12:00:00,2026-04-29T07:51:00,N,Completed,1,109
AP9002129,WO701865,5071,1002,CSP1,AM,2026-04-29T08:00:00,2026-04-29T12:00:00,2026-04-29T08:07:00,Y,No Access,1,68
AP9002130,WO701865,5071,1002,CSP1,PM,2026-05-01T12:00:00,2026-05-01T16:00:00,2026-05-01T12:11:00,Y,Completed,2,80
AP9002131,WO701866,5029,1001,CSP1,PM,2026-04-29T12:00:00,2026-04-29T16:00:00,2026-04-29T11:52:00,N,Completed,1,47
AP9002132,WO701867,5098,1002,CSP1,AM,2026-04-29T08:00:00,2026-04-29T12:00:00,2026-04-29T08:05:00,Y,Completed,1,57
AP9002133,WO701868,5100,1004,CSP1,All Day,2026-04-29T08:00:00,2026-04-29T16:00:00,2026-04-29T07:56:00,N,No Access,1,68
AP9002134,WO701868,5100,1004,CSP1,All Day,2026-05-01T08:00:00,2026-05-01T16:00:00,2026-05-01T08:13:00,Y,Completed,2,24
AP9002135,WO701869,5075,1002,CSP1,PM,2026-04-29T12:00:00,2026-04-29T16:00:00,2026-04-29T12:18:00,Y,Completed,1,42
AP9002136,WO701870,5008,1002,CSP1,AM,2026-04-29T08:00:00,2026-04-29T12:00:00,2026-04-29T07:52:00,N,Completed,1,92
AP9002137,WO701871,5183,1006,CSP2,All Day,2026-04-29T08:00:00,2026-04-29T16:00:00,2026-04-29T07:51:00,N,Completed,1,118
AP9002138,WO701871,5183,1006,CSP2,All Day,2026-05-01T08:00:00,2026-05-01T16:00:00,2026-05-01T07:57:00,N,Completed,2,89
AP9002139,WO701872,5170,1009,CSP2,All Day,2026-04-29T08:00:00,2026-04-29T16:00:00,2026-04-29T07:53:00,N,Completed,1,68
AP9002140,WO701873,5180,1006,CSP2,AM,2026-04-29T08:00:00,2026-04-29T12:00:00,2026-04-29T08:06:00,Y,Completed,1,29
AP9002141,WO701874,5101,1007,CSP2,PM,2026-04-29T12:00:00,2026-04-29T16:00:00,2026-04-29T12:12:00,Y,Completed,1,83
AP9002142,WO701875,5168,1007,CSP2,All Day,2026-04-29T08:00:00,2026-04-29T16:00:00,2026-04-29T08:11:00,Y,Completed,1,72
AP9002143,WO701877,5192,1007,CSP2,AM,2026-04-29T08:00:00,2026-04-29T12:00:00,2026-04-29T08:19:00,Y,Completed,1,73
AP9002144,WO701878,5159,1009,CSP2,AM,2026-04-29T08:00:00,2026-04-29T12:00:00,2026-04-29T07:57:00,N,Completed,1,92
AP9002145,WO701879,5168,1009,CSP2,AM,2026-04-29T08:00:00,2026-04-29T12:00:00,2026-04-29T08:07:00,Y,Completed,1,79
AP9002146,WO701880,5168,1006,CSP2,AM,2026-04-29T08:00:00,2026-04-29T12:00:00,2026-04-29T07:54:00,N,No Access,1,72
AP9002147,WO701880,5168,1006,CSP2,All Day,2026-05-01T08:00:00,2026-05-01T16:00:00,2026-05-01T08:10:00,Y,Completed,2,66
AP9002148,WO701881,5183,1008,CSP2,PM,2026-04-29T12:00:00,2026-04-29T16:00:00,2026-04-29T12:18:00,Y,No Access,1,79
AP9002149,WO701881,5183,1008,CSP2,All Day,2026-05-01T08:00:00,2026-05-01T16:00:00,2026-05-01T07:58:00,N,Completed,2,80
AP9002150,WO701882,5168,1007,CSP2,AM,2026-04-29T08:00:00,2026-04-29T12:00:00,2026-04-29T08:16:00,Y,No Access,1,26
AP9002151,WO701882,5168,1007,CSP2,AM,2026-05-01T08:00:00,2026-05-01T12:00:00,2026-05-01T07:51:00,N,Completed,2,112
AP9002152,WO701883,5138,1007,CSP2,AM,2026-04-29T08:00:00,2026-04-29T12:00:00,2026-04-29T08:17:00,Y,Completed,1,70
AP9002153,WO701883,5138,1007,CSP2,PM,2026-05-01T12:00:00,2026-05-01T16:00:00,2026-05-01T12:05:00,Y,Completed,2,105
AP9002154,WO701884,5132,1008,CSP2,AM,2026-04-29T08:00:00,2026-04-29T12:00:00,2026-04-29T07:53:00,N,Completed,1,60
AP9002155,WO701885,5133,1006,CSP2,All Day,2026-04-29T08:00:00,2026-04-29T16:00:00,2026-04-29T07:59:00,N,Completed,1,91
AP9002156,WO701886,5146,1009,CSP2,All Day,2026-04-29T08:00:00,2026-04-29T16:00:00,2026-04-29T08:17:00,Y,Completed,1,95
AP9002157,WO701888,5111,1006,CSP2,All Day,2026-04-29T08:00:00,2026-04-29T16:00:00,2026-04-29T07:53:00,N,Completed,1,51
AP9002158,WO701889,5168,1006,CSP2,All Day,2026-04-29T08:00:00,2026-04-29T16:00:00,2026-04-29T08:05:00,Y,Completed,1,91
AP9002159,WO701890,5165,1007,CSP2,All Day,2026-04-29T08:00:00,2026-04-29T16:00:00,2026-04-29T08:06:00,Y,Completed,1,20
AP9002160,WO701891,5190,1007,CSP2,PM,2026-04-29T12:00:00,2026-04-29T16:00:00,2026-04-29T12:07:00,Y,Completed,1,58
AP9002161,WO701892,5131,1008,CSP2,AM,2026-04-29T08:00:00,2026-04-29T12:00:00,2026-04-29T07:52:00,N,Completed,1,71
AP9002162,WO701893,5291,1012,CSP4,PM,2026-04-29T12:00:00,2026-04-29T16:00:00,2026-04-29T12:19:00,Y,Completed,1,50
AP9002163,WO701894,5259,1012,CSP4,AM,2026-04-29T08:00:00,2026-04-29T12:00:00,2026-04-29T08:03:00,Y,Completed,1,50
AP9002164,WO701895,5276,1011,CSP4,All Day,2026-04-29T08:00:00,2026-04-29T16:00:00,2026-04-29T08:12:00,Y,No Access,1,86
AP9002165,WO701895,5276,1011,CSP4,All Day,2026-05-01T08:00:00,2026-05-01T16:00:00,2026-05-01T07:56:00,N,Completed,2,51
AP9002166,WO701896,5206,1013,CSP4,AM,2026-04-29T08:00:00,2026-04-29T12:00:00,2026-04-29T07:55:00,N,Completed,1,83
AP9002167,WO701896,5206,1013,CSP4,All Day,2026-05-01T08:00:00,2026-05-01T16:00:00,2026-05-01T08:09:00,Y,Completed,2,57
AP9002168,WO701897,5298,1011,CSP4,PM,2026-04-29T12:00:00,2026-04-29T16:00:00,2026-04-29T11:59:00,N,Completed,1,39
AP9002169,WO701897,5298,1011,CSP4,All Day,2026-05-01T08:00:00,2026-05-01T16:00:00,2026-05-01T07:57:00,N,Completed,2,86
AP9002170,WO701898,5268,1013,CSP4,PM,2026-04-29T12:00:00,2026-04-29T16:00:00,2026-04-29T12:09:00,Y,Completed,1,44
AP9002171,WO701899,5300,1014,CSP4,AM,2026-04-29T08:00:00,2026-04-29T12:00:00,2026-04-29T08:03:00,Y,Completed,1,60
AP9002172,WO701900,5243,1013,CSP4,AM,2026-04-29T08:00:00,2026-04-29T12:00:00,2026-04-29T08:07:00,Y,Completed,1,105
AP9002173,WO701901,5254,1013,CSP4,All Day,2026-04-29T08:00:00,2026-04-29T16:00:00,2026-04-29T08:07:00,Y,No Access,1,81
AP9002174,WO701901,5254,1013,CSP4,AM,2026-05-01T08:00:00,2026-05-01T12:00:00,2026-05-01T08:19:00,Y,Completed,2,75
AP9002175,WO701902,5208,1013,CSP4,AM,2026-04-29T08:00:00,2026-04-29T12:00:00,2026-04-29T08:14:00,Y,Completed,1,25
AP9002176,WO701903,5214,1013,CSP4,PM,2026-04-29T12:00:00,2026-04-29T16:00:00,2026-04-29T12:07:00,Y,No Access,1,94
AP9002177,WO701903,5214,1013,CSP4,All Day,2026-05-01T08:00:00,2026-05-01T16:00:00,2026-05-01T07:56:00,N,Completed,2,20
AP9002178,WO701904,5297,1013,CSP4,PM,2026-04-29T12:00:00,2026-04-29T16:00:00,2026-04-29T12:01:00,Y,Completed,1,48
AP9002179,WO701906,5296,1014,CSP4,AM,2026-04-29T08:00:00,2026-04-29T12:00:00,2026-04-29T08:10:00,Y,No Access,1,126
AP9002180,WO701906,5296,1014,CSP4,All Day,2026-05-01T08:00:00,2026-05-01T16:00:00,2026-05-01T08:03:00,Y,Completed,2,120
AP9002181,WO701907,5244,1013,CSP4,AM,2026-04-29T08:00:00,2026-04-29T12:00:00,2026-04-29T07:50:00,N,Completed,1,71
AP9002182,WO701908,5213,1012,CSP4,All Day,2026-04-29T08:00:00,2026-04-29T16:00:00,2026-04-29T08:20:00,Y,Completed,1,59
AP9002183,WO701909,5208,1014,CSP4,PM,2026-04-29T12:00:00,2026-04-29T16:00:00,2026-04-29T12:10:00,Y,Completed,1,67
AP9002184,WO701910,5204,1011,CSP4,AM,2026-04-29T08:00:00,2026-04-29T12:00:00,2026-04-29T08:08:00,Y,Completed,1,76
AP9002185,WO701911,5299,1011,CSP4,AM,2026-04-29T08:00:00,2026-04-29T12:00:00,2026-04-29T08:13:00,Y,Completed,1,91
AP9002186,WO701912,5274,1014,CSP4,All Day,2026-04-29T08:00:00,2026-04-29T16:00:00,2026-04-29T07:51:00,N,Completed,1,59
AP9002187,WO701913,5227,1012,CSP4,All Day,2026-04-29T08:00:00,2026-04-29T16:00:00,2026-04-29T08:14:00,Y,Completed,1,99
AP9002188,WO701914,5268,1013,CSP4,AM,2026-04-29T08:00:00,2026-04-29T12:00:00,2026-04-29T07:55:00,N,Completed,1,70
AP9002189,WO701916,5086,1002,CSP1,PM,2026-04-30T12:00:00,2026-04-30T16:00:00,2026-04-30T12:09:00,Y,Completed,1,78
AP9002190,WO701917,5075,1004,CSP1,AM,2026-04-30T08:00:00,2026-04-30T12:00:00,2026-04-30T08:18:00,Y,Completed,1,87
AP9002191,WO701918,5033,1004,CSP1,All Day,2026-04-30T08:00:00,2026-04-30T16:00:00,2026-04-30T07:56:00,N,Completed,1,88
AP9002192,WO701919,5074,1002,CSP1,PM,2026-04-30T12:00:00,2026-04-30T16:00:00,2026-04-30T12:10:00,Y,Completed,1,76
AP9002193,WO701920,5087,1002,CSP1,PM,2026-04-30T12:00:00,2026-04-30T16:00:00,2026-04-30T12:12:00,Y,Completed,1,84
AP9002194,WO701921,5073,1003,CSP1,AM,2026-04-30T08:00:00,2026-04-30T12:00:00,2026-04-30T08:12:00,Y,Completed,1,49
AP9002195,WO701922,5080,1004,CSP1,All Day,2026-04-30T08:00:00,2026-04-30T16:00:00,2026-04-30T07:52:00,N,No Access,1,89
AP9002196,WO701922,5080,1004,CSP1,PM,2026-05-04T12:00:00,2026-05-04T16:00:00,2026-05-04T12:02:00,Y,Completed,2,35
AP9002197,WO701923,5038,1003,CSP1,PM,2026-04-30T12:00:00,2026-04-30T16:00:00,2026-04-30T12:11:00,Y,Completed,1,91
AP9002198,WO701923,5038,1003,CSP1,All Day,2026-05-04T08:00:00,2026-05-04T16:00:00,2026-05-04T08:02:00,Y,Completed,2,64
AP9002199,WO701924,5090,1004,CSP1,AM,2026-04-30T08:00:00,2026-04-30T12:00:00,2026-04-30T08:01:00,Y,Completed,1,63
AP9002200,WO701925,5004,1003,CSP1,PM,2026-04-30T12:00:00,2026-04-30T16:00:00,2026-04-30T12:13:00,Y,Completed,1,59
AP9002201,WO701926,5029,1004,CSP1,All Day,2026-04-30T08:00:00,2026-04-30T16:00:00,2026-04-30T08:03:00,Y,Completed,1,129
AP9002202,WO701927,5085,1004,CSP1,PM,2026-04-30T12:00:00,2026-04-30T16:00:00,2026-04-30T12:19:00,Y,Completed,1,33
AP9002203,WO701928,5085,1002,CSP1,All Day,2026-04-30T08:00:00,2026-04-30T16:00:00,2026-04-30T08:13:00,Y,No Access,1,95
AP9002204,WO701928,5085,1002,CSP1,PM,2026-05-04T12:00:00,2026-05-04T16:00:00,2026-05-04T12:07:00,Y,Completed,2,53
AP9002205,WO701929,5019,1002,CSP1,All Day,2026-04-30T08:00:00,2026-04-30T16:00:00,2026-04-30T08:20:00,Y,Completed,1,107
AP9002206,WO701931,5062,1002,CSP1,PM,2026-04-30T12:00:00,2026-04-30T16:00:00,2026-04-30T12:16:00,Y,Completed,1,58
AP9002207,WO701931,5062,1002,CSP1,AM,2026-05-04T08:00:00,2026-05-04T12:00:00,2026-05-04T08:03:00,Y,Completed,2,121
AP9002208,WO701932,5044,1002,CSP1,AM,2026-04-30T08:00:00,2026-04-30T12:00:00,2026-04-30T07:50:00,N,Completed,1,68
AP9002209,WO701933,5099,1004,CSP1,PM,2026-04-30T12:00:00,2026-04-30T16:00:00,2026-04-30T12:01:00,Y,No Access,1,72
AP9002210,WO701933,5099,1004,CSP1,All Day,2026-05-04T08:00:00,2026-05-04T16:00:00,2026-05-04T08:18:00,Y,Completed,2,74
AP9002211,WO701934,5097,1002,CSP1,AM,2026-04-30T08:00:00,2026-04-30T12:00:00,2026-04-30T08:14:00,Y,Completed,1,94
AP9002212,WO701935,5009,1002,CSP1,All Day,2026-04-30T08:00:00,2026-04-30T16:00:00,2026-04-30T08:16:00,Y,No Access,1,57
AP9002213,WO701935,5009,1002,CSP1,All Day,2026-05-04T08:00:00,2026-05-04T16:00:00,2026-05-04T07:58:00,N,Completed,2,59
AP9002214,WO701936,5079,1003,CSP1,All Day,2026-04-30T08:00:00,2026-04-30T16:00:00,2026-04-30T07:51:00,N,Completed,1,123
AP9002215,WO701937,5179,1008,CSP2,PM,2026-04-30T12:00:00,2026-04-30T16:00:00,2026-04-30T12:15:00,Y,Completed,1,150
AP9002216,WO701938,5200,1007,CSP2,All Day,2026-04-30T08:00:00,2026-04-30T16:00:00,2026-04-30T07:58:00,N,Completed,1,104
AP9002217,WO701939,5107,1007,CSP2,All Day,2026-04-30T08:00:00,2026-04-30T16:00:00,2026-04-30T08:16:00,Y,Completed,1,102
AP9002218,WO701940,5151,1007,CSP2,All Day,2026-04-30T08:00:00,2026-04-30T16:00:00,2026-04-30T07:51:00,N,Completed,1,76
AP9002219,WO701941,5117,1009,CSP2,AM,2026-04-30T08:00:00,2026-04-30T12:00:00,2026-04-30T08:19:00,Y,Completed,1,70
AP9002220,WO701942,5161,1008,CSP2,PM,2026-04-30T12:00:00,2026-04-30T16:00:00,2026-04-30T12:10:00,Y,No Access,1,20
AP9002221,WO701942,5161,1008,CSP2,PM,2026-05-04T12:00:00,2026-05-04T16:00:00,2026-05-04T12:11:00,Y,Completed,2,48
AP9002222,WO701943,5134,1006,CSP2,AM,2026-04-30T08:00:00,2026-04-30T12:00:00,2026-04-30T08:03:00,Y,Completed,1,47
AP9002223,WO701944,5159,1008,CSP2,AM,2026-04-30T08:00:00,2026-04-30T12:00:00,2026-04-30T08:01:00,Y,Completed,1,87
AP9002224,WO701945,5152,1006,CSP2,PM,2026-04-30T12:00:00,2026-04-30T16:00:00,2026-04-30T12:00:00,Y,Completed,1,78
AP9002225,WO701946,5122,1007,CSP2,All Day,2026-04-30T08:00:00,2026-04-30T16:00:00,2026-04-30T07:53:00,N,Completed,1,66
AP9002226,WO701947,5166,1007,CSP2,PM,2026-04-30T12:00:00,2026-04-30T16:00:00,2026-04-30T12:09:00,Y,Completed,1,96
AP9002227,WO701947,5166,1007,CSP2,All Day,2026-05-04T08:00:00,2026-05-04T16:00:00,2026-05-04T08:11:00,Y,Completed,2,66
AP9002228,WO701948,5158,1009,CSP2,All Day,2026-04-30T08:00:00,2026-04-30T16:00:00,2026-04-30T08:17:00,Y,Completed,1,58
AP9002229,WO701949,5175,1008,CSP2,AM,2026-04-30T08:00:00,2026-04-30T12:00:00,2026-04-30T07:52:00,N,No Access,1,86
AP9002230,WO701949,5175,1008,CSP2,AM,2026-05-04T08:00:00,2026-05-04T12:00:00,2026-05-04T07:53:00,N,Completed,2,36
AP9002231,WO701950,5136,1008,CSP2,All Day,2026-04-30T08:00:00,2026-04-30T16:00:00,2026-04-30T07:50:00,N,Completed,1,67
AP9002232,WO701951,5169,1007,CSP2,PM,2026-04-30T12:00:00,2026-04-30T16:00:00,2026-04-30T12:16:00,Y,Completed,1,124
AP9002233,WO701952,5102,1009,CSP2,All Day,2026-04-30T08:00:00,2026-04-30T16:00:00,2026-04-30T08:02:00,Y,Completed,1,112
AP9002234,WO701953,5134,1006,CSP2,All Day,2026-04-30T08:00:00,2026-04-30T16:00:00,2026-04-30T08:01:00,Y,Completed,1,49
AP9002235,WO701954,5194,1007,CSP2,All Day,2026-04-30T08:00:00,2026-04-30T16:00:00,2026-04-30T08:12:00,Y,Completed,1,64
AP9002236,WO701955,5166,1006,CSP2,PM,2026-04-30T12:00:00,2026-04-30T16:00:00,2026-04-30T12:10:00,Y,Completed,1,54
AP9002237,WO701956,5195,1006,CSP2,All Day,2026-04-30T08:00:00,2026-04-30T16:00:00,2026-04-30T08:16:00,Y,Completed,1,83
AP9002238,WO701957,5116,1006,CSP2,AM,2026-04-30T08:00:00,2026-04-30T12:00:00,2026-04-30T08:05:00,Y,Completed,1,69
AP9002239,WO701958,5119,1008,CSP2,PM,2026-04-30T12:00:00,2026-04-30T16:00:00,2026-04-30T12:16:00,Y,Completed,1,48
AP9002240,WO701960,5243,1014,CSP4,All Day,2026-04-30T08:00:00,2026-04-30T16:00:00,2026-04-30T07:51:00,N,Completed,1,107
AP9002241,WO701961,5267,1014,CSP4,AM,2026-04-30T08:00:00,2026-04-30T12:00:00,2026-04-30T08:05:00,Y,Completed,1,63
AP9002242,WO701961,5267,1014,CSP4,PM,2026-05-04T12:00:00,2026-05-04T16:00:00,2026-05-04T11:56:00,N,Completed,2,71
AP9002243,WO701962,5206,1013,CSP4,PM,2026-04-30T12:00:00,2026-04-30T16:00:00,2026-04-30T11:53:00,N,Completed,1,88
AP9002244,WO701963,5270,1013,CSP4,PM,2026-04-30T12:00:00,2026-04-30T16:00:00,2026-04-30T12:01:00,Y,Completed,1,74
AP9002245,WO701964,5289,1012,CSP4,PM,2026-04-30T12:00:00,2026-04-30T16:00:00,2026-04-30T11:58:00,N,Completed,1,87
AP9002246,WO701964,5289,1012,CSP4,All Day,2026-05-04T08:00:00,2026-05-04T16:00:00,2026-05-04T07:58:00,N,Completed,2,98
AP9002247,WO701965,5283,1014,CSP4,PM,2026-04-30T12:00:00,2026-04-30T16:00:00,2026-04-30T11:55:00,N,Completed,1,109
AP9002248,WO701967,5284,1012,CSP4,AM,2026-04-30T08:00:00,2026-04-30T12:00:00,2026-04-30T08:09:00,Y,Completed,1,78
AP9002249,WO701968,5226,1012,CSP4,AM,2026-04-30T08:00:00,2026-04-30T12:00:00,2026-04-30T08:15:00,Y,No Access,1,106
AP9002250,WO701968,5226,1012,CSP4,All Day,2026-05-04T08:00:00,2026-05-04T16:00:00,2026-05-04T08:00:00,Y,Completed,2,28
AP9002251,WO701969,5210,1014,CSP4,All Day,2026-04-30T08:00:00,2026-04-30T16:00:00,2026-04-30T08:05:00,Y,Completed,1,72
AP9002252,WO701969,5210,1014,CSP4,PM,2026-05-04T12:00:00,2026-05-04T16:00:00,2026-05-04T12:13:00,Y,Completed,2,80
AP9002253,WO701970,5220,1012,CSP4,AM,2026-04-30T08:00:00,2026-04-30T12:00:00,2026-04-30T08:19:00,Y,Completed,1,57
AP9002254,WO701973,5247,1011,CSP4,AM,2026-04-30T08:00:00,2026-04-30T12:00:00,2026-04-30T08:20:00,Y,Completed,1,39
AP9002255,WO701974,5222,1013,CSP4,AM,2026-04-30T08:00:00,2026-04-30T12:00:00,2026-04-30T08:16:00,Y,Completed,1,83
AP9002256,WO701975,5268,1011,CSP4,PM,2026-04-30T12:00:00,2026-04-30T16:00:00,2026-04-30T12:06:00,Y,Completed,1,20
AP9002257,WO701976,5282,1011,CSP4,All Day,2026-04-30T08:00:00,2026-04-30T16:00:00,2026-04-30T07:59:00,N,Completed,1,69
AP9002258,WO701977,5229,1012,CSP4,PM,2026-04-30T12:00:00,2026-04-30T16:00:00,2026-04-30T11:59:00,N,Completed,1,68
AP9002259,WO701978,5211,1012,CSP4,All Day,2026-04-30T08:00:00,2026-04-30T16:00:00,2026-04-30T07:55:00,N,Completed,1,79
AP9002260,WO701979,5274,1012,CSP4,PM,2026-04-30T12:00:00,2026-04-30T16:00:00,2026-04-30T12:01:00,Y,Completed,1,57
AP9002261,WO701980,5248,1014,CSP4,PM,2026-04-30T12:00:00,2026-04-30T16:00:00,2026-04-30T12:04:00,Y,Completed,1,88
